<?xml version="1.0" encoding="UTF-8" standalone="no"?>
<!DOCTYPE log SYSTEM "logger.dtd">
<log>
<record>
  <date>2026-05-08T06:32:48.640477Z</date>
  <millis>1778221968640</millis>
  <nanos>477000</nanos>
  <sequence>0</sequence>
  <level>START</level>
  <class>com.kms.katalon.core.logging.XmlKeywordLogger</class>
  <method>startSuite</method>
  <thread>1</thread>
  <message>Start Test Suite : Test Suites/Login</message>
  <nestedLevel>0</nestedLevel>
  <escapedJava>false</escapedJava>
  <property name="rerunTestFailImmediately">true</property>
  <property name="retryCount">3</property>
  <property name="name">Login</property>
  <property name="description"></property>
  <property name="id">Test Suites/Login</property>
</record>
<record>
  <date>2026-05-08T06:32:48.653325Z</date>
  <millis>1778221968653</millis>
  <nanos>325000</nanos>
  <sequence>1</sequence>
  <level>RUN_DATA</level>
  <class>com.kms.katalon.core.logging.XmlKeywordLogger</class>
  <method>logMessage</method>
  <thread>1</thread>
  <message>userFullName = Muhammad Faza Abiyyu</message>
  <nestedLevel>0</nestedLevel>
  <escapedJava>false</escapedJava>
  <property name="userFullName">Muhammad Faza Abiyyu</property>
</record>
<record>
  <date>2026-05-08T06:32:48.654307Z</date>
  <millis>1778221968654</millis>
  <nanos>307000</nanos>
  <sequence>2</sequence>
  <level>RUN_DATA</level>
  <class>com.kms.katalon.core.logging.XmlKeywordLogger</class>
  <method>logMessage</method>
  <thread>1</thread>
  <message>projectName = KATALON_QWERTY</message>
  <nestedLevel>0</nestedLevel>
  <escapedJava>false</escapedJava>
  <property name="projectName">KATALON_QWERTY</property>
</record>
<record>
  <date>2026-05-08T06:32:48.654871Z</date>
  <millis>1778221968654</millis>
  <nanos>871000</nanos>
  <sequence>3</sequence>
  <level>RUN_DATA</level>
  <class>com.kms.katalon.core.logging.XmlKeywordLogger</class>
  <method>logMessage</method>
  <thread>1</thread>
  <message>hostName = fazza_abiyyu - 192.168.18.51</message>
  <nestedLevel>0</nestedLevel>
  <escapedJava>false</escapedJava>
  <property name="hostName">fazza_abiyyu - 192.168.18.51</property>
</record>
<record>
  <date>2026-05-08T06:32:48.655347Z</date>
  <millis>1778221968655</millis>
  <nanos>347000</nanos>
  <sequence>4</sequence>
  <level>RUN_DATA</level>
  <class>com.kms.katalon.core.logging.XmlKeywordLogger</class>
  <method>logMessage</method>
  <thread>1</thread>
  <message>os = Mac OS X 64bit</message>
  <nestedLevel>0</nestedLevel>
  <escapedJava>false</escapedJava>
  <property name="os">Mac OS X 64bit</property>
</record>
<record>
  <date>2026-05-08T06:32:48.655746Z</date>
  <millis>1778221968655</millis>
  <nanos>746000</nanos>
  <sequence>5</sequence>
  <level>RUN_DATA</level>
  <class>com.kms.katalon.core.logging.XmlKeywordLogger</class>
  <method>logMessage</method>
  <thread>1</thread>
  <message>hostAddress = 192.168.18.51</message>
  <nestedLevel>0</nestedLevel>
  <escapedJava>false</escapedJava>
  <property name="hostAddress">192.168.18.51</property>
</record>
<record>
  <date>2026-05-08T06:32:48.656332Z</date>
  <millis>1778221968656</millis>
  <nanos>332000</nanos>
  <sequence>6</sequence>
  <level>RUN_DATA</level>
  <class>com.kms.katalon.core.logging.XmlKeywordLogger</class>
  <method>logMessage</method>
  <thread>1</thread>
  <message>katalonVersion = 11.1.2.0</message>
  <nestedLevel>0</nestedLevel>
  <escapedJava>false</escapedJava>
  <property name="katalonVersion">11.1.2.0</property>
</record>
<record>
  <date>2026-05-08T06:32:48.827816Z</date>
  <millis>1778221968827</millis>
  <nanos>816000</nanos>
  <sequence>7</sequence>
  <level>START</level>
  <class>com.kms.katalon.core.logging.XmlKeywordLogger</class>
  <method>startTest</method>
  <thread>1</thread>
  <message>Start Test Case : Test Cases/Login Verification/Login with valid credentials</message>
  <nestedLevel>1</nestedLevel>
  <escapedJava>false</escapedJava>
  <property name="remainingRetryCount">3</property>
  <property name="origin">WEB_RECORDER</property>
  <property name="name">Test Cases/Login Verification/Login with valid credentials</property>
  <property name="description"></property>
  <property name="iteration"></property>
  <property name="id">Test Cases/Login Verification/Login with valid credentials</property>
  <property name="source">\Users\fazza_abiyyu\Documents\Projects\Hobby\KATALON_QWERTY\Test Cases\Login Verification\Login with valid credentials.tc</property>
  <property name="tag">auth</property>
  <property name="isOptional">false</property>
  <property name="uuid">f5677ef9-9dbf-4b29-8e35-3f5a621ae197</property>
  <property name="currentRetryCount">0</property>
</record>
<record>
  <date>2026-05-08T06:32:48.871996Z</date>
  <millis>1778221968871</millis>
  <nanos>996000</nanos>
  <sequence>9</sequence>
  <level>INFO</level>
  <class>com.kms.katalon.core.logging.XmlKeywordLogger</class>
  <method>logMessage</method>
  <thread>1</thread>
  <message>email = test01@qwerty.com</message>
  <nestedLevel>1</nestedLevel>
  <escapedJava>false</escapedJava>
</record>
<record>
  <date>2026-05-08T06:32:48.873288Z</date>
  <millis>1778221968873</millis>
  <nanos>288000</nanos>
  <sequence>10</sequence>
  <level>INFO</level>
  <class>com.kms.katalon.core.logging.XmlKeywordLogger</class>
  <method>logMessage</method>
  <thread>1</thread>
  <message>password = User@001</message>
  <nestedLevel>1</nestedLevel>
  <escapedJava>false</escapedJava>
</record>
<record>
  <date>2026-05-08T06:32:48.875484Z</date>
  <millis>1778221968875</millis>
  <nanos>484000</nanos>
  <sequence>11</sequence>
  <level>RUN_DATA</level>
  <class>com.kms.katalon.core.logging.XmlKeywordLogger</class>
  <method>logMessage</method>
  <thread>1</thread>
  <message>executionBindingVariables = [
  {
    &amp;quot;value&amp;quot;: &amp;quot;test01@qwerty.com&amp;quot;,
    &amp;quot;isDefault&amp;quot;: false,
    &amp;quot;name&amp;quot;: &amp;quot;email&amp;quot;,
    &amp;quot;masked&amp;quot;: false
  },
  {
    &amp;quot;value&amp;quot;: &amp;quot;User@001&amp;quot;,
    &amp;quot;isDefault&amp;quot;: false,
    &amp;quot;name&amp;quot;: &amp;quot;password&amp;quot;,
    &amp;quot;masked&amp;quot;: false
  }
]</message>
  <nestedLevel>1</nestedLevel>
  <escapedJava>false</escapedJava>
  <property name="executionBindingVariables">[
  {
    &quot;value&quot;: &quot;test01@qwerty.com&quot;,
    &quot;isDefault&quot;: false,
    &quot;name&quot;: &quot;email&quot;,
    &quot;masked&quot;: false
  },
  {
    &quot;value&quot;: &quot;User@001&quot;,
    &quot;isDefault&quot;: false,
    &quot;name&quot;: &quot;password&quot;,
    &quot;masked&quot;: false
  }
]</property>
</record>
<record>
  <date>2026-05-08T06:32:49.170712Z</date>
  <millis>1778221969170</millis>
  <nanos>712000</nanos>
  <sequence>12</sequence>
  <level>START</level>
  <class>com.kms.katalon.core.logging.XmlKeywordLogger</class>
  <method>startKeyword</method>
  <thread>1</thread>
  <message>Start action : openBrowser(&amp;quot;&amp;quot;)</message>
  <nestedLevel>1</nestedLevel>
  <escapedJava>false</escapedJava>
  <property name="startLine">20</property>
  <property name="stepIndex">1</property>
</record>
<record>
  <date>2026-05-08T06:32:49.383327Z</date>
  <millis>1778221969383</millis>
  <nanos>327000</nanos>
  <sequence>15</sequence>
  <level>INFO</level>
  <class>com.kms.katalon.core.logging.XmlKeywordLogger</class>
  <method>logMessage</method>
  <thread>1</thread>
  <message>Starting &amp;apos;Chrome&amp;apos; driver</message>
  <nestedLevel>1</nestedLevel>
  <escapedJava>false</escapedJava>
</record>
<record>
  <date>2026-05-08T06:32:49.418872Z</date>
  <millis>1778221969418</millis>
  <nanos>872000</nanos>
  <sequence>16</sequence>
  <level>INFO</level>
  <class>com.kms.katalon.core.logging.XmlKeywordLogger</class>
  <method>logMessage</method>
  <thread>1</thread>
  <message>Action delay is set to 0 milliseconds</message>
  <nestedLevel>1</nestedLevel>
  <escapedJava>false</escapedJava>
</record>
<record>
  <date>2026-05-08T06:32:52.525756Z</date>
  <millis>1778221972525</millis>
  <nanos>756000</nanos>
  <sequence>18</sequence>
  <level>RUN_DATA</level>
  <class>com.kms.katalon.core.logging.XmlKeywordLogger</class>
  <method>logMessage</method>
  <thread>1</thread>
  <message>sessionId = 32fdd27fa807236d058c56d7cfbcc2c0</message>
  <nestedLevel>1</nestedLevel>
  <escapedJava>false</escapedJava>
  <property name="sessionId">32fdd27fa807236d058c56d7cfbcc2c0</property>
</record>
<record>
  <date>2026-05-08T06:32:52.526854Z</date>
  <millis>1778221972526</millis>
  <nanos>854000</nanos>
  <sequence>19</sequence>
  <level>RUN_DATA</level>
  <class>com.kms.katalon.core.logging.XmlKeywordLogger</class>
  <method>logMessage</method>
  <thread>1</thread>
  <message>browser = Chrome 147.0.7727.138</message>
  <nestedLevel>1</nestedLevel>
  <escapedJava>false</escapedJava>
  <property name="browser">Chrome 147.0.7727.138</property>
</record>
<record>
  <date>2026-05-08T06:32:52.527387Z</date>
  <millis>1778221972527</millis>
  <nanos>387000</nanos>
  <sequence>20</sequence>
  <level>RUN_DATA</level>
  <class>com.kms.katalon.core.logging.XmlKeywordLogger</class>
  <method>logMessage</method>
  <thread>1</thread>
  <message>platform = Mac OS X</message>
  <nestedLevel>1</nestedLevel>
  <escapedJava>false</escapedJava>
  <property name="platform">Mac OS X</property>
</record>
<record>
  <date>2026-05-08T06:32:52.527816Z</date>
  <millis>1778221972527</millis>
  <nanos>816000</nanos>
  <sequence>21</sequence>
  <level>RUN_DATA</level>
  <class>com.kms.katalon.core.logging.XmlKeywordLogger</class>
  <method>logMessage</method>
  <thread>1</thread>
  <message>seleniumVersion = 4.39.0</message>
  <nestedLevel>1</nestedLevel>
  <escapedJava>false</escapedJava>
  <property name="seleniumVersion">4.39.0</property>
</record>
<record>
  <date>2026-05-08T06:32:52.532923Z</date>
  <millis>1778221972532</millis>
  <nanos>923000</nanos>
  <sequence>22</sequence>
  <level>RUN_DATA</level>
  <class>com.kms.katalon.core.logging.XmlKeywordLogger</class>
  <method>logMessage</method>
  <thread>1</thread>
  <message>proxyInformation = ProxyInformation { proxyOption=NO_PROXY, proxyServerType=HTTP, username=, password=********, proxyServerAddress=, proxyServerPort=0, executionList=&amp;quot;&amp;quot;, isApplyToDesiredCapabilities=true }</message>
  <nestedLevel>1</nestedLevel>
  <escapedJava>false</escapedJava>
  <property name="proxyInformation">ProxyInformation { proxyOption=NO_PROXY, proxyServerType=HTTP, username=, password=********, proxyServerAddress=, proxyServerPort=0, executionList=&quot;&quot;, isApplyToDesiredCapabilities=true }</property>
</record>
<record>
  <date>2026-05-08T06:32:52.554657Z</date>
  <millis>1778221972554</millis>
  <nanos>657000</nanos>
  <sequence>23</sequence>
  <level>PASSED</level>
  <class>com.kms.katalon.core.logging.XmlKeywordLogger</class>
  <method>logMessage</method>
  <thread>1</thread>
  <message>Browser is opened with url: &amp;apos;&amp;apos;</message>
  <nestedLevel>1</nestedLevel>
  <escapedJava>false</escapedJava>
  <property name="testops-method-name">com.kms.katalon.core.webui.keyword.builtin.OpenBrowserKeyword.openBrowser</property>
  <property name="testops-execution-stacktrace"></property>
</record>
<record>
  <date>2026-05-08T06:32:52.555971Z</date>
  <millis>1778221972555</millis>
  <nanos>971000</nanos>
  <sequence>24</sequence>
  <level>END</level>
  <class>com.kms.katalon.core.logging.XmlKeywordLogger</class>
  <method>endKeyword</method>
  <thread>1</thread>
  <message>End action : openBrowser(&amp;quot;&amp;quot;)</message>
  <nestedLevel>1</nestedLevel>
  <escapedJava>false</escapedJava>
</record>
<record>
  <date>2026-05-08T06:32:52.556187Z</date>
  <millis>1778221972556</millis>
  <nanos>187000</nanos>
  <sequence>25</sequence>
  <level>START</level>
  <class>com.kms.katalon.core.logging.XmlKeywordLogger</class>
  <method>startKeyword</method>
  <thread>1</thread>
  <message>Start action : navigateToUrl(&amp;quot;https://qwerty.abiyyu.xyz/&amp;quot;)</message>
  <nestedLevel>1</nestedLevel>
  <escapedJava>false</escapedJava>
  <property name="startLine">22</property>
  <property name="stepIndex">2</property>
</record>
<record>
  <date>2026-05-08T06:32:53.448601Z</date>
  <millis>1778221973448</millis>
  <nanos>601000</nanos>
  <sequence>29</sequence>
  <level>PASSED</level>
  <class>com.kms.katalon.core.logging.XmlKeywordLogger</class>
  <method>logMessage</method>
  <thread>1</thread>
  <message>Navigate to &amp;apos;https://qwerty.abiyyu.xyz/&amp;apos; successfully</message>
  <nestedLevel>1</nestedLevel>
  <escapedJava>false</escapedJava>
  <property name="testops-method-name">com.kms.katalon.core.webui.keyword.builtin.NavigateToUrlKeyword.navigateToUrl</property>
  <property name="testops-execution-stacktrace"></property>
</record>
<record>
  <date>2026-05-08T06:32:53.453019Z</date>
  <millis>1778221973453</millis>
  <nanos>19000</nanos>
  <sequence>30</sequence>
  <level>END</level>
  <class>com.kms.katalon.core.logging.XmlKeywordLogger</class>
  <method>endKeyword</method>
  <thread>1</thread>
  <message>End action : navigateToUrl(&amp;quot;https://qwerty.abiyyu.xyz/&amp;quot;)</message>
  <nestedLevel>1</nestedLevel>
  <escapedJava>false</escapedJava>
</record>
<record>
  <date>2026-05-08T06:32:53.455671Z</date>
  <millis>1778221973455</millis>
  <nanos>671000</nanos>
  <sequence>31</sequence>
  <level>START</level>
  <class>com.kms.katalon.core.logging.XmlKeywordLogger</class>
  <method>startKeyword</method>
  <thread>1</thread>
  <message>Start action : click(findTestObject(&amp;quot;Login/icon_sign_in&amp;quot;))</message>
  <nestedLevel>1</nestedLevel>
  <escapedJava>false</escapedJava>
  <property name="startLine">24</property>
  <property name="stepIndex">3</property>
</record>
<record>
  <date>2026-05-08T06:32:54.296559Z</date>
  <millis>1778221974296</millis>
  <nanos>559000</nanos>
  <sequence>42</sequence>
  <level>PASSED</level>
  <class>com.kms.katalon.core.logging.XmlKeywordLogger</class>
  <method>logMessage</method>
  <thread>1</thread>
  <message>Object: &amp;apos;Object Repository/Login/icon_sign_in&amp;apos; is clicked on</message>
  <nestedLevel>1</nestedLevel>
  <escapedJava>false</escapedJava>
  <property name="testops-method-name">com.kms.katalon.core.webui.keyword.internal.WebUIKeywordMain.runKeywordUntilTimeout</property>
  <property name="testops-execution-stacktrace">com.kms.katalon.core.logging.KeywordLogger.logPassed(KeywordLogger.java:350)
com.kms.katalon.core.logging.KeywordLogger.logPassed(KeywordLogger.java:345)
com.kms.katalon.core.webui.keyword.builtin.ClickKeyword$_click_closure1.doCall(ClickKeyword.groovy:66)
java.base/jdk.internal.reflect.DirectMethodHandleAccessor.invoke(DirectMethodHandleAccessor.java:103)
jdk.proxy2/jdk.proxy2.$Proxy56.execute(Unknown Source)
com.kms.katalon.core.webui.model.SeleniumActionRetryController.performAction(SeleniumActionRetryController.java:96)
com.kms.katalon.core.webui.model.SeleniumActionRetryController.performAction(SeleniumActionRetryController.java:83)
com.kms.katalon.core.webui.keyword.internal.WebUIKeywordMain$_runKeywordUntilTimeout_closure1.doCall(WebUIKeywordMain.groovy:135)
com.kms.katalon.core.webui.keyword.internal.WebUIKeywordMain$_runKeywordUntilTimeout_closure1.call(WebUIKeywordMain.groovy)
com.kms.katalon.core.webui.keyword.internal.WebUIKeywordMain.runKeyword(WebUIKeywordMain.groovy:41)
com.kms.katalon.core.webui.keyword.internal.WebUIKeywordMain.runKeywordUntilTimeout(WebUIKeywordMain.groovy:133)
com.kms.katalon.core.webui.keyword.builtin.ClickKeyword.click(ClickKeyword.groovy:72)
com.kms.katalon.core.webui.keyword.builtin.ClickKeyword.execute(ClickKeyword.groovy:38)
com.kms.katalon.core.keyword.internal.KeywordExecutor.executeKeywordForPlatform(KeywordExecutor.groovy:99)
com.kms.katalon.core.webui.keyword.WebUiBuiltInKeywords.click(WebUiBuiltInKeywords.groovy:722)
Login with valid credentials.run(Login with valid credentials:24)
</property>
</record>
<record>
  <date>2026-05-08T06:32:54.300378Z</date>
  <millis>1778221974300</millis>
  <nanos>378000</nanos>
  <sequence>43</sequence>
  <level>END</level>
  <class>com.kms.katalon.core.logging.XmlKeywordLogger</class>
  <method>endKeyword</method>
  <thread>1</thread>
  <message>End action : click(findTestObject(&amp;quot;Login/icon_sign_in&amp;quot;))</message>
  <nestedLevel>1</nestedLevel>
  <escapedJava>false</escapedJava>
</record>
<record>
  <date>2026-05-08T06:32:54.301124Z</date>
  <millis>1778221974301</millis>
  <nanos>124000</nanos>
  <sequence>44</sequence>
  <level>START</level>
  <class>com.kms.katalon.core.logging.XmlKeywordLogger</class>
  <method>startKeyword</method>
  <thread>1</thread>
  <message>Start action : setText(findTestObject(&amp;quot;Login/email_field&amp;quot;), email)</message>
  <nestedLevel>1</nestedLevel>
  <escapedJava>false</escapedJava>
  <property name="startLine">26</property>
  <property name="stepIndex">4</property>
</record>
<record>
  <date>2026-05-08T06:32:55.471043Z</date>
  <millis>1778221975471</millis>
  <nanos>43000</nanos>
  <sequence>58</sequence>
  <level>PASSED</level>
  <class>com.kms.katalon.core.logging.XmlKeywordLogger</class>
  <method>logMessage</method>
  <thread>1</thread>
  <message>Text &amp;apos;test01@qwerty.com&amp;apos; is set on object &amp;apos;Object Repository/Login/email_field&amp;apos;</message>
  <nestedLevel>1</nestedLevel>
  <escapedJava>false</escapedJava>
  <property name="testops-method-name">com.kms.katalon.core.webui.keyword.internal.WebUIKeywordMain.runKeywordUntilTimeout</property>
  <property name="testops-execution-stacktrace">com.kms.katalon.core.logging.KeywordLogger.logPassed(KeywordLogger.java:350)
com.kms.katalon.core.logging.KeywordLogger.logPassed(KeywordLogger.java:345)
com.kms.katalon.core.webui.keyword.builtin.SetTextKeyword$_setText_closure1.doCall(SetTextKeyword.groovy:99)
java.base/jdk.internal.reflect.DirectMethodHandleAccessor.invoke(DirectMethodHandleAccessor.java:103)
jdk.proxy2/jdk.proxy2.$Proxy56.execute(Unknown Source)
com.kms.katalon.core.webui.model.SeleniumActionRetryController.performAction(SeleniumActionRetryController.java:96)
com.kms.katalon.core.webui.model.SeleniumActionRetryController.performAction(SeleniumActionRetryController.java:83)
com.kms.katalon.core.webui.keyword.internal.WebUIKeywordMain$_runKeywordUntilTimeout_closure1.doCall(WebUIKeywordMain.groovy:135)
com.kms.katalon.core.webui.keyword.internal.WebUIKeywordMain$_runKeywordUntilTimeout_closure1.call(WebUIKeywordMain.groovy)
com.kms.katalon.core.webui.keyword.internal.WebUIKeywordMain.runKeyword(WebUIKeywordMain.groovy:41)
com.kms.katalon.core.webui.keyword.internal.WebUIKeywordMain.runKeywordUntilTimeout(WebUIKeywordMain.groovy:133)
com.kms.katalon.core.webui.keyword.builtin.SetTextKeyword.setText(SetTextKeyword.groovy:106)
com.kms.katalon.core.webui.keyword.builtin.SetTextKeyword.execute(SetTextKeyword.groovy:49)
com.kms.katalon.core.keyword.internal.KeywordExecutor.executeKeywordForPlatform(KeywordExecutor.groovy:99)
com.kms.katalon.core.webui.keyword.WebUiBuiltInKeywords.setText(WebUiBuiltInKeywords.groovy:1082)
Login with valid credentials.run(Login with valid credentials:26)
</property>
</record>
<record>
  <date>2026-05-08T06:32:55.473133Z</date>
  <millis>1778221975473</millis>
  <nanos>133000</nanos>
  <sequence>59</sequence>
  <level>END</level>
  <class>com.kms.katalon.core.logging.XmlKeywordLogger</class>
  <method>endKeyword</method>
  <thread>1</thread>
  <message>End action : setText(findTestObject(&amp;quot;Login/email_field&amp;quot;), email)</message>
  <nestedLevel>1</nestedLevel>
  <escapedJava>false</escapedJava>
</record>
<record>
  <date>2026-05-08T06:32:55.473503Z</date>
  <millis>1778221975473</millis>
  <nanos>503000</nanos>
  <sequence>60</sequence>
  <level>START</level>
  <class>com.kms.katalon.core.logging.XmlKeywordLogger</class>
  <method>startKeyword</method>
  <thread>1</thread>
  <message>Start action : setText(findTestObject(&amp;quot;Login/password_field&amp;quot;), password)</message>
  <nestedLevel>1</nestedLevel>
  <escapedJava>false</escapedJava>
  <property name="startLine">28</property>
  <property name="stepIndex">5</property>
</record>
<record>
  <date>2026-05-08T06:32:56.037093Z</date>
  <millis>1778221976037</millis>
  <nanos>93000</nanos>
  <sequence>74</sequence>
  <level>PASSED</level>
  <class>com.kms.katalon.core.logging.XmlKeywordLogger</class>
  <method>logMessage</method>
  <thread>1</thread>
  <message>Text &amp;apos;User@001&amp;apos; is set on object &amp;apos;Object Repository/Login/password_field&amp;apos;</message>
  <nestedLevel>1</nestedLevel>
  <escapedJava>false</escapedJava>
  <property name="testops-method-name">com.kms.katalon.core.webui.keyword.internal.WebUIKeywordMain.runKeywordUntilTimeout</property>
  <property name="testops-execution-stacktrace">com.kms.katalon.core.logging.KeywordLogger.logPassed(KeywordLogger.java:350)
com.kms.katalon.core.logging.KeywordLogger.logPassed(KeywordLogger.java:345)
com.kms.katalon.core.webui.keyword.builtin.SetTextKeyword$_setText_closure1.doCall(SetTextKeyword.groovy:99)
java.base/jdk.internal.reflect.DirectMethodHandleAccessor.invoke(DirectMethodHandleAccessor.java:103)
jdk.proxy2/jdk.proxy2.$Proxy56.execute(Unknown Source)
com.kms.katalon.core.webui.model.SeleniumActionRetryController.performAction(SeleniumActionRetryController.java:96)
com.kms.katalon.core.webui.model.SeleniumActionRetryController.performAction(SeleniumActionRetryController.java:83)
com.kms.katalon.core.webui.keyword.internal.WebUIKeywordMain$_runKeywordUntilTimeout_closure1.doCall(WebUIKeywordMain.groovy:135)
com.kms.katalon.core.webui.keyword.internal.WebUIKeywordMain$_runKeywordUntilTimeout_closure1.call(WebUIKeywordMain.groovy)
com.kms.katalon.core.webui.keyword.internal.WebUIKeywordMain.runKeyword(WebUIKeywordMain.groovy:41)
com.kms.katalon.core.webui.keyword.internal.WebUIKeywordMain.runKeywordUntilTimeout(WebUIKeywordMain.groovy:133)
com.kms.katalon.core.webui.keyword.builtin.SetTextKeyword.setText(SetTextKeyword.groovy:106)
com.kms.katalon.core.webui.keyword.builtin.SetTextKeyword.execute(SetTextKeyword.groovy:49)
com.kms.katalon.core.keyword.internal.KeywordExecutor.executeKeywordForPlatform(KeywordExecutor.groovy:99)
com.kms.katalon.core.webui.keyword.WebUiBuiltInKeywords.setText(WebUiBuiltInKeywords.groovy:1082)
Login with valid credentials.run(Login with valid credentials:28)
</property>
</record>
<record>
  <date>2026-05-08T06:32:56.040120Z</date>
  <millis>1778221976040</millis>
  <nanos>120000</nanos>
  <sequence>75</sequence>
  <level>END</level>
  <class>com.kms.katalon.core.logging.XmlKeywordLogger</class>
  <method>endKeyword</method>
  <thread>1</thread>
  <message>End action : setText(findTestObject(&amp;quot;Login/password_field&amp;quot;), password)</message>
  <nestedLevel>1</nestedLevel>
  <escapedJava>false</escapedJava>
</record>
<record>
  <date>2026-05-08T06:32:56.040461Z</date>
  <millis>1778221976040</millis>
  <nanos>461000</nanos>
  <sequence>76</sequence>
  <level>START</level>
  <class>com.kms.katalon.core.logging.XmlKeywordLogger</class>
  <method>startKeyword</method>
  <thread>1</thread>
  <message>Start action : click(findTestObject(&amp;quot;Login/btn_sign_in&amp;quot;))</message>
  <nestedLevel>1</nestedLevel>
  <escapedJava>false</escapedJava>
  <property name="startLine">30</property>
  <property name="stepIndex">6</property>
</record>
<record>
  <date>2026-05-08T06:32:56.540357Z</date>
  <millis>1778221976540</millis>
  <nanos>357000</nanos>
  <sequence>87</sequence>
  <level>PASSED</level>
  <class>com.kms.katalon.core.logging.XmlKeywordLogger</class>
  <method>logMessage</method>
  <thread>1</thread>
  <message>Object: &amp;apos;Object Repository/Login/btn_sign_in&amp;apos; is clicked on</message>
  <nestedLevel>1</nestedLevel>
  <escapedJava>false</escapedJava>
  <property name="testops-method-name">com.kms.katalon.core.webui.keyword.internal.WebUIKeywordMain.runKeywordUntilTimeout</property>
  <property name="testops-execution-stacktrace">com.kms.katalon.core.logging.KeywordLogger.logPassed(KeywordLogger.java:350)
com.kms.katalon.core.logging.KeywordLogger.logPassed(KeywordLogger.java:345)
com.kms.katalon.core.webui.keyword.builtin.ClickKeyword$_click_closure1.doCall(ClickKeyword.groovy:66)
java.base/jdk.internal.reflect.DirectMethodHandleAccessor.invoke(DirectMethodHandleAccessor.java:103)
jdk.proxy2/jdk.proxy2.$Proxy56.execute(Unknown Source)
com.kms.katalon.core.webui.model.SeleniumActionRetryController.performAction(SeleniumActionRetryController.java:96)
com.kms.katalon.core.webui.model.SeleniumActionRetryController.performAction(SeleniumActionRetryController.java:83)
com.kms.katalon.core.webui.keyword.internal.WebUIKeywordMain$_runKeywordUntilTimeout_closure1.doCall(WebUIKeywordMain.groovy:135)
com.kms.katalon.core.webui.keyword.internal.WebUIKeywordMain$_runKeywordUntilTimeout_closure1.call(WebUIKeywordMain.groovy)
com.kms.katalon.core.webui.keyword.internal.WebUIKeywordMain.runKeyword(WebUIKeywordMain.groovy:41)
com.kms.katalon.core.webui.keyword.internal.WebUIKeywordMain.runKeywordUntilTimeout(WebUIKeywordMain.groovy:133)
com.kms.katalon.core.webui.keyword.builtin.ClickKeyword.click(ClickKeyword.groovy:72)
com.kms.katalon.core.webui.keyword.builtin.ClickKeyword.execute(ClickKeyword.groovy:38)
com.kms.katalon.core.keyword.internal.KeywordExecutor.executeKeywordForPlatform(KeywordExecutor.groovy:99)
com.kms.katalon.core.webui.keyword.WebUiBuiltInKeywords.click(WebUiBuiltInKeywords.groovy:722)
Login with valid credentials.run(Login with valid credentials:30)
</property>
</record>
<record>
  <date>2026-05-08T06:32:56.542400Z</date>
  <millis>1778221976542</millis>
  <nanos>400000</nanos>
  <sequence>88</sequence>
  <level>END</level>
  <class>com.kms.katalon.core.logging.XmlKeywordLogger</class>
  <method>endKeyword</method>
  <thread>1</thread>
  <message>End action : click(findTestObject(&amp;quot;Login/btn_sign_in&amp;quot;))</message>
  <nestedLevel>1</nestedLevel>
  <escapedJava>false</escapedJava>
</record>
<record>
  <date>2026-05-08T06:32:56.542925Z</date>
  <millis>1778221976542</millis>
  <nanos>925000</nanos>
  <sequence>89</sequence>
  <level>START</level>
  <class>com.kms.katalon.core.logging.XmlKeywordLogger</class>
  <method>startKeyword</method>
  <thread>1</thread>
  <message>Start action : click(findTestObject(&amp;quot;Login/box_icon_profile&amp;quot;))</message>
  <nestedLevel>1</nestedLevel>
  <escapedJava>false</escapedJava>
  <property name="startLine">32</property>
  <property name="stepIndex">7</property>
</record>
<record>
  <date>2026-05-08T06:32:58.449039Z</date>
  <millis>1778221978449</millis>
  <nanos>39000</nanos>
  <sequence>100</sequence>
  <level>PASSED</level>
  <class>com.kms.katalon.core.logging.XmlKeywordLogger</class>
  <method>logMessage</method>
  <thread>1</thread>
  <message>Object: &amp;apos;Object Repository/Login/box_icon_profile&amp;apos; is clicked on</message>
  <nestedLevel>1</nestedLevel>
  <escapedJava>false</escapedJava>
  <property name="testops-method-name">com.kms.katalon.core.webui.keyword.internal.WebUIKeywordMain.runKeywordUntilTimeout</property>
  <property name="testops-execution-stacktrace">com.kms.katalon.core.logging.KeywordLogger.logPassed(KeywordLogger.java:350)
com.kms.katalon.core.logging.KeywordLogger.logPassed(KeywordLogger.java:345)
com.kms.katalon.core.webui.keyword.builtin.ClickKeyword$_click_closure1.doCall(ClickKeyword.groovy:66)
java.base/jdk.internal.reflect.DirectMethodHandleAccessor.invoke(DirectMethodHandleAccessor.java:103)
jdk.proxy2/jdk.proxy2.$Proxy56.execute(Unknown Source)
com.kms.katalon.core.webui.model.SeleniumActionRetryController.performAction(SeleniumActionRetryController.java:96)
com.kms.katalon.core.webui.model.SeleniumActionRetryController.performAction(SeleniumActionRetryController.java:83)
com.kms.katalon.core.webui.keyword.internal.WebUIKeywordMain$_runKeywordUntilTimeout_closure1.doCall(WebUIKeywordMain.groovy:135)
com.kms.katalon.core.webui.keyword.internal.WebUIKeywordMain$_runKeywordUntilTimeout_closure1.call(WebUIKeywordMain.groovy)
com.kms.katalon.core.webui.keyword.internal.WebUIKeywordMain.runKeyword(WebUIKeywordMain.groovy:41)
com.kms.katalon.core.webui.keyword.internal.WebUIKeywordMain.runKeywordUntilTimeout(WebUIKeywordMain.groovy:133)
com.kms.katalon.core.webui.keyword.builtin.ClickKeyword.click(ClickKeyword.groovy:72)
com.kms.katalon.core.webui.keyword.builtin.ClickKeyword.execute(ClickKeyword.groovy:38)
com.kms.katalon.core.keyword.internal.KeywordExecutor.executeKeywordForPlatform(KeywordExecutor.groovy:99)
com.kms.katalon.core.webui.keyword.WebUiBuiltInKeywords.click(WebUiBuiltInKeywords.groovy:722)
Login with valid credentials.run(Login with valid credentials:32)
</property>
</record>
<record>
  <date>2026-05-08T06:32:58.450647Z</date>
  <millis>1778221978450</millis>
  <nanos>647000</nanos>
  <sequence>101</sequence>
  <level>END</level>
  <class>com.kms.katalon.core.logging.XmlKeywordLogger</class>
  <method>endKeyword</method>
  <thread>1</thread>
  <message>End action : click(findTestObject(&amp;quot;Login/box_icon_profile&amp;quot;))</message>
  <nestedLevel>1</nestedLevel>
  <escapedJava>false</escapedJava>
</record>
<record>
  <date>2026-05-08T06:32:58.450827Z</date>
  <millis>1778221978450</millis>
  <nanos>827000</nanos>
  <sequence>102</sequence>
  <level>START</level>
  <class>com.kms.katalon.core.logging.XmlKeywordLogger</class>
  <method>startKeyword</method>
  <thread>1</thread>
  <message>Start action : closeBrowser()</message>
  <nestedLevel>1</nestedLevel>
  <escapedJava>false</escapedJava>
  <property name="startLine">34</property>
  <property name="stepIndex">8</property>
</record>
<record>
  <date>2026-05-08T06:32:58.566490Z</date>
  <millis>1778221978566</millis>
  <nanos>490000</nanos>
  <sequence>105</sequence>
  <level>PASSED</level>
  <class>com.kms.katalon.core.logging.XmlKeywordLogger</class>
  <method>logMessage</method>
  <thread>1</thread>
  <message>Browser is closed</message>
  <nestedLevel>1</nestedLevel>
  <escapedJava>false</escapedJava>
  <property name="testops-method-name">com.kms.katalon.core.webui.keyword.builtin.CloseBrowserKeyword.closeBrowser</property>
  <property name="testops-execution-stacktrace"></property>
</record>
<record>
  <date>2026-05-08T06:32:58.566915Z</date>
  <millis>1778221978566</millis>
  <nanos>915000</nanos>
  <sequence>106</sequence>
  <level>END</level>
  <class>com.kms.katalon.core.logging.XmlKeywordLogger</class>
  <method>endKeyword</method>
  <thread>1</thread>
  <message>End action : closeBrowser()</message>
  <nestedLevel>1</nestedLevel>
  <escapedJava>false</escapedJava>
</record>
<record>
  <date>2026-05-08T06:32:58.567100Z</date>
  <millis>1778221978567</millis>
  <nanos>100000</nanos>
  <sequence>107</sequence>
  <level>PASSED</level>
  <class>com.kms.katalon.core.logging.XmlKeywordLogger</class>
  <method>logMessage</method>
  <thread>1</thread>
  <message>Test Cases/Login Verification/Login with valid credentials</message>
  <nestedLevel>1</nestedLevel>
  <escapedJava>false</escapedJava>
</record>
<record>
  <date>2026-05-08T06:32:58.567975Z</date>
  <millis>1778221978567</millis>
  <nanos>975000</nanos>
  <sequence>108</sequence>
  <level>END</level>
  <class>com.kms.katalon.core.logging.XmlKeywordLogger</class>
  <method>endTest</method>
  <thread>1</thread>
  <message>End Test Case : Test Cases/Login Verification/Login with valid credentials</message>
  <nestedLevel>0</nestedLevel>
  <escapedJava>false</escapedJava>
  <property name="executionBindingVariables">[
  {
    &quot;value&quot;: &quot;test01@qwerty.com&quot;,
    &quot;isDefault&quot;: false,
    &quot;name&quot;: &quot;email&quot;,
    &quot;masked&quot;: false
  },
  {
    &quot;value&quot;: &quot;User@001&quot;,
    &quot;isDefault&quot;: false,
    &quot;name&quot;: &quot;password&quot;,
    &quot;masked&quot;: false
  }
]</property>
  <property name="applitools">false</property>
  <property name="remainingRetryCount">3</property>
  <property name="executedKeywords">{
  &quot;WebUI.closeBrowser&quot;: 1,
  &quot;WebUI.navigateToUrl&quot;: 1,
  &quot;WebUI.click&quot;: 3,
  &quot;WebUI.openBrowser&quot;: 1,
  &quot;WebUI.setText&quot;: 2
}</property>
  <property name="currentRetryCount">0</property>
  <property name="keywordsUsage">{
  &quot;web_ui&quot;: true,
  &quot;web_service&quot;: false,
  &quot;cucumber&quot;: false,
  &quot;builtin&quot;: false,
  &quot;mobile&quot;: false,
  &quot;windows&quot;: false,
  &quot;testng&quot;: false
}</property>
</record>
<record>
  <date>2026-05-08T06:32:58.580285Z</date>
  <millis>1778221978580</millis>
  <nanos>285000</nanos>
  <sequence>109</sequence>
  <level>START</level>
  <class>com.kms.katalon.core.logging.XmlKeywordLogger</class>
  <method>startTest</method>
  <thread>1</thread>
  <message>Start Test Case : Test Cases/Login Verification/Login with invalid credentials</message>
  <nestedLevel>1</nestedLevel>
  <escapedJava>false</escapedJava>
  <property name="remainingRetryCount">3</property>
  <property name="origin">WEB_RECORDER</property>
  <property name="name">Test Cases/Login Verification/Login with invalid credentials</property>
  <property name="description"></property>
  <property name="iteration"></property>
  <property name="id">Test Cases/Login Verification/Login with invalid credentials</property>
  <property name="source">\Users\fazza_abiyyu\Documents\Projects\Hobby\KATALON_QWERTY\Test Cases\Login Verification\Login with invalid credentials.tc</property>
  <property name="tag">auth</property>
  <property name="isOptional">false</property>
  <property name="uuid">bbbc1958-db65-49a9-b14f-b74b3376a89f</property>
  <property name="currentRetryCount">0</property>
</record>
<record>
  <date>2026-05-08T06:32:58.585813Z</date>
  <millis>1778221978585</millis>
  <nanos>813000</nanos>
  <sequence>111</sequence>
  <level>INFO</level>
  <class>com.kms.katalon.core.logging.XmlKeywordLogger</class>
  <method>logMessage</method>
  <thread>1</thread>
  <message>email = test01@qwerty.com</message>
  <nestedLevel>1</nestedLevel>
  <escapedJava>false</escapedJava>
</record>
<record>
  <date>2026-05-08T06:32:58.586101Z</date>
  <millis>1778221978586</millis>
  <nanos>101000</nanos>
  <sequence>112</sequence>
  <level>INFO</level>
  <class>com.kms.katalon.core.logging.XmlKeywordLogger</class>
  <method>logMessage</method>
  <thread>1</thread>
  <message>password = User@000</message>
  <nestedLevel>1</nestedLevel>
  <escapedJava>false</escapedJava>
</record>
<record>
  <date>2026-05-08T06:32:58.586522Z</date>
  <millis>1778221978586</millis>
  <nanos>522000</nanos>
  <sequence>113</sequence>
  <level>RUN_DATA</level>
  <class>com.kms.katalon.core.logging.XmlKeywordLogger</class>
  <method>logMessage</method>
  <thread>1</thread>
  <message>executionBindingVariables = [
  {
    &amp;quot;value&amp;quot;: &amp;quot;test01@qwerty.com&amp;quot;,
    &amp;quot;isDefault&amp;quot;: false,
    &amp;quot;name&amp;quot;: &amp;quot;email&amp;quot;,
    &amp;quot;masked&amp;quot;: false
  },
  {
    &amp;quot;value&amp;quot;: &amp;quot;User@000&amp;quot;,
    &amp;quot;isDefault&amp;quot;: false,
    &amp;quot;name&amp;quot;: &amp;quot;password&amp;quot;,
    &amp;quot;masked&amp;quot;: false
  }
]</message>
  <nestedLevel>1</nestedLevel>
  <escapedJava>false</escapedJava>
  <property name="executionBindingVariables">[
  {
    &quot;value&quot;: &quot;test01@qwerty.com&quot;,
    &quot;isDefault&quot;: false,
    &quot;name&quot;: &quot;email&quot;,
    &quot;masked&quot;: false
  },
  {
    &quot;value&quot;: &quot;User@000&quot;,
    &quot;isDefault&quot;: false,
    &quot;name&quot;: &quot;password&quot;,
    &quot;masked&quot;: false
  }
]</property>
</record>
<record>
  <date>2026-05-08T06:32:58.609165Z</date>
  <millis>1778221978609</millis>
  <nanos>165000</nanos>
  <sequence>114</sequence>
  <level>START</level>
  <class>com.kms.katalon.core.logging.XmlKeywordLogger</class>
  <method>startKeyword</method>
  <thread>1</thread>
  <message>Start action : openBrowser(&amp;quot;&amp;quot;)</message>
  <nestedLevel>1</nestedLevel>
  <escapedJava>false</escapedJava>
  <property name="startLine">20</property>
  <property name="stepIndex">1</property>
</record>
<record>
  <date>2026-05-08T06:32:58.611590Z</date>
  <millis>1778221978611</millis>
  <nanos>590000</nanos>
  <sequence>117</sequence>
  <level>INFO</level>
  <class>com.kms.katalon.core.logging.XmlKeywordLogger</class>
  <method>logMessage</method>
  <thread>1</thread>
  <message>Starting &amp;apos;Chrome&amp;apos; driver</message>
  <nestedLevel>1</nestedLevel>
  <escapedJava>false</escapedJava>
</record>
<record>
  <date>2026-05-08T06:32:58.613396Z</date>
  <millis>1778221978613</millis>
  <nanos>396000</nanos>
  <sequence>118</sequence>
  <level>INFO</level>
  <class>com.kms.katalon.core.logging.XmlKeywordLogger</class>
  <method>logMessage</method>
  <thread>1</thread>
  <message>Action delay is set to 0 milliseconds</message>
  <nestedLevel>1</nestedLevel>
  <escapedJava>false</escapedJava>
</record>
<record>
  <date>2026-05-08T06:33:00.331301Z</date>
  <millis>1778221980331</millis>
  <nanos>301000</nanos>
  <sequence>120</sequence>
  <level>RUN_DATA</level>
  <class>com.kms.katalon.core.logging.XmlKeywordLogger</class>
  <method>logMessage</method>
  <thread>1</thread>
  <message>sessionId = bf502b3fdf3106aa606b32b0d29304d2</message>
  <nestedLevel>1</nestedLevel>
  <escapedJava>false</escapedJava>
  <property name="sessionId">bf502b3fdf3106aa606b32b0d29304d2</property>
</record>
<record>
  <date>2026-05-08T06:33:00.331785Z</date>
  <millis>1778221980331</millis>
  <nanos>785000</nanos>
  <sequence>121</sequence>
  <level>RUN_DATA</level>
  <class>com.kms.katalon.core.logging.XmlKeywordLogger</class>
  <method>logMessage</method>
  <thread>1</thread>
  <message>browser = Chrome 147.0.7727.138</message>
  <nestedLevel>1</nestedLevel>
  <escapedJava>false</escapedJava>
  <property name="browser">Chrome 147.0.7727.138</property>
</record>
<record>
  <date>2026-05-08T06:33:00.332047Z</date>
  <millis>1778221980332</millis>
  <nanos>47000</nanos>
  <sequence>122</sequence>
  <level>RUN_DATA</level>
  <class>com.kms.katalon.core.logging.XmlKeywordLogger</class>
  <method>logMessage</method>
  <thread>1</thread>
  <message>platform = Mac OS X</message>
  <nestedLevel>1</nestedLevel>
  <escapedJava>false</escapedJava>
  <property name="platform">Mac OS X</property>
</record>
<record>
  <date>2026-05-08T06:33:00.332296Z</date>
  <millis>1778221980332</millis>
  <nanos>296000</nanos>
  <sequence>123</sequence>
  <level>RUN_DATA</level>
  <class>com.kms.katalon.core.logging.XmlKeywordLogger</class>
  <method>logMessage</method>
  <thread>1</thread>
  <message>seleniumVersion = 4.39.0</message>
  <nestedLevel>1</nestedLevel>
  <escapedJava>false</escapedJava>
  <property name="seleniumVersion">4.39.0</property>
</record>
<record>
  <date>2026-05-08T06:33:00.332952Z</date>
  <millis>1778221980332</millis>
  <nanos>952000</nanos>
  <sequence>124</sequence>
  <level>RUN_DATA</level>
  <class>com.kms.katalon.core.logging.XmlKeywordLogger</class>
  <method>logMessage</method>
  <thread>1</thread>
  <message>proxyInformation = ProxyInformation { proxyOption=NO_PROXY, proxyServerType=HTTP, username=, password=********, proxyServerAddress=, proxyServerPort=0, executionList=&amp;quot;&amp;quot;, isApplyToDesiredCapabilities=true }</message>
  <nestedLevel>1</nestedLevel>
  <escapedJava>false</escapedJava>
  <property name="proxyInformation">ProxyInformation { proxyOption=NO_PROXY, proxyServerType=HTTP, username=, password=********, proxyServerAddress=, proxyServerPort=0, executionList=&quot;&quot;, isApplyToDesiredCapabilities=true }</property>
</record>
<record>
  <date>2026-05-08T06:33:00.347599Z</date>
  <millis>1778221980347</millis>
  <nanos>599000</nanos>
  <sequence>125</sequence>
  <level>PASSED</level>
  <class>com.kms.katalon.core.logging.XmlKeywordLogger</class>
  <method>logMessage</method>
  <thread>1</thread>
  <message>Browser is opened with url: &amp;apos;&amp;apos;</message>
  <nestedLevel>1</nestedLevel>
  <escapedJava>false</escapedJava>
  <property name="testops-method-name">com.kms.katalon.core.webui.keyword.builtin.OpenBrowserKeyword.openBrowser</property>
  <property name="testops-execution-stacktrace"></property>
</record>
<record>
  <date>2026-05-08T06:33:00.348742Z</date>
  <millis>1778221980348</millis>
  <nanos>742000</nanos>
  <sequence>126</sequence>
  <level>END</level>
  <class>com.kms.katalon.core.logging.XmlKeywordLogger</class>
  <method>endKeyword</method>
  <thread>1</thread>
  <message>End action : openBrowser(&amp;quot;&amp;quot;)</message>
  <nestedLevel>1</nestedLevel>
  <escapedJava>false</escapedJava>
</record>
<record>
  <date>2026-05-08T06:33:00.348898Z</date>
  <millis>1778221980348</millis>
  <nanos>898000</nanos>
  <sequence>127</sequence>
  <level>START</level>
  <class>com.kms.katalon.core.logging.XmlKeywordLogger</class>
  <method>startKeyword</method>
  <thread>1</thread>
  <message>Start action : navigateToUrl(&amp;quot;https://qwerty.abiyyu.xyz/&amp;quot;)</message>
  <nestedLevel>1</nestedLevel>
  <escapedJava>false</escapedJava>
  <property name="startLine">22</property>
  <property name="stepIndex">2</property>
</record>
<record>
  <date>2026-05-08T06:33:01.440291Z</date>
  <millis>1778221981440</millis>
  <nanos>291000</nanos>
  <sequence>131</sequence>
  <level>PASSED</level>
  <class>com.kms.katalon.core.logging.XmlKeywordLogger</class>
  <method>logMessage</method>
  <thread>1</thread>
  <message>Navigate to &amp;apos;https://qwerty.abiyyu.xyz/&amp;apos; successfully</message>
  <nestedLevel>1</nestedLevel>
  <escapedJava>false</escapedJava>
  <property name="testops-method-name">com.kms.katalon.core.webui.keyword.builtin.NavigateToUrlKeyword.navigateToUrl</property>
  <property name="testops-execution-stacktrace"></property>
</record>
<record>
  <date>2026-05-08T06:33:01.441992Z</date>
  <millis>1778221981441</millis>
  <nanos>992000</nanos>
  <sequence>132</sequence>
  <level>END</level>
  <class>com.kms.katalon.core.logging.XmlKeywordLogger</class>
  <method>endKeyword</method>
  <thread>1</thread>
  <message>End action : navigateToUrl(&amp;quot;https://qwerty.abiyyu.xyz/&amp;quot;)</message>
  <nestedLevel>1</nestedLevel>
  <escapedJava>false</escapedJava>
</record>
<record>
  <date>2026-05-08T06:33:01.444915Z</date>
  <millis>1778221981444</millis>
  <nanos>915000</nanos>
  <sequence>133</sequence>
  <level>START</level>
  <class>com.kms.katalon.core.logging.XmlKeywordLogger</class>
  <method>startKeyword</method>
  <thread>1</thread>
  <message>Start action : click(findTestObject(&amp;quot;Login/icon_sign_in&amp;quot;))</message>
  <nestedLevel>1</nestedLevel>
  <escapedJava>false</escapedJava>
  <property name="startLine">24</property>
  <property name="stepIndex">3</property>
</record>
<record>
  <date>2026-05-08T06:33:01.952355Z</date>
  <millis>1778221981952</millis>
  <nanos>355000</nanos>
  <sequence>144</sequence>
  <level>PASSED</level>
  <class>com.kms.katalon.core.logging.XmlKeywordLogger</class>
  <method>logMessage</method>
  <thread>1</thread>
  <message>Object: &amp;apos;Object Repository/Login/icon_sign_in&amp;apos; is clicked on</message>
  <nestedLevel>1</nestedLevel>
  <escapedJava>false</escapedJava>
  <property name="testops-method-name">com.kms.katalon.core.webui.keyword.internal.WebUIKeywordMain.runKeywordUntilTimeout</property>
  <property name="testops-execution-stacktrace">com.kms.katalon.core.logging.KeywordLogger.logPassed(KeywordLogger.java:350)
com.kms.katalon.core.logging.KeywordLogger.logPassed(KeywordLogger.java:345)
com.kms.katalon.core.webui.keyword.builtin.ClickKeyword$_click_closure1.doCall(ClickKeyword.groovy:66)
java.base/jdk.internal.reflect.DirectMethodHandleAccessor.invoke(DirectMethodHandleAccessor.java:103)
jdk.proxy2/jdk.proxy2.$Proxy56.execute(Unknown Source)
com.kms.katalon.core.webui.model.SeleniumActionRetryController.performAction(SeleniumActionRetryController.java:96)
com.kms.katalon.core.webui.model.SeleniumActionRetryController.performAction(SeleniumActionRetryController.java:83)
com.kms.katalon.core.webui.keyword.internal.WebUIKeywordMain$_runKeywordUntilTimeout_closure1.doCall(WebUIKeywordMain.groovy:135)
com.kms.katalon.core.webui.keyword.internal.WebUIKeywordMain$_runKeywordUntilTimeout_closure1.call(WebUIKeywordMain.groovy)
com.kms.katalon.core.webui.keyword.internal.WebUIKeywordMain.runKeyword(WebUIKeywordMain.groovy:41)
com.kms.katalon.core.webui.keyword.internal.WebUIKeywordMain.runKeywordUntilTimeout(WebUIKeywordMain.groovy:133)
com.kms.katalon.core.webui.keyword.builtin.ClickKeyword.click(ClickKeyword.groovy:72)
com.kms.katalon.core.webui.keyword.builtin.ClickKeyword.execute(ClickKeyword.groovy:38)
com.kms.katalon.core.keyword.internal.KeywordExecutor.executeKeywordForPlatform(KeywordExecutor.groovy:99)
com.kms.katalon.core.webui.keyword.WebUiBuiltInKeywords.click(WebUiBuiltInKeywords.groovy:722)
Login with invalid credentials.run(Login with invalid credentials:24)
</property>
</record>
<record>
  <date>2026-05-08T06:33:01.954003Z</date>
  <millis>1778221981954</millis>
  <nanos>3000</nanos>
  <sequence>145</sequence>
  <level>END</level>
  <class>com.kms.katalon.core.logging.XmlKeywordLogger</class>
  <method>endKeyword</method>
  <thread>1</thread>
  <message>End action : click(findTestObject(&amp;quot;Login/icon_sign_in&amp;quot;))</message>
  <nestedLevel>1</nestedLevel>
  <escapedJava>false</escapedJava>
</record>
<record>
  <date>2026-05-08T06:33:01.954334Z</date>
  <millis>1778221981954</millis>
  <nanos>334000</nanos>
  <sequence>146</sequence>
  <level>START</level>
  <class>com.kms.katalon.core.logging.XmlKeywordLogger</class>
  <method>startKeyword</method>
  <thread>1</thread>
  <message>Start action : setText(findTestObject(&amp;quot;Login/email_field&amp;quot;), email)</message>
  <nestedLevel>1</nestedLevel>
  <escapedJava>false</escapedJava>
  <property name="startLine">26</property>
  <property name="stepIndex">4</property>
</record>
<record>
  <date>2026-05-08T06:33:03.076638Z</date>
  <millis>1778221983076</millis>
  <nanos>638000</nanos>
  <sequence>160</sequence>
  <level>PASSED</level>
  <class>com.kms.katalon.core.logging.XmlKeywordLogger</class>
  <method>logMessage</method>
  <thread>1</thread>
  <message>Text &amp;apos;test01@qwerty.com&amp;apos; is set on object &amp;apos;Object Repository/Login/email_field&amp;apos;</message>
  <nestedLevel>1</nestedLevel>
  <escapedJava>false</escapedJava>
  <property name="testops-method-name">com.kms.katalon.core.webui.keyword.internal.WebUIKeywordMain.runKeywordUntilTimeout</property>
  <property name="testops-execution-stacktrace">com.kms.katalon.core.logging.KeywordLogger.logPassed(KeywordLogger.java:350)
com.kms.katalon.core.logging.KeywordLogger.logPassed(KeywordLogger.java:345)
com.kms.katalon.core.webui.keyword.builtin.SetTextKeyword$_setText_closure1.doCall(SetTextKeyword.groovy:99)
java.base/jdk.internal.reflect.DirectMethodHandleAccessor.invoke(DirectMethodHandleAccessor.java:103)
jdk.proxy2/jdk.proxy2.$Proxy56.execute(Unknown Source)
com.kms.katalon.core.webui.model.SeleniumActionRetryController.performAction(SeleniumActionRetryController.java:96)
com.kms.katalon.core.webui.model.SeleniumActionRetryController.performAction(SeleniumActionRetryController.java:83)
com.kms.katalon.core.webui.keyword.internal.WebUIKeywordMain$_runKeywordUntilTimeout_closure1.doCall(WebUIKeywordMain.groovy:135)
com.kms.katalon.core.webui.keyword.internal.WebUIKeywordMain$_runKeywordUntilTimeout_closure1.call(WebUIKeywordMain.groovy)
com.kms.katalon.core.webui.keyword.internal.WebUIKeywordMain.runKeyword(WebUIKeywordMain.groovy:41)
com.kms.katalon.core.webui.keyword.internal.WebUIKeywordMain.runKeywordUntilTimeout(WebUIKeywordMain.groovy:133)
com.kms.katalon.core.webui.keyword.builtin.SetTextKeyword.setText(SetTextKeyword.groovy:106)
com.kms.katalon.core.webui.keyword.builtin.SetTextKeyword.execute(SetTextKeyword.groovy:49)
com.kms.katalon.core.keyword.internal.KeywordExecutor.executeKeywordForPlatform(KeywordExecutor.groovy:99)
com.kms.katalon.core.webui.keyword.WebUiBuiltInKeywords.setText(WebUiBuiltInKeywords.groovy:1082)
Login with invalid credentials.run(Login with invalid credentials:26)
</property>
</record>
<record>
  <date>2026-05-08T06:33:03.077947Z</date>
  <millis>1778221983077</millis>
  <nanos>947000</nanos>
  <sequence>161</sequence>
  <level>END</level>
  <class>com.kms.katalon.core.logging.XmlKeywordLogger</class>
  <method>endKeyword</method>
  <thread>1</thread>
  <message>End action : setText(findTestObject(&amp;quot;Login/email_field&amp;quot;), email)</message>
  <nestedLevel>1</nestedLevel>
  <escapedJava>false</escapedJava>
</record>
<record>
  <date>2026-05-08T06:33:03.078130Z</date>
  <millis>1778221983078</millis>
  <nanos>130000</nanos>
  <sequence>162</sequence>
  <level>START</level>
  <class>com.kms.katalon.core.logging.XmlKeywordLogger</class>
  <method>startKeyword</method>
  <thread>1</thread>
  <message>Start action : setText(findTestObject(&amp;quot;Login/password_field&amp;quot;), password)</message>
  <nestedLevel>1</nestedLevel>
  <escapedJava>false</escapedJava>
  <property name="startLine">28</property>
  <property name="stepIndex">5</property>
</record>
<record>
  <date>2026-05-08T06:33:03.640957Z</date>
  <millis>1778221983640</millis>
  <nanos>957000</nanos>
  <sequence>176</sequence>
  <level>PASSED</level>
  <class>com.kms.katalon.core.logging.XmlKeywordLogger</class>
  <method>logMessage</method>
  <thread>1</thread>
  <message>Text &amp;apos;User@000&amp;apos; is set on object &amp;apos;Object Repository/Login/password_field&amp;apos;</message>
  <nestedLevel>1</nestedLevel>
  <escapedJava>false</escapedJava>
  <property name="testops-method-name">com.kms.katalon.core.webui.keyword.internal.WebUIKeywordMain.runKeywordUntilTimeout</property>
  <property name="testops-execution-stacktrace">com.kms.katalon.core.logging.KeywordLogger.logPassed(KeywordLogger.java:350)
com.kms.katalon.core.logging.KeywordLogger.logPassed(KeywordLogger.java:345)
com.kms.katalon.core.webui.keyword.builtin.SetTextKeyword$_setText_closure1.doCall(SetTextKeyword.groovy:99)
java.base/jdk.internal.reflect.DirectMethodHandleAccessor.invoke(DirectMethodHandleAccessor.java:103)
jdk.proxy2/jdk.proxy2.$Proxy56.execute(Unknown Source)
com.kms.katalon.core.webui.model.SeleniumActionRetryController.performAction(SeleniumActionRetryController.java:96)
com.kms.katalon.core.webui.model.SeleniumActionRetryController.performAction(SeleniumActionRetryController.java:83)
com.kms.katalon.core.webui.keyword.internal.WebUIKeywordMain$_runKeywordUntilTimeout_closure1.doCall(WebUIKeywordMain.groovy:135)
com.kms.katalon.core.webui.keyword.internal.WebUIKeywordMain$_runKeywordUntilTimeout_closure1.call(WebUIKeywordMain.groovy)
com.kms.katalon.core.webui.keyword.internal.WebUIKeywordMain.runKeyword(WebUIKeywordMain.groovy:41)
com.kms.katalon.core.webui.keyword.internal.WebUIKeywordMain.runKeywordUntilTimeout(WebUIKeywordMain.groovy:133)
com.kms.katalon.core.webui.keyword.builtin.SetTextKeyword.setText(SetTextKeyword.groovy:106)
com.kms.katalon.core.webui.keyword.builtin.SetTextKeyword.execute(SetTextKeyword.groovy:49)
com.kms.katalon.core.keyword.internal.KeywordExecutor.executeKeywordForPlatform(KeywordExecutor.groovy:99)
com.kms.katalon.core.webui.keyword.WebUiBuiltInKeywords.setText(WebUiBuiltInKeywords.groovy:1082)
Login with invalid credentials.run(Login with invalid credentials:28)
</property>
</record>
<record>
  <date>2026-05-08T06:33:03.642469Z</date>
  <millis>1778221983642</millis>
  <nanos>469000</nanos>
  <sequence>177</sequence>
  <level>END</level>
  <class>com.kms.katalon.core.logging.XmlKeywordLogger</class>
  <method>endKeyword</method>
  <thread>1</thread>
  <message>End action : setText(findTestObject(&amp;quot;Login/password_field&amp;quot;), password)</message>
  <nestedLevel>1</nestedLevel>
  <escapedJava>false</escapedJava>
</record>
<record>
  <date>2026-05-08T06:33:03.642810Z</date>
  <millis>1778221983642</millis>
  <nanos>810000</nanos>
  <sequence>178</sequence>
  <level>START</level>
  <class>com.kms.katalon.core.logging.XmlKeywordLogger</class>
  <method>startKeyword</method>
  <thread>1</thread>
  <message>Start action : click(findTestObject(&amp;quot;Login/btn_sign_in&amp;quot;))</message>
  <nestedLevel>1</nestedLevel>
  <escapedJava>false</escapedJava>
  <property name="startLine">30</property>
  <property name="stepIndex">6</property>
</record>
<record>
  <date>2026-05-08T06:33:03.921786Z</date>
  <millis>1778221983921</millis>
  <nanos>786000</nanos>
  <sequence>189</sequence>
  <level>PASSED</level>
  <class>com.kms.katalon.core.logging.XmlKeywordLogger</class>
  <method>logMessage</method>
  <thread>1</thread>
  <message>Object: &amp;apos;Object Repository/Login/btn_sign_in&amp;apos; is clicked on</message>
  <nestedLevel>1</nestedLevel>
  <escapedJava>false</escapedJava>
  <property name="testops-method-name">com.kms.katalon.core.webui.keyword.internal.WebUIKeywordMain.runKeywordUntilTimeout</property>
  <property name="testops-execution-stacktrace">com.kms.katalon.core.logging.KeywordLogger.logPassed(KeywordLogger.java:350)
com.kms.katalon.core.logging.KeywordLogger.logPassed(KeywordLogger.java:345)
com.kms.katalon.core.webui.keyword.builtin.ClickKeyword$_click_closure1.doCall(ClickKeyword.groovy:66)
java.base/jdk.internal.reflect.DirectMethodHandleAccessor.invoke(DirectMethodHandleAccessor.java:103)
jdk.proxy2/jdk.proxy2.$Proxy56.execute(Unknown Source)
com.kms.katalon.core.webui.model.SeleniumActionRetryController.performAction(SeleniumActionRetryController.java:96)
com.kms.katalon.core.webui.model.SeleniumActionRetryController.performAction(SeleniumActionRetryController.java:83)
com.kms.katalon.core.webui.keyword.internal.WebUIKeywordMain$_runKeywordUntilTimeout_closure1.doCall(WebUIKeywordMain.groovy:135)
com.kms.katalon.core.webui.keyword.internal.WebUIKeywordMain$_runKeywordUntilTimeout_closure1.call(WebUIKeywordMain.groovy)
com.kms.katalon.core.webui.keyword.internal.WebUIKeywordMain.runKeyword(WebUIKeywordMain.groovy:41)
com.kms.katalon.core.webui.keyword.internal.WebUIKeywordMain.runKeywordUntilTimeout(WebUIKeywordMain.groovy:133)
com.kms.katalon.core.webui.keyword.builtin.ClickKeyword.click(ClickKeyword.groovy:72)
com.kms.katalon.core.webui.keyword.builtin.ClickKeyword.execute(ClickKeyword.groovy:38)
com.kms.katalon.core.keyword.internal.KeywordExecutor.executeKeywordForPlatform(KeywordExecutor.groovy:99)
com.kms.katalon.core.webui.keyword.WebUiBuiltInKeywords.click(WebUiBuiltInKeywords.groovy:722)
Login with invalid credentials.run(Login with invalid credentials:30)
</property>
</record>
<record>
  <date>2026-05-08T06:33:03.923210Z</date>
  <millis>1778221983923</millis>
  <nanos>210000</nanos>
  <sequence>190</sequence>
  <level>END</level>
  <class>com.kms.katalon.core.logging.XmlKeywordLogger</class>
  <method>endKeyword</method>
  <thread>1</thread>
  <message>End action : click(findTestObject(&amp;quot;Login/btn_sign_in&amp;quot;))</message>
  <nestedLevel>1</nestedLevel>
  <escapedJava>false</escapedJava>
</record>
<record>
  <date>2026-05-08T06:33:03.923475Z</date>
  <millis>1778221983923</millis>
  <nanos>475000</nanos>
  <sequence>191</sequence>
  <level>START</level>
  <class>com.kms.katalon.core.logging.XmlKeywordLogger</class>
  <method>startKeyword</method>
  <thread>1</thread>
  <message>Start action : click(findTestObject(&amp;quot;Login/msg_invalid_email_or_password&amp;quot;))</message>
  <nestedLevel>1</nestedLevel>
  <escapedJava>false</escapedJava>
  <property name="startLine">32</property>
  <property name="stepIndex">7</property>
</record>
<record>
  <date>2026-05-08T06:33:05.034698Z</date>
  <millis>1778221985034</millis>
  <nanos>698000</nanos>
  <sequence>202</sequence>
  <level>PASSED</level>
  <class>com.kms.katalon.core.logging.XmlKeywordLogger</class>
  <method>logMessage</method>
  <thread>1</thread>
  <message>Object: &amp;apos;Object Repository/Login/msg_invalid_email_or_password&amp;apos; is clicked on</message>
  <nestedLevel>1</nestedLevel>
  <escapedJava>false</escapedJava>
  <property name="testops-method-name">com.kms.katalon.core.webui.keyword.internal.WebUIKeywordMain.runKeywordUntilTimeout</property>
  <property name="testops-execution-stacktrace">com.kms.katalon.core.logging.KeywordLogger.logPassed(KeywordLogger.java:350)
com.kms.katalon.core.logging.KeywordLogger.logPassed(KeywordLogger.java:345)
com.kms.katalon.core.webui.keyword.builtin.ClickKeyword$_click_closure1.doCall(ClickKeyword.groovy:66)
java.base/jdk.internal.reflect.DirectMethodHandleAccessor.invoke(DirectMethodHandleAccessor.java:103)
jdk.proxy2/jdk.proxy2.$Proxy56.execute(Unknown Source)
com.kms.katalon.core.webui.model.SeleniumActionRetryController.performAction(SeleniumActionRetryController.java:96)
com.kms.katalon.core.webui.model.SeleniumActionRetryController.performAction(SeleniumActionRetryController.java:83)
com.kms.katalon.core.webui.keyword.internal.WebUIKeywordMain$_runKeywordUntilTimeout_closure1.doCall(WebUIKeywordMain.groovy:135)
com.kms.katalon.core.webui.keyword.internal.WebUIKeywordMain$_runKeywordUntilTimeout_closure1.call(WebUIKeywordMain.groovy)
com.kms.katalon.core.webui.keyword.internal.WebUIKeywordMain.runKeyword(WebUIKeywordMain.groovy:41)
com.kms.katalon.core.webui.keyword.internal.WebUIKeywordMain.runKeywordUntilTimeout(WebUIKeywordMain.groovy:133)
com.kms.katalon.core.webui.keyword.builtin.ClickKeyword.click(ClickKeyword.groovy:72)
com.kms.katalon.core.webui.keyword.builtin.ClickKeyword.execute(ClickKeyword.groovy:38)
com.kms.katalon.core.keyword.internal.KeywordExecutor.executeKeywordForPlatform(KeywordExecutor.groovy:99)
com.kms.katalon.core.webui.keyword.WebUiBuiltInKeywords.click(WebUiBuiltInKeywords.groovy:722)
Login with invalid credentials.run(Login with invalid credentials:32)
</property>
</record>
<record>
  <date>2026-05-08T06:33:05.035726Z</date>
  <millis>1778221985035</millis>
  <nanos>726000</nanos>
  <sequence>203</sequence>
  <level>END</level>
  <class>com.kms.katalon.core.logging.XmlKeywordLogger</class>
  <method>endKeyword</method>
  <thread>1</thread>
  <message>End action : click(findTestObject(&amp;quot;Login/msg_invalid_email_or_password&amp;quot;))</message>
  <nestedLevel>1</nestedLevel>
  <escapedJava>false</escapedJava>
</record>
<record>
  <date>2026-05-08T06:33:05.035873Z</date>
  <millis>1778221985035</millis>
  <nanos>873000</nanos>
  <sequence>204</sequence>
  <level>START</level>
  <class>com.kms.katalon.core.logging.XmlKeywordLogger</class>
  <method>startKeyword</method>
  <thread>1</thread>
  <message>Start action : closeBrowser()</message>
  <nestedLevel>1</nestedLevel>
  <escapedJava>false</escapedJava>
  <property name="startLine">34</property>
  <property name="stepIndex">8</property>
</record>
<record>
  <date>2026-05-08T06:33:05.132375Z</date>
  <millis>1778221985132</millis>
  <nanos>375000</nanos>
  <sequence>207</sequence>
  <level>PASSED</level>
  <class>com.kms.katalon.core.logging.XmlKeywordLogger</class>
  <method>logMessage</method>
  <thread>1</thread>
  <message>Browser is closed</message>
  <nestedLevel>1</nestedLevel>
  <escapedJava>false</escapedJava>
  <property name="testops-method-name">com.kms.katalon.core.webui.keyword.builtin.CloseBrowserKeyword.closeBrowser</property>
  <property name="testops-execution-stacktrace"></property>
</record>
<record>
  <date>2026-05-08T06:33:05.132665Z</date>
  <millis>1778221985132</millis>
  <nanos>665000</nanos>
  <sequence>208</sequence>
  <level>END</level>
  <class>com.kms.katalon.core.logging.XmlKeywordLogger</class>
  <method>endKeyword</method>
  <thread>1</thread>
  <message>End action : closeBrowser()</message>
  <nestedLevel>1</nestedLevel>
  <escapedJava>false</escapedJava>
</record>
<record>
  <date>2026-05-08T06:33:05.132951Z</date>
  <millis>1778221985132</millis>
  <nanos>951000</nanos>
  <sequence>209</sequence>
  <level>PASSED</level>
  <class>com.kms.katalon.core.logging.XmlKeywordLogger</class>
  <method>logMessage</method>
  <thread>1</thread>
  <message>Test Cases/Login Verification/Login with invalid credentials</message>
  <nestedLevel>1</nestedLevel>
  <escapedJava>false</escapedJava>
</record>
<record>
  <date>2026-05-08T06:33:05.133688Z</date>
  <millis>1778221985133</millis>
  <nanos>688000</nanos>
  <sequence>210</sequence>
  <level>END</level>
  <class>com.kms.katalon.core.logging.XmlKeywordLogger</class>
  <method>endTest</method>
  <thread>1</thread>
  <message>End Test Case : Test Cases/Login Verification/Login with invalid credentials</message>
  <nestedLevel>0</nestedLevel>
  <escapedJava>false</escapedJava>
  <property name="executionBindingVariables">[
  {
    &quot;value&quot;: &quot;test01@qwerty.com&quot;,
    &quot;isDefault&quot;: false,
    &quot;name&quot;: &quot;email&quot;,
    &quot;masked&quot;: false
  },
  {
    &quot;value&quot;: &quot;User@000&quot;,
    &quot;isDefault&quot;: false,
    &quot;name&quot;: &quot;password&quot;,
    &quot;masked&quot;: false
  }
]</property>
  <property name="applitools">false</property>
  <property name="remainingRetryCount">3</property>
  <property name="executedKeywords">{
  &quot;WebUI.closeBrowser&quot;: 1,
  &quot;WebUI.navigateToUrl&quot;: 1,
  &quot;WebUI.click&quot;: 3,
  &quot;WebUI.openBrowser&quot;: 1,
  &quot;WebUI.setText&quot;: 2
}</property>
  <property name="currentRetryCount">0</property>
  <property name="keywordsUsage">{
  &quot;web_ui&quot;: true,
  &quot;web_service&quot;: false,
  &quot;cucumber&quot;: false,
  &quot;builtin&quot;: false,
  &quot;mobile&quot;: false,
  &quot;windows&quot;: false,
  &quot;testng&quot;: false
}</property>
</record>
<record>
  <date>2026-05-08T06:33:05.136189Z</date>
  <millis>1778221985136</millis>
  <nanos>189000</nanos>
  <sequence>211</sequence>
  <level>START</level>
  <class>com.kms.katalon.core.logging.XmlKeywordLogger</class>
  <method>startTest</method>
  <thread>1</thread>
  <message>Start Test Case : Test Cases/Login Verification/Login with empty input</message>
  <nestedLevel>1</nestedLevel>
  <escapedJava>false</escapedJava>
  <property name="remainingRetryCount">3</property>
  <property name="origin">WEB_RECORDER</property>
  <property name="name">Test Cases/Login Verification/Login with empty input</property>
  <property name="description"></property>
  <property name="iteration"></property>
  <property name="id">Test Cases/Login Verification/Login with empty input</property>
  <property name="source">\Users\fazza_abiyyu\Documents\Projects\Hobby\KATALON_QWERTY\Test Cases\Login Verification\Login with empty input.tc</property>
  <property name="tag">auth</property>
  <property name="isOptional">false</property>
  <property name="uuid">f5cff913-dd47-4709-8150-20b3c7b1710d</property>
  <property name="currentRetryCount">0</property>
</record>
<record>
  <date>2026-05-08T06:33:05.142201Z</date>
  <millis>1778221985142</millis>
  <nanos>201000</nanos>
  <sequence>213</sequence>
  <level>RUN_DATA</level>
  <class>com.kms.katalon.core.logging.XmlKeywordLogger</class>
  <method>logMessage</method>
  <thread>1</thread>
  <message>executionBindingVariables = []</message>
  <nestedLevel>1</nestedLevel>
  <escapedJava>false</escapedJava>
  <property name="executionBindingVariables">[]</property>
</record>
<record>
  <date>2026-05-08T06:33:05.162209Z</date>
  <millis>1778221985162</millis>
  <nanos>209000</nanos>
  <sequence>214</sequence>
  <level>START</level>
  <class>com.kms.katalon.core.logging.XmlKeywordLogger</class>
  <method>startKeyword</method>
  <thread>1</thread>
  <message>Start action : openBrowser(&amp;quot;&amp;quot;)</message>
  <nestedLevel>1</nestedLevel>
  <escapedJava>false</escapedJava>
  <property name="startLine">20</property>
  <property name="stepIndex">1</property>
</record>
<record>
  <date>2026-05-08T06:33:05.163802Z</date>
  <millis>1778221985163</millis>
  <nanos>802000</nanos>
  <sequence>217</sequence>
  <level>INFO</level>
  <class>com.kms.katalon.core.logging.XmlKeywordLogger</class>
  <method>logMessage</method>
  <thread>1</thread>
  <message>Starting &amp;apos;Chrome&amp;apos; driver</message>
  <nestedLevel>1</nestedLevel>
  <escapedJava>false</escapedJava>
</record>
<record>
  <date>2026-05-08T06:33:05.165501Z</date>
  <millis>1778221985165</millis>
  <nanos>501000</nanos>
  <sequence>218</sequence>
  <level>INFO</level>
  <class>com.kms.katalon.core.logging.XmlKeywordLogger</class>
  <method>logMessage</method>
  <thread>1</thread>
  <message>Action delay is set to 0 milliseconds</message>
  <nestedLevel>1</nestedLevel>
  <escapedJava>false</escapedJava>
</record>
<record>
  <date>2026-05-08T06:33:06.010452Z</date>
  <millis>1778221986010</millis>
  <nanos>452000</nanos>
  <sequence>220</sequence>
  <level>RUN_DATA</level>
  <class>com.kms.katalon.core.logging.XmlKeywordLogger</class>
  <method>logMessage</method>
  <thread>1</thread>
  <message>sessionId = 8a4e87b61e84565d6d5ef64e9ee1d9ae</message>
  <nestedLevel>1</nestedLevel>
  <escapedJava>false</escapedJava>
  <property name="sessionId">8a4e87b61e84565d6d5ef64e9ee1d9ae</property>
</record>
<record>
  <date>2026-05-08T06:33:06.010781Z</date>
  <millis>1778221986010</millis>
  <nanos>781000</nanos>
  <sequence>221</sequence>
  <level>RUN_DATA</level>
  <class>com.kms.katalon.core.logging.XmlKeywordLogger</class>
  <method>logMessage</method>
  <thread>1</thread>
  <message>browser = Chrome 147.0.7727.138</message>
  <nestedLevel>1</nestedLevel>
  <escapedJava>false</escapedJava>
  <property name="browser">Chrome 147.0.7727.138</property>
</record>
<record>
  <date>2026-05-08T06:33:06.010945Z</date>
  <millis>1778221986010</millis>
  <nanos>945000</nanos>
  <sequence>222</sequence>
  <level>RUN_DATA</level>
  <class>com.kms.katalon.core.logging.XmlKeywordLogger</class>
  <method>logMessage</method>
  <thread>1</thread>
  <message>platform = Mac OS X</message>
  <nestedLevel>1</nestedLevel>
  <escapedJava>false</escapedJava>
  <property name="platform">Mac OS X</property>
</record>
<record>
  <date>2026-05-08T06:33:06.011147Z</date>
  <millis>1778221986011</millis>
  <nanos>147000</nanos>
  <sequence>223</sequence>
  <level>RUN_DATA</level>
  <class>com.kms.katalon.core.logging.XmlKeywordLogger</class>
  <method>logMessage</method>
  <thread>1</thread>
  <message>seleniumVersion = 4.39.0</message>
  <nestedLevel>1</nestedLevel>
  <escapedJava>false</escapedJava>
  <property name="seleniumVersion">4.39.0</property>
</record>
<record>
  <date>2026-05-08T06:33:06.011519Z</date>
  <millis>1778221986011</millis>
  <nanos>519000</nanos>
  <sequence>224</sequence>
  <level>RUN_DATA</level>
  <class>com.kms.katalon.core.logging.XmlKeywordLogger</class>
  <method>logMessage</method>
  <thread>1</thread>
  <message>proxyInformation = ProxyInformation { proxyOption=NO_PROXY, proxyServerType=HTTP, username=, password=********, proxyServerAddress=, proxyServerPort=0, executionList=&amp;quot;&amp;quot;, isApplyToDesiredCapabilities=true }</message>
  <nestedLevel>1</nestedLevel>
  <escapedJava>false</escapedJava>
  <property name="proxyInformation">ProxyInformation { proxyOption=NO_PROXY, proxyServerType=HTTP, username=, password=********, proxyServerAddress=, proxyServerPort=0, executionList=&quot;&quot;, isApplyToDesiredCapabilities=true }</property>
</record>
<record>
  <date>2026-05-08T06:33:06.020702Z</date>
  <millis>1778221986020</millis>
  <nanos>702000</nanos>
  <sequence>225</sequence>
  <level>PASSED</level>
  <class>com.kms.katalon.core.logging.XmlKeywordLogger</class>
  <method>logMessage</method>
  <thread>1</thread>
  <message>Browser is opened with url: &amp;apos;&amp;apos;</message>
  <nestedLevel>1</nestedLevel>
  <escapedJava>false</escapedJava>
  <property name="testops-method-name">com.kms.katalon.core.webui.keyword.builtin.OpenBrowserKeyword.openBrowser</property>
  <property name="testops-execution-stacktrace"></property>
</record>
<record>
  <date>2026-05-08T06:33:06.021777Z</date>
  <millis>1778221986021</millis>
  <nanos>777000</nanos>
  <sequence>226</sequence>
  <level>END</level>
  <class>com.kms.katalon.core.logging.XmlKeywordLogger</class>
  <method>endKeyword</method>
  <thread>1</thread>
  <message>End action : openBrowser(&amp;quot;&amp;quot;)</message>
  <nestedLevel>1</nestedLevel>
  <escapedJava>false</escapedJava>
</record>
<record>
  <date>2026-05-08T06:33:06.022040Z</date>
  <millis>1778221986022</millis>
  <nanos>40000</nanos>
  <sequence>227</sequence>
  <level>START</level>
  <class>com.kms.katalon.core.logging.XmlKeywordLogger</class>
  <method>startKeyword</method>
  <thread>1</thread>
  <message>Start action : navigateToUrl(&amp;quot;https://qwerty.abiyyu.xyz/&amp;quot;)</message>
  <nestedLevel>1</nestedLevel>
  <escapedJava>false</escapedJava>
  <property name="startLine">22</property>
  <property name="stepIndex">2</property>
</record>
<record>
  <date>2026-05-08T06:33:06.922751Z</date>
  <millis>1778221986922</millis>
  <nanos>751000</nanos>
  <sequence>231</sequence>
  <level>PASSED</level>
  <class>com.kms.katalon.core.logging.XmlKeywordLogger</class>
  <method>logMessage</method>
  <thread>1</thread>
  <message>Navigate to &amp;apos;https://qwerty.abiyyu.xyz/&amp;apos; successfully</message>
  <nestedLevel>1</nestedLevel>
  <escapedJava>false</escapedJava>
  <property name="testops-method-name">com.kms.katalon.core.webui.keyword.builtin.NavigateToUrlKeyword.navigateToUrl</property>
  <property name="testops-execution-stacktrace"></property>
</record>
<record>
  <date>2026-05-08T06:33:06.924079Z</date>
  <millis>1778221986924</millis>
  <nanos>79000</nanos>
  <sequence>232</sequence>
  <level>END</level>
  <class>com.kms.katalon.core.logging.XmlKeywordLogger</class>
  <method>endKeyword</method>
  <thread>1</thread>
  <message>End action : navigateToUrl(&amp;quot;https://qwerty.abiyyu.xyz/&amp;quot;)</message>
  <nestedLevel>1</nestedLevel>
  <escapedJava>false</escapedJava>
</record>
<record>
  <date>2026-05-08T06:33:06.927303Z</date>
  <millis>1778221986927</millis>
  <nanos>303000</nanos>
  <sequence>233</sequence>
  <level>START</level>
  <class>com.kms.katalon.core.logging.XmlKeywordLogger</class>
  <method>startKeyword</method>
  <thread>1</thread>
  <message>Start action : click(findTestObject(&amp;quot;Login/icon_sign_in&amp;quot;))</message>
  <nestedLevel>1</nestedLevel>
  <escapedJava>false</escapedJava>
  <property name="startLine">24</property>
  <property name="stepIndex">3</property>
</record>
<record>
  <date>2026-05-08T06:33:07.623049Z</date>
  <millis>1778221987623</millis>
  <nanos>49000</nanos>
  <sequence>244</sequence>
  <level>PASSED</level>
  <class>com.kms.katalon.core.logging.XmlKeywordLogger</class>
  <method>logMessage</method>
  <thread>1</thread>
  <message>Object: &amp;apos;Object Repository/Login/icon_sign_in&amp;apos; is clicked on</message>
  <nestedLevel>1</nestedLevel>
  <escapedJava>false</escapedJava>
  <property name="testops-method-name">com.kms.katalon.core.webui.keyword.internal.WebUIKeywordMain.runKeywordUntilTimeout</property>
  <property name="testops-execution-stacktrace">com.kms.katalon.core.logging.KeywordLogger.logPassed(KeywordLogger.java:350)
com.kms.katalon.core.logging.KeywordLogger.logPassed(KeywordLogger.java:345)
com.kms.katalon.core.webui.keyword.builtin.ClickKeyword$_click_closure1.doCall(ClickKeyword.groovy:66)
java.base/jdk.internal.reflect.DirectMethodHandleAccessor.invoke(DirectMethodHandleAccessor.java:103)
jdk.proxy2/jdk.proxy2.$Proxy56.execute(Unknown Source)
com.kms.katalon.core.webui.model.SeleniumActionRetryController.performAction(SeleniumActionRetryController.java:96)
com.kms.katalon.core.webui.model.SeleniumActionRetryController.performAction(SeleniumActionRetryController.java:83)
com.kms.katalon.core.webui.keyword.internal.WebUIKeywordMain$_runKeywordUntilTimeout_closure1.doCall(WebUIKeywordMain.groovy:135)
com.kms.katalon.core.webui.keyword.internal.WebUIKeywordMain$_runKeywordUntilTimeout_closure1.call(WebUIKeywordMain.groovy)
com.kms.katalon.core.webui.keyword.internal.WebUIKeywordMain.runKeyword(WebUIKeywordMain.groovy:41)
com.kms.katalon.core.webui.keyword.internal.WebUIKeywordMain.runKeywordUntilTimeout(WebUIKeywordMain.groovy:133)
com.kms.katalon.core.webui.keyword.builtin.ClickKeyword.click(ClickKeyword.groovy:72)
com.kms.katalon.core.webui.keyword.builtin.ClickKeyword.execute(ClickKeyword.groovy:38)
com.kms.katalon.core.keyword.internal.KeywordExecutor.executeKeywordForPlatform(KeywordExecutor.groovy:99)
com.kms.katalon.core.webui.keyword.WebUiBuiltInKeywords.click(WebUiBuiltInKeywords.groovy:722)
Login with empty input.run(Login with empty input:24)
</property>
</record>
<record>
  <date>2026-05-08T06:33:07.624651Z</date>
  <millis>1778221987624</millis>
  <nanos>651000</nanos>
  <sequence>245</sequence>
  <level>END</level>
  <class>com.kms.katalon.core.logging.XmlKeywordLogger</class>
  <method>endKeyword</method>
  <thread>1</thread>
  <message>End action : click(findTestObject(&amp;quot;Login/icon_sign_in&amp;quot;))</message>
  <nestedLevel>1</nestedLevel>
  <escapedJava>false</escapedJava>
</record>
<record>
  <date>2026-05-08T06:33:07.624995Z</date>
  <millis>1778221987624</millis>
  <nanos>995000</nanos>
  <sequence>246</sequence>
  <level>START</level>
  <class>com.kms.katalon.core.logging.XmlKeywordLogger</class>
  <method>startKeyword</method>
  <thread>1</thread>
  <message>Start action : click(findTestObject(&amp;quot;Login/email_field&amp;quot;))</message>
  <nestedLevel>1</nestedLevel>
  <escapedJava>false</escapedJava>
  <property name="startLine">26</property>
  <property name="stepIndex">4</property>
</record>
<record>
  <date>2026-05-08T06:33:08.330081Z</date>
  <millis>1778221988330</millis>
  <nanos>81000</nanos>
  <sequence>257</sequence>
  <level>PASSED</level>
  <class>com.kms.katalon.core.logging.XmlKeywordLogger</class>
  <method>logMessage</method>
  <thread>1</thread>
  <message>Object: &amp;apos;Object Repository/Login/email_field&amp;apos; is clicked on</message>
  <nestedLevel>1</nestedLevel>
  <escapedJava>false</escapedJava>
  <property name="testops-method-name">com.kms.katalon.core.webui.keyword.internal.WebUIKeywordMain.runKeywordUntilTimeout</property>
  <property name="testops-execution-stacktrace">com.kms.katalon.core.logging.KeywordLogger.logPassed(KeywordLogger.java:350)
com.kms.katalon.core.logging.KeywordLogger.logPassed(KeywordLogger.java:345)
com.kms.katalon.core.webui.keyword.builtin.ClickKeyword$_click_closure1.doCall(ClickKeyword.groovy:66)
java.base/jdk.internal.reflect.DirectMethodHandleAccessor.invoke(DirectMethodHandleAccessor.java:103)
jdk.proxy2/jdk.proxy2.$Proxy56.execute(Unknown Source)
com.kms.katalon.core.webui.model.SeleniumActionRetryController.performAction(SeleniumActionRetryController.java:96)
com.kms.katalon.core.webui.model.SeleniumActionRetryController.performAction(SeleniumActionRetryController.java:83)
com.kms.katalon.core.webui.keyword.internal.WebUIKeywordMain$_runKeywordUntilTimeout_closure1.doCall(WebUIKeywordMain.groovy:135)
com.kms.katalon.core.webui.keyword.internal.WebUIKeywordMain$_runKeywordUntilTimeout_closure1.call(WebUIKeywordMain.groovy)
com.kms.katalon.core.webui.keyword.internal.WebUIKeywordMain.runKeyword(WebUIKeywordMain.groovy:41)
com.kms.katalon.core.webui.keyword.internal.WebUIKeywordMain.runKeywordUntilTimeout(WebUIKeywordMain.groovy:133)
com.kms.katalon.core.webui.keyword.builtin.ClickKeyword.click(ClickKeyword.groovy:72)
com.kms.katalon.core.webui.keyword.builtin.ClickKeyword.execute(ClickKeyword.groovy:38)
com.kms.katalon.core.keyword.internal.KeywordExecutor.executeKeywordForPlatform(KeywordExecutor.groovy:99)
com.kms.katalon.core.webui.keyword.WebUiBuiltInKeywords.click(WebUiBuiltInKeywords.groovy:722)
Login with empty input.run(Login with empty input:26)
</property>
</record>
<record>
  <date>2026-05-08T06:33:08.331253Z</date>
  <millis>1778221988331</millis>
  <nanos>253000</nanos>
  <sequence>258</sequence>
  <level>END</level>
  <class>com.kms.katalon.core.logging.XmlKeywordLogger</class>
  <method>endKeyword</method>
  <thread>1</thread>
  <message>End action : click(findTestObject(&amp;quot;Login/email_field&amp;quot;))</message>
  <nestedLevel>1</nestedLevel>
  <escapedJava>false</escapedJava>
</record>
<record>
  <date>2026-05-08T06:33:08.331409Z</date>
  <millis>1778221988331</millis>
  <nanos>409000</nanos>
  <sequence>259</sequence>
  <level>START</level>
  <class>com.kms.katalon.core.logging.XmlKeywordLogger</class>
  <method>startKeyword</method>
  <thread>1</thread>
  <message>Start action : click(findTestObject(&amp;quot;Login/password_field&amp;quot;))</message>
  <nestedLevel>1</nestedLevel>
  <escapedJava>false</escapedJava>
  <property name="startLine">28</property>
  <property name="stepIndex">5</property>
</record>
<record>
  <date>2026-05-08T06:33:08.625520Z</date>
  <millis>1778221988625</millis>
  <nanos>520000</nanos>
  <sequence>270</sequence>
  <level>PASSED</level>
  <class>com.kms.katalon.core.logging.XmlKeywordLogger</class>
  <method>logMessage</method>
  <thread>1</thread>
  <message>Object: &amp;apos;Object Repository/Login/password_field&amp;apos; is clicked on</message>
  <nestedLevel>1</nestedLevel>
  <escapedJava>false</escapedJava>
  <property name="testops-method-name">com.kms.katalon.core.webui.keyword.internal.WebUIKeywordMain.runKeywordUntilTimeout</property>
  <property name="testops-execution-stacktrace">com.kms.katalon.core.logging.KeywordLogger.logPassed(KeywordLogger.java:350)
com.kms.katalon.core.logging.KeywordLogger.logPassed(KeywordLogger.java:345)
com.kms.katalon.core.webui.keyword.builtin.ClickKeyword$_click_closure1.doCall(ClickKeyword.groovy:66)
java.base/jdk.internal.reflect.DirectMethodHandleAccessor.invoke(DirectMethodHandleAccessor.java:103)
jdk.proxy2/jdk.proxy2.$Proxy56.execute(Unknown Source)
com.kms.katalon.core.webui.model.SeleniumActionRetryController.performAction(SeleniumActionRetryController.java:96)
com.kms.katalon.core.webui.model.SeleniumActionRetryController.performAction(SeleniumActionRetryController.java:83)
com.kms.katalon.core.webui.keyword.internal.WebUIKeywordMain$_runKeywordUntilTimeout_closure1.doCall(WebUIKeywordMain.groovy:135)
com.kms.katalon.core.webui.keyword.internal.WebUIKeywordMain$_runKeywordUntilTimeout_closure1.call(WebUIKeywordMain.groovy)
com.kms.katalon.core.webui.keyword.internal.WebUIKeywordMain.runKeyword(WebUIKeywordMain.groovy:41)
com.kms.katalon.core.webui.keyword.internal.WebUIKeywordMain.runKeywordUntilTimeout(WebUIKeywordMain.groovy:133)
com.kms.katalon.core.webui.keyword.builtin.ClickKeyword.click(ClickKeyword.groovy:72)
com.kms.katalon.core.webui.keyword.builtin.ClickKeyword.execute(ClickKeyword.groovy:38)
com.kms.katalon.core.keyword.internal.KeywordExecutor.executeKeywordForPlatform(KeywordExecutor.groovy:99)
com.kms.katalon.core.webui.keyword.WebUiBuiltInKeywords.click(WebUiBuiltInKeywords.groovy:722)
Login with empty input.run(Login with empty input:28)
</property>
</record>
<record>
  <date>2026-05-08T06:33:08.627811Z</date>
  <millis>1778221988627</millis>
  <nanos>811000</nanos>
  <sequence>271</sequence>
  <level>END</level>
  <class>com.kms.katalon.core.logging.XmlKeywordLogger</class>
  <method>endKeyword</method>
  <thread>1</thread>
  <message>End action : click(findTestObject(&amp;quot;Login/password_field&amp;quot;))</message>
  <nestedLevel>1</nestedLevel>
  <escapedJava>false</escapedJava>
</record>
<record>
  <date>2026-05-08T06:33:08.628119Z</date>
  <millis>1778221988628</millis>
  <nanos>119000</nanos>
  <sequence>272</sequence>
  <level>START</level>
  <class>com.kms.katalon.core.logging.XmlKeywordLogger</class>
  <method>startKeyword</method>
  <thread>1</thread>
  <message>Start action : click(findTestObject(&amp;quot;Login/btn_sign_in&amp;quot;))</message>
  <nestedLevel>1</nestedLevel>
  <escapedJava>false</escapedJava>
  <property name="startLine">30</property>
  <property name="stepIndex">6</property>
</record>
<record>
  <date>2026-05-08T06:33:08.908135Z</date>
  <millis>1778221988908</millis>
  <nanos>135000</nanos>
  <sequence>283</sequence>
  <level>PASSED</level>
  <class>com.kms.katalon.core.logging.XmlKeywordLogger</class>
  <method>logMessage</method>
  <thread>1</thread>
  <message>Object: &amp;apos;Object Repository/Login/btn_sign_in&amp;apos; is clicked on</message>
  <nestedLevel>1</nestedLevel>
  <escapedJava>false</escapedJava>
  <property name="testops-method-name">com.kms.katalon.core.webui.keyword.internal.WebUIKeywordMain.runKeywordUntilTimeout</property>
  <property name="testops-execution-stacktrace">com.kms.katalon.core.logging.KeywordLogger.logPassed(KeywordLogger.java:350)
com.kms.katalon.core.logging.KeywordLogger.logPassed(KeywordLogger.java:345)
com.kms.katalon.core.webui.keyword.builtin.ClickKeyword$_click_closure1.doCall(ClickKeyword.groovy:66)
java.base/jdk.internal.reflect.DirectMethodHandleAccessor.invoke(DirectMethodHandleAccessor.java:103)
jdk.proxy2/jdk.proxy2.$Proxy56.execute(Unknown Source)
com.kms.katalon.core.webui.model.SeleniumActionRetryController.performAction(SeleniumActionRetryController.java:96)
com.kms.katalon.core.webui.model.SeleniumActionRetryController.performAction(SeleniumActionRetryController.java:83)
com.kms.katalon.core.webui.keyword.internal.WebUIKeywordMain$_runKeywordUntilTimeout_closure1.doCall(WebUIKeywordMain.groovy:135)
com.kms.katalon.core.webui.keyword.internal.WebUIKeywordMain$_runKeywordUntilTimeout_closure1.call(WebUIKeywordMain.groovy)
com.kms.katalon.core.webui.keyword.internal.WebUIKeywordMain.runKeyword(WebUIKeywordMain.groovy:41)
com.kms.katalon.core.webui.keyword.internal.WebUIKeywordMain.runKeywordUntilTimeout(WebUIKeywordMain.groovy:133)
com.kms.katalon.core.webui.keyword.builtin.ClickKeyword.click(ClickKeyword.groovy:72)
com.kms.katalon.core.webui.keyword.builtin.ClickKeyword.execute(ClickKeyword.groovy:38)
com.kms.katalon.core.keyword.internal.KeywordExecutor.executeKeywordForPlatform(KeywordExecutor.groovy:99)
com.kms.katalon.core.webui.keyword.WebUiBuiltInKeywords.click(WebUiBuiltInKeywords.groovy:722)
Login with empty input.run(Login with empty input:30)
</property>
</record>
<record>
  <date>2026-05-08T06:33:08.909642Z</date>
  <millis>1778221988909</millis>
  <nanos>642000</nanos>
  <sequence>284</sequence>
  <level>END</level>
  <class>com.kms.katalon.core.logging.XmlKeywordLogger</class>
  <method>endKeyword</method>
  <thread>1</thread>
  <message>End action : click(findTestObject(&amp;quot;Login/btn_sign_in&amp;quot;))</message>
  <nestedLevel>1</nestedLevel>
  <escapedJava>false</escapedJava>
</record>
<record>
  <date>2026-05-08T06:33:08.909924Z</date>
  <millis>1778221988909</millis>
  <nanos>924000</nanos>
  <sequence>285</sequence>
  <level>START</level>
  <class>com.kms.katalon.core.logging.XmlKeywordLogger</class>
  <method>startKeyword</method>
  <thread>1</thread>
  <message>Start action : click(findTestObject(&amp;quot;Login/page_login&amp;quot;))</message>
  <nestedLevel>1</nestedLevel>
  <escapedJava>false</escapedJava>
  <property name="startLine">32</property>
  <property name="stepIndex">7</property>
</record>
<record>
  <date>2026-05-08T06:33:09.345161Z</date>
  <millis>1778221989345</millis>
  <nanos>161000</nanos>
  <sequence>296</sequence>
  <level>PASSED</level>
  <class>com.kms.katalon.core.logging.XmlKeywordLogger</class>
  <method>logMessage</method>
  <thread>1</thread>
  <message>Object: &amp;apos;Object Repository/Login/page_login&amp;apos; is clicked on</message>
  <nestedLevel>1</nestedLevel>
  <escapedJava>false</escapedJava>
  <property name="testops-method-name">com.kms.katalon.core.webui.keyword.internal.WebUIKeywordMain.runKeywordUntilTimeout</property>
  <property name="testops-execution-stacktrace">com.kms.katalon.core.logging.KeywordLogger.logPassed(KeywordLogger.java:350)
com.kms.katalon.core.logging.KeywordLogger.logPassed(KeywordLogger.java:345)
com.kms.katalon.core.webui.keyword.builtin.ClickKeyword$_click_closure1.doCall(ClickKeyword.groovy:66)
java.base/jdk.internal.reflect.DirectMethodHandleAccessor.invoke(DirectMethodHandleAccessor.java:103)
jdk.proxy2/jdk.proxy2.$Proxy56.execute(Unknown Source)
com.kms.katalon.core.webui.model.SeleniumActionRetryController.performAction(SeleniumActionRetryController.java:96)
com.kms.katalon.core.webui.model.SeleniumActionRetryController.performAction(SeleniumActionRetryController.java:83)
com.kms.katalon.core.webui.keyword.internal.WebUIKeywordMain$_runKeywordUntilTimeout_closure1.doCall(WebUIKeywordMain.groovy:135)
com.kms.katalon.core.webui.keyword.internal.WebUIKeywordMain$_runKeywordUntilTimeout_closure1.call(WebUIKeywordMain.groovy)
com.kms.katalon.core.webui.keyword.internal.WebUIKeywordMain.runKeyword(WebUIKeywordMain.groovy:41)
com.kms.katalon.core.webui.keyword.internal.WebUIKeywordMain.runKeywordUntilTimeout(WebUIKeywordMain.groovy:133)
com.kms.katalon.core.webui.keyword.builtin.ClickKeyword.click(ClickKeyword.groovy:72)
com.kms.katalon.core.webui.keyword.builtin.ClickKeyword.execute(ClickKeyword.groovy:38)
com.kms.katalon.core.keyword.internal.KeywordExecutor.executeKeywordForPlatform(KeywordExecutor.groovy:99)
com.kms.katalon.core.webui.keyword.WebUiBuiltInKeywords.click(WebUiBuiltInKeywords.groovy:722)
Login with empty input.run(Login with empty input:32)
</property>
</record>
<record>
  <date>2026-05-08T06:33:09.347159Z</date>
  <millis>1778221989347</millis>
  <nanos>159000</nanos>
  <sequence>297</sequence>
  <level>END</level>
  <class>com.kms.katalon.core.logging.XmlKeywordLogger</class>
  <method>endKeyword</method>
  <thread>1</thread>
  <message>End action : click(findTestObject(&amp;quot;Login/page_login&amp;quot;))</message>
  <nestedLevel>1</nestedLevel>
  <escapedJava>false</escapedJava>
</record>
<record>
  <date>2026-05-08T06:33:09.347464Z</date>
  <millis>1778221989347</millis>
  <nanos>464000</nanos>
  <sequence>298</sequence>
  <level>START</level>
  <class>com.kms.katalon.core.logging.XmlKeywordLogger</class>
  <method>startKeyword</method>
  <thread>1</thread>
  <message>Start action : closeBrowser()</message>
  <nestedLevel>1</nestedLevel>
  <escapedJava>false</escapedJava>
  <property name="startLine">34</property>
  <property name="stepIndex">8</property>
</record>
<record>
  <date>2026-05-08T06:33:09.658080Z</date>
  <millis>1778221989658</millis>
  <nanos>80000</nanos>
  <sequence>301</sequence>
  <level>PASSED</level>
  <class>com.kms.katalon.core.logging.XmlKeywordLogger</class>
  <method>logMessage</method>
  <thread>1</thread>
  <message>Browser is closed</message>
  <nestedLevel>1</nestedLevel>
  <escapedJava>false</escapedJava>
  <property name="testops-method-name">com.kms.katalon.core.webui.keyword.builtin.CloseBrowserKeyword.closeBrowser</property>
  <property name="testops-execution-stacktrace"></property>
</record>
<record>
  <date>2026-05-08T06:33:09.658677Z</date>
  <millis>1778221989658</millis>
  <nanos>677000</nanos>
  <sequence>302</sequence>
  <level>END</level>
  <class>com.kms.katalon.core.logging.XmlKeywordLogger</class>
  <method>endKeyword</method>
  <thread>1</thread>
  <message>End action : closeBrowser()</message>
  <nestedLevel>1</nestedLevel>
  <escapedJava>false</escapedJava>
</record>
<record>
  <date>2026-05-08T06:33:09.659137Z</date>
  <millis>1778221989659</millis>
  <nanos>137000</nanos>
  <sequence>303</sequence>
  <level>PASSED</level>
  <class>com.kms.katalon.core.logging.XmlKeywordLogger</class>
  <method>logMessage</method>
  <thread>1</thread>
  <message>Test Cases/Login Verification/Login with empty input</message>
  <nestedLevel>1</nestedLevel>
  <escapedJava>false</escapedJava>
</record>
<record>
  <date>2026-05-08T06:33:09.659929Z</date>
  <millis>1778221989659</millis>
  <nanos>929000</nanos>
  <sequence>304</sequence>
  <level>END</level>
  <class>com.kms.katalon.core.logging.XmlKeywordLogger</class>
  <method>endTest</method>
  <thread>1</thread>
  <message>End Test Case : Test Cases/Login Verification/Login with empty input</message>
  <nestedLevel>0</nestedLevel>
  <escapedJava>false</escapedJava>
  <property name="executionBindingVariables">[]</property>
  <property name="applitools">false</property>
  <property name="remainingRetryCount">3</property>
  <property name="executedKeywords">{
  &quot;WebUI.closeBrowser&quot;: 1,
  &quot;WebUI.navigateToUrl&quot;: 1,
  &quot;WebUI.click&quot;: 5,
  &quot;WebUI.openBrowser&quot;: 1
}</property>
  <property name="currentRetryCount">0</property>
  <property name="keywordsUsage">{
  &quot;web_ui&quot;: true,
  &quot;web_service&quot;: false,
  &quot;cucumber&quot;: false,
  &quot;builtin&quot;: false,
  &quot;mobile&quot;: false,
  &quot;windows&quot;: false,
  &quot;testng&quot;: false
}</property>
</record>
<record>
  <date>2026-05-08T06:33:09.676357Z</date>
  <millis>1778221989676</millis>
  <nanos>357000</nanos>
  <sequence>305</sequence>
  <level>START</level>
  <class>com.kms.katalon.core.logging.XmlKeywordLogger</class>
  <method>startTest</method>
  <thread>1</thread>
  <message>Start Test Case : Test Cases/Login Verification/Login with unregistered email</message>
  <nestedLevel>1</nestedLevel>
  <escapedJava>false</escapedJava>
  <property name="remainingRetryCount">3</property>
  <property name="origin">WEB_RECORDER</property>
  <property name="name">Test Cases/Login Verification/Login with unregistered email</property>
  <property name="description"></property>
  <property name="iteration"></property>
  <property name="id">Test Cases/Login Verification/Login with unregistered email</property>
  <property name="source">\Users\fazza_abiyyu\Documents\Projects\Hobby\KATALON_QWERTY\Test Cases\Login Verification\Login with unregistered email.tc</property>
  <property name="tag">auth</property>
  <property name="isOptional">false</property>
  <property name="uuid">0fe960bc-9061-4262-9398-4b3b4a6b9ab6</property>
  <property name="currentRetryCount">0</property>
</record>
<record>
  <date>2026-05-08T06:33:09.681885Z</date>
  <millis>1778221989681</millis>
  <nanos>885000</nanos>
  <sequence>307</sequence>
  <level>INFO</level>
  <class>com.kms.katalon.core.logging.XmlKeywordLogger</class>
  <method>logMessage</method>
  <thread>1</thread>
  <message>email = invalid@qwery.com</message>
  <nestedLevel>1</nestedLevel>
  <escapedJava>false</escapedJava>
</record>
<record>
  <date>2026-05-08T06:33:09.682231Z</date>
  <millis>1778221989682</millis>
  <nanos>231000</nanos>
  <sequence>308</sequence>
  <level>INFO</level>
  <class>com.kms.katalon.core.logging.XmlKeywordLogger</class>
  <method>logMessage</method>
  <thread>1</thread>
  <message>password = falsepass</message>
  <nestedLevel>1</nestedLevel>
  <escapedJava>false</escapedJava>
</record>
<record>
  <date>2026-05-08T06:33:09.682592Z</date>
  <millis>1778221989682</millis>
  <nanos>592000</nanos>
  <sequence>309</sequence>
  <level>RUN_DATA</level>
  <class>com.kms.katalon.core.logging.XmlKeywordLogger</class>
  <method>logMessage</method>
  <thread>1</thread>
  <message>executionBindingVariables = [
  {
    &amp;quot;value&amp;quot;: &amp;quot;invalid@qwery.com&amp;quot;,
    &amp;quot;isDefault&amp;quot;: false,
    &amp;quot;name&amp;quot;: &amp;quot;email&amp;quot;,
    &amp;quot;masked&amp;quot;: false
  },
  {
    &amp;quot;value&amp;quot;: &amp;quot;falsepass&amp;quot;,
    &amp;quot;isDefault&amp;quot;: false,
    &amp;quot;name&amp;quot;: &amp;quot;password&amp;quot;,
    &amp;quot;masked&amp;quot;: false
  }
]</message>
  <nestedLevel>1</nestedLevel>
  <escapedJava>false</escapedJava>
  <property name="executionBindingVariables">[
  {
    &quot;value&quot;: &quot;invalid@qwery.com&quot;,
    &quot;isDefault&quot;: false,
    &quot;name&quot;: &quot;email&quot;,
    &quot;masked&quot;: false
  },
  {
    &quot;value&quot;: &quot;falsepass&quot;,
    &quot;isDefault&quot;: false,
    &quot;name&quot;: &quot;password&quot;,
    &quot;masked&quot;: false
  }
]</property>
</record>
<record>
  <date>2026-05-08T06:33:09.683863Z</date>
  <millis>1778221989683</millis>
  <nanos>863000</nanos>
  <sequence>310</sequence>
  <level>START</level>
  <class>com.kms.katalon.core.logging.XmlKeywordLogger</class>
  <method>startKeyword</method>
  <thread>1</thread>
  <message>Start action : openBrowser(&amp;quot;&amp;quot;)</message>
  <nestedLevel>1</nestedLevel>
  <escapedJava>false</escapedJava>
  <property name="startLine">20</property>
  <property name="stepIndex">1</property>
</record>
<record>
  <date>2026-05-08T06:33:09.685162Z</date>
  <millis>1778221989685</millis>
  <nanos>162000</nanos>
  <sequence>313</sequence>
  <level>INFO</level>
  <class>com.kms.katalon.core.logging.XmlKeywordLogger</class>
  <method>logMessage</method>
  <thread>1</thread>
  <message>Starting &amp;apos;Chrome&amp;apos; driver</message>
  <nestedLevel>1</nestedLevel>
  <escapedJava>false</escapedJava>
</record>
<record>
  <date>2026-05-08T06:33:09.686492Z</date>
  <millis>1778221989686</millis>
  <nanos>492000</nanos>
  <sequence>314</sequence>
  <level>INFO</level>
  <class>com.kms.katalon.core.logging.XmlKeywordLogger</class>
  <method>logMessage</method>
  <thread>1</thread>
  <message>Action delay is set to 0 milliseconds</message>
  <nestedLevel>1</nestedLevel>
  <escapedJava>false</escapedJava>
</record>
<record>
  <date>2026-05-08T06:33:12.227771Z</date>
  <millis>1778221992227</millis>
  <nanos>771000</nanos>
  <sequence>316</sequence>
  <level>RUN_DATA</level>
  <class>com.kms.katalon.core.logging.XmlKeywordLogger</class>
  <method>logMessage</method>
  <thread>1</thread>
  <message>sessionId = bcacaddd72622d01c8232bd51179d85f</message>
  <nestedLevel>1</nestedLevel>
  <escapedJava>false</escapedJava>
  <property name="sessionId">bcacaddd72622d01c8232bd51179d85f</property>
</record>
<record>
  <date>2026-05-08T06:33:12.228340Z</date>
  <millis>1778221992228</millis>
  <nanos>340000</nanos>
  <sequence>317</sequence>
  <level>RUN_DATA</level>
  <class>com.kms.katalon.core.logging.XmlKeywordLogger</class>
  <method>logMessage</method>
  <thread>1</thread>
  <message>browser = Chrome 147.0.7727.138</message>
  <nestedLevel>1</nestedLevel>
  <escapedJava>false</escapedJava>
  <property name="browser">Chrome 147.0.7727.138</property>
</record>
<record>
  <date>2026-05-08T06:33:12.228667Z</date>
  <millis>1778221992228</millis>
  <nanos>667000</nanos>
  <sequence>318</sequence>
  <level>RUN_DATA</level>
  <class>com.kms.katalon.core.logging.XmlKeywordLogger</class>
  <method>logMessage</method>
  <thread>1</thread>
  <message>platform = Mac OS X</message>
  <nestedLevel>1</nestedLevel>
  <escapedJava>false</escapedJava>
  <property name="platform">Mac OS X</property>
</record>
<record>
  <date>2026-05-08T06:33:12.228814Z</date>
  <millis>1778221992228</millis>
  <nanos>814000</nanos>
  <sequence>319</sequence>
  <level>RUN_DATA</level>
  <class>com.kms.katalon.core.logging.XmlKeywordLogger</class>
  <method>logMessage</method>
  <thread>1</thread>
  <message>seleniumVersion = 4.39.0</message>
  <nestedLevel>1</nestedLevel>
  <escapedJava>false</escapedJava>
  <property name="seleniumVersion">4.39.0</property>
</record>
<record>
  <date>2026-05-08T06:33:12.229213Z</date>
  <millis>1778221992229</millis>
  <nanos>213000</nanos>
  <sequence>320</sequence>
  <level>RUN_DATA</level>
  <class>com.kms.katalon.core.logging.XmlKeywordLogger</class>
  <method>logMessage</method>
  <thread>1</thread>
  <message>proxyInformation = ProxyInformation { proxyOption=NO_PROXY, proxyServerType=HTTP, username=, password=********, proxyServerAddress=, proxyServerPort=0, executionList=&amp;quot;&amp;quot;, isApplyToDesiredCapabilities=true }</message>
  <nestedLevel>1</nestedLevel>
  <escapedJava>false</escapedJava>
  <property name="proxyInformation">ProxyInformation { proxyOption=NO_PROXY, proxyServerType=HTTP, username=, password=********, proxyServerAddress=, proxyServerPort=0, executionList=&quot;&quot;, isApplyToDesiredCapabilities=true }</property>
</record>
<record>
  <date>2026-05-08T06:33:12.237315Z</date>
  <millis>1778221992237</millis>
  <nanos>315000</nanos>
  <sequence>321</sequence>
  <level>PASSED</level>
  <class>com.kms.katalon.core.logging.XmlKeywordLogger</class>
  <method>logMessage</method>
  <thread>1</thread>
  <message>Browser is opened with url: &amp;apos;&amp;apos;</message>
  <nestedLevel>1</nestedLevel>
  <escapedJava>false</escapedJava>
  <property name="testops-method-name">com.kms.katalon.core.webui.keyword.builtin.OpenBrowserKeyword.openBrowser</property>
  <property name="testops-execution-stacktrace"></property>
</record>
<record>
  <date>2026-05-08T06:33:12.237898Z</date>
  <millis>1778221992237</millis>
  <nanos>898000</nanos>
  <sequence>322</sequence>
  <level>END</level>
  <class>com.kms.katalon.core.logging.XmlKeywordLogger</class>
  <method>endKeyword</method>
  <thread>1</thread>
  <message>End action : openBrowser(&amp;quot;&amp;quot;)</message>
  <nestedLevel>1</nestedLevel>
  <escapedJava>false</escapedJava>
</record>
<record>
  <date>2026-05-08T06:33:12.238053Z</date>
  <millis>1778221992238</millis>
  <nanos>53000</nanos>
  <sequence>323</sequence>
  <level>START</level>
  <class>com.kms.katalon.core.logging.XmlKeywordLogger</class>
  <method>startKeyword</method>
  <thread>1</thread>
  <message>Start action : navigateToUrl(&amp;quot;https://qwerty.abiyyu.xyz/&amp;quot;)</message>
  <nestedLevel>1</nestedLevel>
  <escapedJava>false</escapedJava>
  <property name="startLine">22</property>
  <property name="stepIndex">2</property>
</record>
<record>
  <date>2026-05-08T06:33:12.750561Z</date>
  <millis>1778221992750</millis>
  <nanos>561000</nanos>
  <sequence>327</sequence>
  <level>PASSED</level>
  <class>com.kms.katalon.core.logging.XmlKeywordLogger</class>
  <method>logMessage</method>
  <thread>1</thread>
  <message>Navigate to &amp;apos;https://qwerty.abiyyu.xyz/&amp;apos; successfully</message>
  <nestedLevel>1</nestedLevel>
  <escapedJava>false</escapedJava>
  <property name="testops-method-name">com.kms.katalon.core.webui.keyword.builtin.NavigateToUrlKeyword.navigateToUrl</property>
  <property name="testops-execution-stacktrace"></property>
</record>
<record>
  <date>2026-05-08T06:33:12.752630Z</date>
  <millis>1778221992752</millis>
  <nanos>630000</nanos>
  <sequence>328</sequence>
  <level>END</level>
  <class>com.kms.katalon.core.logging.XmlKeywordLogger</class>
  <method>endKeyword</method>
  <thread>1</thread>
  <message>End action : navigateToUrl(&amp;quot;https://qwerty.abiyyu.xyz/&amp;quot;)</message>
  <nestedLevel>1</nestedLevel>
  <escapedJava>false</escapedJava>
</record>
<record>
  <date>2026-05-08T06:33:12.754198Z</date>
  <millis>1778221992754</millis>
  <nanos>198000</nanos>
  <sequence>329</sequence>
  <level>START</level>
  <class>com.kms.katalon.core.logging.XmlKeywordLogger</class>
  <method>startKeyword</method>
  <thread>1</thread>
  <message>Start action : click(findTestObject(&amp;quot;Login/icon_sign_in&amp;quot;))</message>
  <nestedLevel>1</nestedLevel>
  <escapedJava>false</escapedJava>
  <property name="startLine">24</property>
  <property name="stepIndex">3</property>
</record>
<record>
  <date>2026-05-08T06:33:13.923295Z</date>
  <millis>1778221993923</millis>
  <nanos>295000</nanos>
  <sequence>340</sequence>
  <level>PASSED</level>
  <class>com.kms.katalon.core.logging.XmlKeywordLogger</class>
  <method>logMessage</method>
  <thread>1</thread>
  <message>Object: &amp;apos;Object Repository/Login/icon_sign_in&amp;apos; is clicked on</message>
  <nestedLevel>1</nestedLevel>
  <escapedJava>false</escapedJava>
  <property name="testops-method-name">com.kms.katalon.core.webui.keyword.internal.WebUIKeywordMain.runKeywordUntilTimeout</property>
  <property name="testops-execution-stacktrace">com.kms.katalon.core.logging.KeywordLogger.logPassed(KeywordLogger.java:350)
com.kms.katalon.core.logging.KeywordLogger.logPassed(KeywordLogger.java:345)
com.kms.katalon.core.webui.keyword.builtin.ClickKeyword$_click_closure1.doCall(ClickKeyword.groovy:66)
java.base/jdk.internal.reflect.DirectMethodHandleAccessor.invoke(DirectMethodHandleAccessor.java:103)
jdk.proxy2/jdk.proxy2.$Proxy56.execute(Unknown Source)
com.kms.katalon.core.webui.model.SeleniumActionRetryController.performAction(SeleniumActionRetryController.java:96)
com.kms.katalon.core.webui.model.SeleniumActionRetryController.performAction(SeleniumActionRetryController.java:83)
com.kms.katalon.core.webui.keyword.internal.WebUIKeywordMain$_runKeywordUntilTimeout_closure1.doCall(WebUIKeywordMain.groovy:135)
com.kms.katalon.core.webui.keyword.internal.WebUIKeywordMain$_runKeywordUntilTimeout_closure1.call(WebUIKeywordMain.groovy)
com.kms.katalon.core.webui.keyword.internal.WebUIKeywordMain.runKeyword(WebUIKeywordMain.groovy:41)
com.kms.katalon.core.webui.keyword.internal.WebUIKeywordMain.runKeywordUntilTimeout(WebUIKeywordMain.groovy:133)
com.kms.katalon.core.webui.keyword.builtin.ClickKeyword.click(ClickKeyword.groovy:72)
com.kms.katalon.core.webui.keyword.builtin.ClickKeyword.execute(ClickKeyword.groovy:38)
com.kms.katalon.core.keyword.internal.KeywordExecutor.executeKeywordForPlatform(KeywordExecutor.groovy:99)
com.kms.katalon.core.webui.keyword.WebUiBuiltInKeywords.click(WebUiBuiltInKeywords.groovy:722)
Login with invalid credentials.run(Login with invalid credentials:24)
</property>
</record>
<record>
  <date>2026-05-08T06:33:13.924041Z</date>
  <millis>1778221993924</millis>
  <nanos>41000</nanos>
  <sequence>341</sequence>
  <level>END</level>
  <class>com.kms.katalon.core.logging.XmlKeywordLogger</class>
  <method>endKeyword</method>
  <thread>1</thread>
  <message>End action : click(findTestObject(&amp;quot;Login/icon_sign_in&amp;quot;))</message>
  <nestedLevel>1</nestedLevel>
  <escapedJava>false</escapedJava>
</record>
<record>
  <date>2026-05-08T06:33:13.924416Z</date>
  <millis>1778221993924</millis>
  <nanos>416000</nanos>
  <sequence>342</sequence>
  <level>START</level>
  <class>com.kms.katalon.core.logging.XmlKeywordLogger</class>
  <method>startKeyword</method>
  <thread>1</thread>
  <message>Start action : setText(findTestObject(&amp;quot;Login/email_field&amp;quot;), email)</message>
  <nestedLevel>1</nestedLevel>
  <escapedJava>false</escapedJava>
  <property name="startLine">26</property>
  <property name="stepIndex">4</property>
</record>
<record>
  <date>2026-05-08T06:33:14.979445Z</date>
  <millis>1778221994979</millis>
  <nanos>445000</nanos>
  <sequence>356</sequence>
  <level>PASSED</level>
  <class>com.kms.katalon.core.logging.XmlKeywordLogger</class>
  <method>logMessage</method>
  <thread>1</thread>
  <message>Text &amp;apos;invalid@qwery.com&amp;apos; is set on object &amp;apos;Object Repository/Login/email_field&amp;apos;</message>
  <nestedLevel>1</nestedLevel>
  <escapedJava>false</escapedJava>
  <property name="testops-method-name">com.kms.katalon.core.webui.keyword.internal.WebUIKeywordMain.runKeywordUntilTimeout</property>
  <property name="testops-execution-stacktrace">com.kms.katalon.core.logging.KeywordLogger.logPassed(KeywordLogger.java:350)
com.kms.katalon.core.logging.KeywordLogger.logPassed(KeywordLogger.java:345)
com.kms.katalon.core.webui.keyword.builtin.SetTextKeyword$_setText_closure1.doCall(SetTextKeyword.groovy:99)
java.base/jdk.internal.reflect.DirectMethodHandleAccessor.invoke(DirectMethodHandleAccessor.java:103)
jdk.proxy2/jdk.proxy2.$Proxy56.execute(Unknown Source)
com.kms.katalon.core.webui.model.SeleniumActionRetryController.performAction(SeleniumActionRetryController.java:96)
com.kms.katalon.core.webui.model.SeleniumActionRetryController.performAction(SeleniumActionRetryController.java:83)
com.kms.katalon.core.webui.keyword.internal.WebUIKeywordMain$_runKeywordUntilTimeout_closure1.doCall(WebUIKeywordMain.groovy:135)
com.kms.katalon.core.webui.keyword.internal.WebUIKeywordMain$_runKeywordUntilTimeout_closure1.call(WebUIKeywordMain.groovy)
com.kms.katalon.core.webui.keyword.internal.WebUIKeywordMain.runKeyword(WebUIKeywordMain.groovy:41)
com.kms.katalon.core.webui.keyword.internal.WebUIKeywordMain.runKeywordUntilTimeout(WebUIKeywordMain.groovy:133)
com.kms.katalon.core.webui.keyword.builtin.SetTextKeyword.setText(SetTextKeyword.groovy:106)
com.kms.katalon.core.webui.keyword.builtin.SetTextKeyword.execute(SetTextKeyword.groovy:49)
com.kms.katalon.core.keyword.internal.KeywordExecutor.executeKeywordForPlatform(KeywordExecutor.groovy:99)
com.kms.katalon.core.webui.keyword.WebUiBuiltInKeywords.setText(WebUiBuiltInKeywords.groovy:1082)
Login with invalid credentials.run(Login with invalid credentials:26)
</property>
</record>
<record>
  <date>2026-05-08T06:33:14.980099Z</date>
  <millis>1778221994980</millis>
  <nanos>99000</nanos>
  <sequence>357</sequence>
  <level>END</level>
  <class>com.kms.katalon.core.logging.XmlKeywordLogger</class>
  <method>endKeyword</method>
  <thread>1</thread>
  <message>End action : setText(findTestObject(&amp;quot;Login/email_field&amp;quot;), email)</message>
  <nestedLevel>1</nestedLevel>
  <escapedJava>false</escapedJava>
</record>
<record>
  <date>2026-05-08T06:33:14.980226Z</date>
  <millis>1778221994980</millis>
  <nanos>226000</nanos>
  <sequence>358</sequence>
  <level>START</level>
  <class>com.kms.katalon.core.logging.XmlKeywordLogger</class>
  <method>startKeyword</method>
  <thread>1</thread>
  <message>Start action : setText(findTestObject(&amp;quot;Login/password_field&amp;quot;), password)</message>
  <nestedLevel>1</nestedLevel>
  <escapedJava>false</escapedJava>
  <property name="startLine">28</property>
  <property name="stepIndex">5</property>
</record>
<record>
  <date>2026-05-08T06:33:15.510122Z</date>
  <millis>1778221995510</millis>
  <nanos>122000</nanos>
  <sequence>372</sequence>
  <level>PASSED</level>
  <class>com.kms.katalon.core.logging.XmlKeywordLogger</class>
  <method>logMessage</method>
  <thread>1</thread>
  <message>Text &amp;apos;falsepass&amp;apos; is set on object &amp;apos;Object Repository/Login/password_field&amp;apos;</message>
  <nestedLevel>1</nestedLevel>
  <escapedJava>false</escapedJava>
  <property name="testops-method-name">com.kms.katalon.core.webui.keyword.internal.WebUIKeywordMain.runKeywordUntilTimeout</property>
  <property name="testops-execution-stacktrace">com.kms.katalon.core.logging.KeywordLogger.logPassed(KeywordLogger.java:350)
com.kms.katalon.core.logging.KeywordLogger.logPassed(KeywordLogger.java:345)
com.kms.katalon.core.webui.keyword.builtin.SetTextKeyword$_setText_closure1.doCall(SetTextKeyword.groovy:99)
java.base/jdk.internal.reflect.DirectMethodHandleAccessor.invoke(DirectMethodHandleAccessor.java:103)
jdk.proxy2/jdk.proxy2.$Proxy56.execute(Unknown Source)
com.kms.katalon.core.webui.model.SeleniumActionRetryController.performAction(SeleniumActionRetryController.java:96)
com.kms.katalon.core.webui.model.SeleniumActionRetryController.performAction(SeleniumActionRetryController.java:83)
com.kms.katalon.core.webui.keyword.internal.WebUIKeywordMain$_runKeywordUntilTimeout_closure1.doCall(WebUIKeywordMain.groovy:135)
com.kms.katalon.core.webui.keyword.internal.WebUIKeywordMain$_runKeywordUntilTimeout_closure1.call(WebUIKeywordMain.groovy)
com.kms.katalon.core.webui.keyword.internal.WebUIKeywordMain.runKeyword(WebUIKeywordMain.groovy:41)
com.kms.katalon.core.webui.keyword.internal.WebUIKeywordMain.runKeywordUntilTimeout(WebUIKeywordMain.groovy:133)
com.kms.katalon.core.webui.keyword.builtin.SetTextKeyword.setText(SetTextKeyword.groovy:106)
com.kms.katalon.core.webui.keyword.builtin.SetTextKeyword.execute(SetTextKeyword.groovy:49)
com.kms.katalon.core.keyword.internal.KeywordExecutor.executeKeywordForPlatform(KeywordExecutor.groovy:99)
com.kms.katalon.core.webui.keyword.WebUiBuiltInKeywords.setText(WebUiBuiltInKeywords.groovy:1082)
Login with invalid credentials.run(Login with invalid credentials:28)
</property>
</record>
<record>
  <date>2026-05-08T06:33:15.511239Z</date>
  <millis>1778221995511</millis>
  <nanos>239000</nanos>
  <sequence>373</sequence>
  <level>END</level>
  <class>com.kms.katalon.core.logging.XmlKeywordLogger</class>
  <method>endKeyword</method>
  <thread>1</thread>
  <message>End action : setText(findTestObject(&amp;quot;Login/password_field&amp;quot;), password)</message>
  <nestedLevel>1</nestedLevel>
  <escapedJava>false</escapedJava>
</record>
<record>
  <date>2026-05-08T06:33:15.511450Z</date>
  <millis>1778221995511</millis>
  <nanos>450000</nanos>
  <sequence>374</sequence>
  <level>START</level>
  <class>com.kms.katalon.core.logging.XmlKeywordLogger</class>
  <method>startKeyword</method>
  <thread>1</thread>
  <message>Start action : click(findTestObject(&amp;quot;Login/btn_sign_in&amp;quot;))</message>
  <nestedLevel>1</nestedLevel>
  <escapedJava>false</escapedJava>
  <property name="startLine">30</property>
  <property name="stepIndex">6</property>
</record>
<record>
  <date>2026-05-08T06:33:15.784395Z</date>
  <millis>1778221995784</millis>
  <nanos>395000</nanos>
  <sequence>385</sequence>
  <level>PASSED</level>
  <class>com.kms.katalon.core.logging.XmlKeywordLogger</class>
  <method>logMessage</method>
  <thread>1</thread>
  <message>Object: &amp;apos;Object Repository/Login/btn_sign_in&amp;apos; is clicked on</message>
  <nestedLevel>1</nestedLevel>
  <escapedJava>false</escapedJava>
  <property name="testops-method-name">com.kms.katalon.core.webui.keyword.internal.WebUIKeywordMain.runKeywordUntilTimeout</property>
  <property name="testops-execution-stacktrace">com.kms.katalon.core.logging.KeywordLogger.logPassed(KeywordLogger.java:350)
com.kms.katalon.core.logging.KeywordLogger.logPassed(KeywordLogger.java:345)
com.kms.katalon.core.webui.keyword.builtin.ClickKeyword$_click_closure1.doCall(ClickKeyword.groovy:66)
java.base/jdk.internal.reflect.DirectMethodHandleAccessor.invoke(DirectMethodHandleAccessor.java:103)
jdk.proxy2/jdk.proxy2.$Proxy56.execute(Unknown Source)
com.kms.katalon.core.webui.model.SeleniumActionRetryController.performAction(SeleniumActionRetryController.java:96)
com.kms.katalon.core.webui.model.SeleniumActionRetryController.performAction(SeleniumActionRetryController.java:83)
com.kms.katalon.core.webui.keyword.internal.WebUIKeywordMain$_runKeywordUntilTimeout_closure1.doCall(WebUIKeywordMain.groovy:135)
com.kms.katalon.core.webui.keyword.internal.WebUIKeywordMain$_runKeywordUntilTimeout_closure1.call(WebUIKeywordMain.groovy)
com.kms.katalon.core.webui.keyword.internal.WebUIKeywordMain.runKeyword(WebUIKeywordMain.groovy:41)
com.kms.katalon.core.webui.keyword.internal.WebUIKeywordMain.runKeywordUntilTimeout(WebUIKeywordMain.groovy:133)
com.kms.katalon.core.webui.keyword.builtin.ClickKeyword.click(ClickKeyword.groovy:72)
com.kms.katalon.core.webui.keyword.builtin.ClickKeyword.execute(ClickKeyword.groovy:38)
com.kms.katalon.core.keyword.internal.KeywordExecutor.executeKeywordForPlatform(KeywordExecutor.groovy:99)
com.kms.katalon.core.webui.keyword.WebUiBuiltInKeywords.click(WebUiBuiltInKeywords.groovy:722)
Login with invalid credentials.run(Login with invalid credentials:30)
</property>
</record>
<record>
  <date>2026-05-08T06:33:15.785193Z</date>
  <millis>1778221995785</millis>
  <nanos>193000</nanos>
  <sequence>386</sequence>
  <level>END</level>
  <class>com.kms.katalon.core.logging.XmlKeywordLogger</class>
  <method>endKeyword</method>
  <thread>1</thread>
  <message>End action : click(findTestObject(&amp;quot;Login/btn_sign_in&amp;quot;))</message>
  <nestedLevel>1</nestedLevel>
  <escapedJava>false</escapedJava>
</record>
<record>
  <date>2026-05-08T06:33:15.785559Z</date>
  <millis>1778221995785</millis>
  <nanos>559000</nanos>
  <sequence>387</sequence>
  <level>START</level>
  <class>com.kms.katalon.core.logging.XmlKeywordLogger</class>
  <method>startKeyword</method>
  <thread>1</thread>
  <message>Start action : click(findTestObject(&amp;quot;Login/msg_invalid_email_or_password&amp;quot;))</message>
  <nestedLevel>1</nestedLevel>
  <escapedJava>false</escapedJava>
  <property name="startLine">32</property>
  <property name="stepIndex">7</property>
</record>
<record>
  <date>2026-05-08T06:33:16.688862Z</date>
  <millis>1778221996688</millis>
  <nanos>862000</nanos>
  <sequence>398</sequence>
  <level>PASSED</level>
  <class>com.kms.katalon.core.logging.XmlKeywordLogger</class>
  <method>logMessage</method>
  <thread>1</thread>
  <message>Object: &amp;apos;Object Repository/Login/msg_invalid_email_or_password&amp;apos; is clicked on</message>
  <nestedLevel>1</nestedLevel>
  <escapedJava>false</escapedJava>
  <property name="testops-method-name">com.kms.katalon.core.webui.keyword.internal.WebUIKeywordMain.runKeywordUntilTimeout</property>
  <property name="testops-execution-stacktrace">com.kms.katalon.core.logging.KeywordLogger.logPassed(KeywordLogger.java:350)
com.kms.katalon.core.logging.KeywordLogger.logPassed(KeywordLogger.java:345)
com.kms.katalon.core.webui.keyword.builtin.ClickKeyword$_click_closure1.doCall(ClickKeyword.groovy:66)
java.base/jdk.internal.reflect.DirectMethodHandleAccessor.invoke(DirectMethodHandleAccessor.java:103)
jdk.proxy2/jdk.proxy2.$Proxy56.execute(Unknown Source)
com.kms.katalon.core.webui.model.SeleniumActionRetryController.performAction(SeleniumActionRetryController.java:96)
com.kms.katalon.core.webui.model.SeleniumActionRetryController.performAction(SeleniumActionRetryController.java:83)
com.kms.katalon.core.webui.keyword.internal.WebUIKeywordMain$_runKeywordUntilTimeout_closure1.doCall(WebUIKeywordMain.groovy:135)
com.kms.katalon.core.webui.keyword.internal.WebUIKeywordMain$_runKeywordUntilTimeout_closure1.call(WebUIKeywordMain.groovy)
com.kms.katalon.core.webui.keyword.internal.WebUIKeywordMain.runKeyword(WebUIKeywordMain.groovy:41)
com.kms.katalon.core.webui.keyword.internal.WebUIKeywordMain.runKeywordUntilTimeout(WebUIKeywordMain.groovy:133)
com.kms.katalon.core.webui.keyword.builtin.ClickKeyword.click(ClickKeyword.groovy:72)
com.kms.katalon.core.webui.keyword.builtin.ClickKeyword.execute(ClickKeyword.groovy:38)
com.kms.katalon.core.keyword.internal.KeywordExecutor.executeKeywordForPlatform(KeywordExecutor.groovy:99)
com.kms.katalon.core.webui.keyword.WebUiBuiltInKeywords.click(WebUiBuiltInKeywords.groovy:722)
Login with invalid credentials.run(Login with invalid credentials:32)
</property>
</record>
<record>
  <date>2026-05-08T06:33:16.689455Z</date>
  <millis>1778221996689</millis>
  <nanos>455000</nanos>
  <sequence>399</sequence>
  <level>END</level>
  <class>com.kms.katalon.core.logging.XmlKeywordLogger</class>
  <method>endKeyword</method>
  <thread>1</thread>
  <message>End action : click(findTestObject(&amp;quot;Login/msg_invalid_email_or_password&amp;quot;))</message>
  <nestedLevel>1</nestedLevel>
  <escapedJava>false</escapedJava>
</record>
<record>
  <date>2026-05-08T06:33:16.689587Z</date>
  <millis>1778221996689</millis>
  <nanos>587000</nanos>
  <sequence>400</sequence>
  <level>START</level>
  <class>com.kms.katalon.core.logging.XmlKeywordLogger</class>
  <method>startKeyword</method>
  <thread>1</thread>
  <message>Start action : closeBrowser()</message>
  <nestedLevel>1</nestedLevel>
  <escapedJava>false</escapedJava>
  <property name="startLine">34</property>
  <property name="stepIndex">8</property>
</record>
<record>
  <date>2026-05-08T06:33:16.788089Z</date>
  <millis>1778221996788</millis>
  <nanos>89000</nanos>
  <sequence>403</sequence>
  <level>PASSED</level>
  <class>com.kms.katalon.core.logging.XmlKeywordLogger</class>
  <method>logMessage</method>
  <thread>1</thread>
  <message>Browser is closed</message>
  <nestedLevel>1</nestedLevel>
  <escapedJava>false</escapedJava>
  <property name="testops-method-name">com.kms.katalon.core.webui.keyword.builtin.CloseBrowserKeyword.closeBrowser</property>
  <property name="testops-execution-stacktrace"></property>
</record>
<record>
  <date>2026-05-08T06:33:16.788343Z</date>
  <millis>1778221996788</millis>
  <nanos>343000</nanos>
  <sequence>404</sequence>
  <level>END</level>
  <class>com.kms.katalon.core.logging.XmlKeywordLogger</class>
  <method>endKeyword</method>
  <thread>1</thread>
  <message>End action : closeBrowser()</message>
  <nestedLevel>1</nestedLevel>
  <escapedJava>false</escapedJava>
</record>
<record>
  <date>2026-05-08T06:33:16.788496Z</date>
  <millis>1778221996788</millis>
  <nanos>496000</nanos>
  <sequence>405</sequence>
  <level>PASSED</level>
  <class>com.kms.katalon.core.logging.XmlKeywordLogger</class>
  <method>logMessage</method>
  <thread>1</thread>
  <message>Test Cases/Login Verification/Login with unregistered email</message>
  <nestedLevel>1</nestedLevel>
  <escapedJava>false</escapedJava>
</record>
<record>
  <date>2026-05-08T06:33:16.789067Z</date>
  <millis>1778221996789</millis>
  <nanos>67000</nanos>
  <sequence>406</sequence>
  <level>END</level>
  <class>com.kms.katalon.core.logging.XmlKeywordLogger</class>
  <method>endTest</method>
  <thread>1</thread>
  <message>End Test Case : Test Cases/Login Verification/Login with unregistered email</message>
  <nestedLevel>0</nestedLevel>
  <escapedJava>false</escapedJava>
  <property name="executionBindingVariables">[
  {
    &quot;value&quot;: &quot;invalid@qwery.com&quot;,
    &quot;isDefault&quot;: false,
    &quot;name&quot;: &quot;email&quot;,
    &quot;masked&quot;: false
  },
  {
    &quot;value&quot;: &quot;falsepass&quot;,
    &quot;isDefault&quot;: false,
    &quot;name&quot;: &quot;password&quot;,
    &quot;masked&quot;: false
  }
]</property>
  <property name="applitools">false</property>
  <property name="remainingRetryCount">3</property>
  <property name="executedKeywords">{
  &quot;WebUI.closeBrowser&quot;: 1,
  &quot;WebUI.navigateToUrl&quot;: 1,
  &quot;WebUI.click&quot;: 3,
  &quot;WebUI.openBrowser&quot;: 1,
  &quot;WebUI.setText&quot;: 2
}</property>
  <property name="currentRetryCount">0</property>
  <property name="keywordsUsage">{
  &quot;web_ui&quot;: true,
  &quot;web_service&quot;: false,
  &quot;cucumber&quot;: false,
  &quot;builtin&quot;: false,
  &quot;mobile&quot;: false,
  &quot;windows&quot;: false,
  &quot;testng&quot;: false
}</property>
</record>
<record>
  <date>2026-05-08T06:33:16.809460Z</date>
  <millis>1778221996809</millis>
  <nanos>460000</nanos>
  <sequence>407</sequence>
  <level>START</level>
  <class>com.kms.katalon.core.logging.XmlKeywordLogger</class>
  <method>startTest</method>
  <thread>1</thread>
  <message>Start Test Case : Test Cases/Login Verification/Login with SQL-Injection</message>
  <nestedLevel>1</nestedLevel>
  <escapedJava>false</escapedJava>
  <property name="remainingRetryCount">3</property>
  <property name="origin">WEB_RECORDER</property>
  <property name="name">Test Cases/Login Verification/Login with SQL-Injection</property>
  <property name="description"></property>
  <property name="iteration">(bebas)</property>
  <property name="id">Test Cases/Login Verification/Login with SQL-Injection</property>
  <property name="source">\Users\fazza_abiyyu\Documents\Projects\Hobby\KATALON_QWERTY\Test Cases\Login Verification\Login with SQL-Injection.tc</property>
  <property name="tag">auth</property>
  <property name="isOptional">false</property>
  <property name="uuid">8f30e00a-2e73-4a35-8756-77d0eeb91e6f</property>
  <property name="currentRetryCount">0</property>
</record>
<record>
  <date>2026-05-08T06:33:16.815568Z</date>
  <millis>1778221996815</millis>
  <nanos>568000</nanos>
  <sequence>409</sequence>
  <level>INFO</level>
  <class>com.kms.katalon.core.logging.XmlKeywordLogger</class>
  <method>logMessage</method>
  <thread>1</thread>
  <message>email =  OR &amp;apos;1&amp;apos;=&amp;apos;1</message>
  <nestedLevel>1</nestedLevel>
  <escapedJava>false</escapedJava>
</record>
<record>
  <date>2026-05-08T06:33:16.815826Z</date>
  <millis>1778221996815</millis>
  <nanos>826000</nanos>
  <sequence>410</sequence>
  <level>INFO</level>
  <class>com.kms.katalon.core.logging.XmlKeywordLogger</class>
  <method>logMessage</method>
  <thread>1</thread>
  <message>password = (bebas)</message>
  <nestedLevel>1</nestedLevel>
  <escapedJava>false</escapedJava>
</record>
<record>
  <date>2026-05-08T06:33:16.816164Z</date>
  <millis>1778221996816</millis>
  <nanos>164000</nanos>
  <sequence>411</sequence>
  <level>RUN_DATA</level>
  <class>com.kms.katalon.core.logging.XmlKeywordLogger</class>
  <method>logMessage</method>
  <thread>1</thread>
  <message>executionBindingVariables = [
  {
    &amp;quot;value&amp;quot;: &amp;quot; OR \u00271\u0027\u003d\u00271&amp;quot;,
    &amp;quot;isDefault&amp;quot;: false,
    &amp;quot;name&amp;quot;: &amp;quot;email&amp;quot;,
    &amp;quot;masked&amp;quot;: false
  },
  {
    &amp;quot;value&amp;quot;: &amp;quot;(bebas)&amp;quot;,
    &amp;quot;isDefault&amp;quot;: false,
    &amp;quot;name&amp;quot;: &amp;quot;password&amp;quot;,
    &amp;quot;masked&amp;quot;: false
  }
]</message>
  <nestedLevel>1</nestedLevel>
  <escapedJava>false</escapedJava>
  <property name="executionBindingVariables">[
  {
    &quot;value&quot;: &quot; OR \u00271\u0027\u003d\u00271&quot;,
    &quot;isDefault&quot;: false,
    &quot;name&quot;: &quot;email&quot;,
    &quot;masked&quot;: false
  },
  {
    &quot;value&quot;: &quot;(bebas)&quot;,
    &quot;isDefault&quot;: false,
    &quot;name&quot;: &quot;password&quot;,
    &quot;masked&quot;: false
  }
]</property>
</record>
<record>
  <date>2026-05-08T06:33:16.842582Z</date>
  <millis>1778221996842</millis>
  <nanos>582000</nanos>
  <sequence>412</sequence>
  <level>START</level>
  <class>com.kms.katalon.core.logging.XmlKeywordLogger</class>
  <method>startKeyword</method>
  <thread>1</thread>
  <message>Start action : openBrowser(&amp;quot;&amp;quot;)</message>
  <nestedLevel>1</nestedLevel>
  <escapedJava>false</escapedJava>
  <property name="startLine">20</property>
  <property name="stepIndex">1</property>
</record>
<record>
  <date>2026-05-08T06:33:16.844233Z</date>
  <millis>1778221996844</millis>
  <nanos>233000</nanos>
  <sequence>415</sequence>
  <level>INFO</level>
  <class>com.kms.katalon.core.logging.XmlKeywordLogger</class>
  <method>logMessage</method>
  <thread>1</thread>
  <message>Starting &amp;apos;Chrome&amp;apos; driver</message>
  <nestedLevel>1</nestedLevel>
  <escapedJava>false</escapedJava>
</record>
<record>
  <date>2026-05-08T06:33:16.846007Z</date>
  <millis>1778221996846</millis>
  <nanos>7000</nanos>
  <sequence>416</sequence>
  <level>INFO</level>
  <class>com.kms.katalon.core.logging.XmlKeywordLogger</class>
  <method>logMessage</method>
  <thread>1</thread>
  <message>Action delay is set to 0 milliseconds</message>
  <nestedLevel>1</nestedLevel>
  <escapedJava>false</escapedJava>
</record>
<record>
  <date>2026-05-08T06:33:18.604645Z</date>
  <millis>1778221998604</millis>
  <nanos>645000</nanos>
  <sequence>418</sequence>
  <level>RUN_DATA</level>
  <class>com.kms.katalon.core.logging.XmlKeywordLogger</class>
  <method>logMessage</method>
  <thread>1</thread>
  <message>sessionId = 5b1498dc82c4660717c5c99d7d08a566</message>
  <nestedLevel>1</nestedLevel>
  <escapedJava>false</escapedJava>
  <property name="sessionId">5b1498dc82c4660717c5c99d7d08a566</property>
</record>
<record>
  <date>2026-05-08T06:33:18.604985Z</date>
  <millis>1778221998604</millis>
  <nanos>985000</nanos>
  <sequence>419</sequence>
  <level>RUN_DATA</level>
  <class>com.kms.katalon.core.logging.XmlKeywordLogger</class>
  <method>logMessage</method>
  <thread>1</thread>
  <message>browser = Chrome 147.0.7727.138</message>
  <nestedLevel>1</nestedLevel>
  <escapedJava>false</escapedJava>
  <property name="browser">Chrome 147.0.7727.138</property>
</record>
<record>
  <date>2026-05-08T06:33:18.605145Z</date>
  <millis>1778221998605</millis>
  <nanos>145000</nanos>
  <sequence>420</sequence>
  <level>RUN_DATA</level>
  <class>com.kms.katalon.core.logging.XmlKeywordLogger</class>
  <method>logMessage</method>
  <thread>1</thread>
  <message>platform = Mac OS X</message>
  <nestedLevel>1</nestedLevel>
  <escapedJava>false</escapedJava>
  <property name="platform">Mac OS X</property>
</record>
<record>
  <date>2026-05-08T06:33:18.605279Z</date>
  <millis>1778221998605</millis>
  <nanos>279000</nanos>
  <sequence>421</sequence>
  <level>RUN_DATA</level>
  <class>com.kms.katalon.core.logging.XmlKeywordLogger</class>
  <method>logMessage</method>
  <thread>1</thread>
  <message>seleniumVersion = 4.39.0</message>
  <nestedLevel>1</nestedLevel>
  <escapedJava>false</escapedJava>
  <property name="seleniumVersion">4.39.0</property>
</record>
<record>
  <date>2026-05-08T06:33:18.605566Z</date>
  <millis>1778221998605</millis>
  <nanos>566000</nanos>
  <sequence>422</sequence>
  <level>RUN_DATA</level>
  <class>com.kms.katalon.core.logging.XmlKeywordLogger</class>
  <method>logMessage</method>
  <thread>1</thread>
  <message>proxyInformation = ProxyInformation { proxyOption=NO_PROXY, proxyServerType=HTTP, username=, password=********, proxyServerAddress=, proxyServerPort=0, executionList=&amp;quot;&amp;quot;, isApplyToDesiredCapabilities=true }</message>
  <nestedLevel>1</nestedLevel>
  <escapedJava>false</escapedJava>
  <property name="proxyInformation">ProxyInformation { proxyOption=NO_PROXY, proxyServerType=HTTP, username=, password=********, proxyServerAddress=, proxyServerPort=0, executionList=&quot;&quot;, isApplyToDesiredCapabilities=true }</property>
</record>
<record>
  <date>2026-05-08T06:33:18.612794Z</date>
  <millis>1778221998612</millis>
  <nanos>794000</nanos>
  <sequence>423</sequence>
  <level>PASSED</level>
  <class>com.kms.katalon.core.logging.XmlKeywordLogger</class>
  <method>logMessage</method>
  <thread>1</thread>
  <message>Browser is opened with url: &amp;apos;&amp;apos;</message>
  <nestedLevel>1</nestedLevel>
  <escapedJava>false</escapedJava>
  <property name="testops-method-name">com.kms.katalon.core.webui.keyword.builtin.OpenBrowserKeyword.openBrowser</property>
  <property name="testops-execution-stacktrace"></property>
</record>
<record>
  <date>2026-05-08T06:33:18.613689Z</date>
  <millis>1778221998613</millis>
  <nanos>689000</nanos>
  <sequence>424</sequence>
  <level>END</level>
  <class>com.kms.katalon.core.logging.XmlKeywordLogger</class>
  <method>endKeyword</method>
  <thread>1</thread>
  <message>End action : openBrowser(&amp;quot;&amp;quot;)</message>
  <nestedLevel>1</nestedLevel>
  <escapedJava>false</escapedJava>
</record>
<record>
  <date>2026-05-08T06:33:18.613807Z</date>
  <millis>1778221998613</millis>
  <nanos>807000</nanos>
  <sequence>425</sequence>
  <level>START</level>
  <class>com.kms.katalon.core.logging.XmlKeywordLogger</class>
  <method>startKeyword</method>
  <thread>1</thread>
  <message>Start action : navigateToUrl(&amp;quot;https://qwerty.abiyyu.xyz/&amp;quot;)</message>
  <nestedLevel>1</nestedLevel>
  <escapedJava>false</escapedJava>
  <property name="startLine">22</property>
  <property name="stepIndex">2</property>
</record>
<record>
  <date>2026-05-08T06:33:19.395606Z</date>
  <millis>1778221999395</millis>
  <nanos>606000</nanos>
  <sequence>429</sequence>
  <level>PASSED</level>
  <class>com.kms.katalon.core.logging.XmlKeywordLogger</class>
  <method>logMessage</method>
  <thread>1</thread>
  <message>Navigate to &amp;apos;https://qwerty.abiyyu.xyz/&amp;apos; successfully</message>
  <nestedLevel>1</nestedLevel>
  <escapedJava>false</escapedJava>
  <property name="testops-method-name">com.kms.katalon.core.webui.keyword.builtin.NavigateToUrlKeyword.navigateToUrl</property>
  <property name="testops-execution-stacktrace"></property>
</record>
<record>
  <date>2026-05-08T06:33:19.401442Z</date>
  <millis>1778221999401</millis>
  <nanos>442000</nanos>
  <sequence>430</sequence>
  <level>END</level>
  <class>com.kms.katalon.core.logging.XmlKeywordLogger</class>
  <method>endKeyword</method>
  <thread>1</thread>
  <message>End action : navigateToUrl(&amp;quot;https://qwerty.abiyyu.xyz/&amp;quot;)</message>
  <nestedLevel>1</nestedLevel>
  <escapedJava>false</escapedJava>
</record>
<record>
  <date>2026-05-08T06:33:19.414948Z</date>
  <millis>1778221999414</millis>
  <nanos>948000</nanos>
  <sequence>431</sequence>
  <level>START</level>
  <class>com.kms.katalon.core.logging.XmlKeywordLogger</class>
  <method>startKeyword</method>
  <thread>1</thread>
  <message>Start action : click(findTestObject(&amp;quot;Login/icon_sign_in&amp;quot;))</message>
  <nestedLevel>1</nestedLevel>
  <escapedJava>false</escapedJava>
  <property name="startLine">24</property>
  <property name="stepIndex">3</property>
</record>
<record>
  <date>2026-05-08T06:33:20.492333Z</date>
  <millis>1778222000492</millis>
  <nanos>333000</nanos>
  <sequence>442</sequence>
  <level>PASSED</level>
  <class>com.kms.katalon.core.logging.XmlKeywordLogger</class>
  <method>logMessage</method>
  <thread>1</thread>
  <message>Object: &amp;apos;Object Repository/Login/icon_sign_in&amp;apos; is clicked on</message>
  <nestedLevel>1</nestedLevel>
  <escapedJava>false</escapedJava>
  <property name="testops-method-name">com.kms.katalon.core.webui.keyword.internal.WebUIKeywordMain.runKeywordUntilTimeout</property>
  <property name="testops-execution-stacktrace">com.kms.katalon.core.logging.KeywordLogger.logPassed(KeywordLogger.java:350)
com.kms.katalon.core.logging.KeywordLogger.logPassed(KeywordLogger.java:345)
com.kms.katalon.core.webui.keyword.builtin.ClickKeyword$_click_closure1.doCall(ClickKeyword.groovy:66)
java.base/jdk.internal.reflect.DirectMethodHandleAccessor.invoke(DirectMethodHandleAccessor.java:103)
jdk.proxy2/jdk.proxy2.$Proxy56.execute(Unknown Source)
com.kms.katalon.core.webui.model.SeleniumActionRetryController.performAction(SeleniumActionRetryController.java:96)
com.kms.katalon.core.webui.model.SeleniumActionRetryController.performAction(SeleniumActionRetryController.java:83)
com.kms.katalon.core.webui.keyword.internal.WebUIKeywordMain$_runKeywordUntilTimeout_closure1.doCall(WebUIKeywordMain.groovy:135)
com.kms.katalon.core.webui.keyword.internal.WebUIKeywordMain$_runKeywordUntilTimeout_closure1.call(WebUIKeywordMain.groovy)
com.kms.katalon.core.webui.keyword.internal.WebUIKeywordMain.runKeyword(WebUIKeywordMain.groovy:41)
com.kms.katalon.core.webui.keyword.internal.WebUIKeywordMain.runKeywordUntilTimeout(WebUIKeywordMain.groovy:133)
com.kms.katalon.core.webui.keyword.builtin.ClickKeyword.click(ClickKeyword.groovy:72)
com.kms.katalon.core.webui.keyword.builtin.ClickKeyword.execute(ClickKeyword.groovy:38)
com.kms.katalon.core.keyword.internal.KeywordExecutor.executeKeywordForPlatform(KeywordExecutor.groovy:99)
com.kms.katalon.core.webui.keyword.WebUiBuiltInKeywords.click(WebUiBuiltInKeywords.groovy:722)
Login with SQL-Injection.run(Login with SQL-Injection:24)
</property>
</record>
<record>
  <date>2026-05-08T06:33:20.496858Z</date>
  <millis>1778222000496</millis>
  <nanos>858000</nanos>
  <sequence>443</sequence>
  <level>END</level>
  <class>com.kms.katalon.core.logging.XmlKeywordLogger</class>
  <method>endKeyword</method>
  <thread>1</thread>
  <message>End action : click(findTestObject(&amp;quot;Login/icon_sign_in&amp;quot;))</message>
  <nestedLevel>1</nestedLevel>
  <escapedJava>false</escapedJava>
</record>
<record>
  <date>2026-05-08T06:33:20.497496Z</date>
  <millis>1778222000497</millis>
  <nanos>496000</nanos>
  <sequence>444</sequence>
  <level>START</level>
  <class>com.kms.katalon.core.logging.XmlKeywordLogger</class>
  <method>startKeyword</method>
  <thread>1</thread>
  <message>Start action : setText(findTestObject(&amp;quot;Login/email_field&amp;quot;), email)</message>
  <nestedLevel>1</nestedLevel>
  <escapedJava>false</escapedJava>
  <property name="startLine">26</property>
  <property name="stepIndex">4</property>
</record>
<record>
  <date>2026-05-08T06:33:21.507482Z</date>
  <millis>1778222001507</millis>
  <nanos>482000</nanos>
  <sequence>458</sequence>
  <level>PASSED</level>
  <class>com.kms.katalon.core.logging.XmlKeywordLogger</class>
  <method>logMessage</method>
  <thread>1</thread>
  <message>Text &amp;apos; OR &amp;apos;1&amp;apos;=&amp;apos;1&amp;apos; is set on object &amp;apos;Object Repository/Login/email_field&amp;apos;</message>
  <nestedLevel>1</nestedLevel>
  <escapedJava>false</escapedJava>
  <property name="testops-method-name">com.kms.katalon.core.webui.keyword.internal.WebUIKeywordMain.runKeywordUntilTimeout</property>
  <property name="testops-execution-stacktrace">com.kms.katalon.core.logging.KeywordLogger.logPassed(KeywordLogger.java:350)
com.kms.katalon.core.logging.KeywordLogger.logPassed(KeywordLogger.java:345)
com.kms.katalon.core.webui.keyword.builtin.SetTextKeyword$_setText_closure1.doCall(SetTextKeyword.groovy:99)
java.base/jdk.internal.reflect.DirectMethodHandleAccessor.invoke(DirectMethodHandleAccessor.java:103)
jdk.proxy2/jdk.proxy2.$Proxy56.execute(Unknown Source)
com.kms.katalon.core.webui.model.SeleniumActionRetryController.performAction(SeleniumActionRetryController.java:96)
com.kms.katalon.core.webui.model.SeleniumActionRetryController.performAction(SeleniumActionRetryController.java:83)
com.kms.katalon.core.webui.keyword.internal.WebUIKeywordMain$_runKeywordUntilTimeout_closure1.doCall(WebUIKeywordMain.groovy:135)
com.kms.katalon.core.webui.keyword.internal.WebUIKeywordMain$_runKeywordUntilTimeout_closure1.call(WebUIKeywordMain.groovy)
com.kms.katalon.core.webui.keyword.internal.WebUIKeywordMain.runKeyword(WebUIKeywordMain.groovy:41)
com.kms.katalon.core.webui.keyword.internal.WebUIKeywordMain.runKeywordUntilTimeout(WebUIKeywordMain.groovy:133)
com.kms.katalon.core.webui.keyword.builtin.SetTextKeyword.setText(SetTextKeyword.groovy:106)
com.kms.katalon.core.webui.keyword.builtin.SetTextKeyword.execute(SetTextKeyword.groovy:49)
com.kms.katalon.core.keyword.internal.KeywordExecutor.executeKeywordForPlatform(KeywordExecutor.groovy:99)
com.kms.katalon.core.webui.keyword.WebUiBuiltInKeywords.setText(WebUiBuiltInKeywords.groovy:1082)
Login with SQL-Injection.run(Login with SQL-Injection:26)
</property>
</record>
<record>
  <date>2026-05-08T06:33:21.508788Z</date>
  <millis>1778222001508</millis>
  <nanos>788000</nanos>
  <sequence>459</sequence>
  <level>END</level>
  <class>com.kms.katalon.core.logging.XmlKeywordLogger</class>
  <method>endKeyword</method>
  <thread>1</thread>
  <message>End action : setText(findTestObject(&amp;quot;Login/email_field&amp;quot;), email)</message>
  <nestedLevel>1</nestedLevel>
  <escapedJava>false</escapedJava>
</record>
<record>
  <date>2026-05-08T06:33:21.509229Z</date>
  <millis>1778222001509</millis>
  <nanos>229000</nanos>
  <sequence>460</sequence>
  <level>START</level>
  <class>com.kms.katalon.core.logging.XmlKeywordLogger</class>
  <method>startKeyword</method>
  <thread>1</thread>
  <message>Start action : setText(findTestObject(&amp;quot;Login/password_field&amp;quot;), password)</message>
  <nestedLevel>1</nestedLevel>
  <escapedJava>false</escapedJava>
  <property name="startLine">28</property>
  <property name="stepIndex">5</property>
</record>
<record>
  <date>2026-05-08T06:33:22.051829Z</date>
  <millis>1778222002051</millis>
  <nanos>829000</nanos>
  <sequence>474</sequence>
  <level>PASSED</level>
  <class>com.kms.katalon.core.logging.XmlKeywordLogger</class>
  <method>logMessage</method>
  <thread>1</thread>
  <message>Text &amp;apos;(bebas)&amp;apos; is set on object &amp;apos;Object Repository/Login/password_field&amp;apos;</message>
  <nestedLevel>1</nestedLevel>
  <escapedJava>false</escapedJava>
  <property name="testops-method-name">com.kms.katalon.core.webui.keyword.internal.WebUIKeywordMain.runKeywordUntilTimeout</property>
  <property name="testops-execution-stacktrace">com.kms.katalon.core.logging.KeywordLogger.logPassed(KeywordLogger.java:350)
com.kms.katalon.core.logging.KeywordLogger.logPassed(KeywordLogger.java:345)
com.kms.katalon.core.webui.keyword.builtin.SetTextKeyword$_setText_closure1.doCall(SetTextKeyword.groovy:99)
java.base/jdk.internal.reflect.DirectMethodHandleAccessor.invoke(DirectMethodHandleAccessor.java:103)
jdk.proxy2/jdk.proxy2.$Proxy56.execute(Unknown Source)
com.kms.katalon.core.webui.model.SeleniumActionRetryController.performAction(SeleniumActionRetryController.java:96)
com.kms.katalon.core.webui.model.SeleniumActionRetryController.performAction(SeleniumActionRetryController.java:83)
com.kms.katalon.core.webui.keyword.internal.WebUIKeywordMain$_runKeywordUntilTimeout_closure1.doCall(WebUIKeywordMain.groovy:135)
com.kms.katalon.core.webui.keyword.internal.WebUIKeywordMain$_runKeywordUntilTimeout_closure1.call(WebUIKeywordMain.groovy)
com.kms.katalon.core.webui.keyword.internal.WebUIKeywordMain.runKeyword(WebUIKeywordMain.groovy:41)
com.kms.katalon.core.webui.keyword.internal.WebUIKeywordMain.runKeywordUntilTimeout(WebUIKeywordMain.groovy:133)
com.kms.katalon.core.webui.keyword.builtin.SetTextKeyword.setText(SetTextKeyword.groovy:106)
com.kms.katalon.core.webui.keyword.builtin.SetTextKeyword.execute(SetTextKeyword.groovy:49)
com.kms.katalon.core.keyword.internal.KeywordExecutor.executeKeywordForPlatform(KeywordExecutor.groovy:99)
com.kms.katalon.core.webui.keyword.WebUiBuiltInKeywords.setText(WebUiBuiltInKeywords.groovy:1082)
Login with SQL-Injection.run(Login with SQL-Injection:28)
</property>
</record>
<record>
  <date>2026-05-08T06:33:22.053268Z</date>
  <millis>1778222002053</millis>
  <nanos>268000</nanos>
  <sequence>475</sequence>
  <level>END</level>
  <class>com.kms.katalon.core.logging.XmlKeywordLogger</class>
  <method>endKeyword</method>
  <thread>1</thread>
  <message>End action : setText(findTestObject(&amp;quot;Login/password_field&amp;quot;), password)</message>
  <nestedLevel>1</nestedLevel>
  <escapedJava>false</escapedJava>
</record>
<record>
  <date>2026-05-08T06:33:22.053415Z</date>
  <millis>1778222002053</millis>
  <nanos>415000</nanos>
  <sequence>476</sequence>
  <level>START</level>
  <class>com.kms.katalon.core.logging.XmlKeywordLogger</class>
  <method>startKeyword</method>
  <thread>1</thread>
  <message>Start action : click(findTestObject(&amp;quot;Login/btn_sign_in&amp;quot;), STOP_ON_FAILURE)</message>
  <nestedLevel>1</nestedLevel>
  <escapedJava>false</escapedJava>
  <property name="startLine">30</property>
  <property name="stepIndex">6</property>
</record>
<record>
  <date>2026-05-08T06:33:22.333833Z</date>
  <millis>1778222002333</millis>
  <nanos>833000</nanos>
  <sequence>487</sequence>
  <level>PASSED</level>
  <class>com.kms.katalon.core.logging.XmlKeywordLogger</class>
  <method>logMessage</method>
  <thread>1</thread>
  <message>Object: &amp;apos;Object Repository/Login/btn_sign_in&amp;apos; is clicked on</message>
  <nestedLevel>1</nestedLevel>
  <escapedJava>false</escapedJava>
  <property name="testops-method-name">com.kms.katalon.core.webui.keyword.internal.WebUIKeywordMain.runKeywordUntilTimeout</property>
  <property name="testops-execution-stacktrace">com.kms.katalon.core.logging.KeywordLogger.logPassed(KeywordLogger.java:350)
com.kms.katalon.core.logging.KeywordLogger.logPassed(KeywordLogger.java:345)
com.kms.katalon.core.webui.keyword.builtin.ClickKeyword$_click_closure1.doCall(ClickKeyword.groovy:66)
java.base/jdk.internal.reflect.DirectMethodHandleAccessor.invoke(DirectMethodHandleAccessor.java:103)
jdk.proxy2/jdk.proxy2.$Proxy56.execute(Unknown Source)
com.kms.katalon.core.webui.model.SeleniumActionRetryController.performAction(SeleniumActionRetryController.java:96)
com.kms.katalon.core.webui.model.SeleniumActionRetryController.performAction(SeleniumActionRetryController.java:83)
com.kms.katalon.core.webui.keyword.internal.WebUIKeywordMain$_runKeywordUntilTimeout_closure1.doCall(WebUIKeywordMain.groovy:135)
com.kms.katalon.core.webui.keyword.internal.WebUIKeywordMain$_runKeywordUntilTimeout_closure1.call(WebUIKeywordMain.groovy)
com.kms.katalon.core.webui.keyword.internal.WebUIKeywordMain.runKeyword(WebUIKeywordMain.groovy:41)
com.kms.katalon.core.webui.keyword.internal.WebUIKeywordMain.runKeywordUntilTimeout(WebUIKeywordMain.groovy:133)
com.kms.katalon.core.webui.keyword.builtin.ClickKeyword.click(ClickKeyword.groovy:72)
com.kms.katalon.core.webui.keyword.builtin.ClickKeyword.execute(ClickKeyword.groovy:38)
com.kms.katalon.core.keyword.internal.KeywordExecutor.executeKeywordForPlatform(KeywordExecutor.groovy:99)
com.kms.katalon.core.webui.keyword.WebUiBuiltInKeywords.click(WebUiBuiltInKeywords.groovy:685)
Login with SQL-Injection.run(Login with SQL-Injection:30)
</property>
</record>
<record>
  <date>2026-05-08T06:33:22.334820Z</date>
  <millis>1778222002334</millis>
  <nanos>820000</nanos>
  <sequence>488</sequence>
  <level>END</level>
  <class>com.kms.katalon.core.logging.XmlKeywordLogger</class>
  <method>endKeyword</method>
  <thread>1</thread>
  <message>End action : click(findTestObject(&amp;quot;Login/btn_sign_in&amp;quot;), STOP_ON_FAILURE)</message>
  <nestedLevel>1</nestedLevel>
  <escapedJava>false</escapedJava>
</record>
<record>
  <date>2026-05-08T06:33:22.334935Z</date>
  <millis>1778222002334</millis>
  <nanos>935000</nanos>
  <sequence>489</sequence>
  <level>START</level>
  <class>com.kms.katalon.core.logging.XmlKeywordLogger</class>
  <method>startKeyword</method>
  <thread>1</thread>
  <message>Start action : click(findTestObject(&amp;quot;Login/page_login&amp;quot;))</message>
  <nestedLevel>1</nestedLevel>
  <escapedJava>false</escapedJava>
  <property name="startLine">32</property>
  <property name="stepIndex">7</property>
</record>
<record>
  <date>2026-05-08T06:33:22.639925Z</date>
  <millis>1778222002639</millis>
  <nanos>925000</nanos>
  <sequence>500</sequence>
  <level>PASSED</level>
  <class>com.kms.katalon.core.logging.XmlKeywordLogger</class>
  <method>logMessage</method>
  <thread>1</thread>
  <message>Object: &amp;apos;Object Repository/Login/page_login&amp;apos; is clicked on</message>
  <nestedLevel>1</nestedLevel>
  <escapedJava>false</escapedJava>
  <property name="testops-method-name">com.kms.katalon.core.webui.keyword.internal.WebUIKeywordMain.runKeywordUntilTimeout</property>
  <property name="testops-execution-stacktrace">com.kms.katalon.core.logging.KeywordLogger.logPassed(KeywordLogger.java:350)
com.kms.katalon.core.logging.KeywordLogger.logPassed(KeywordLogger.java:345)
com.kms.katalon.core.webui.keyword.builtin.ClickKeyword$_click_closure1.doCall(ClickKeyword.groovy:66)
java.base/jdk.internal.reflect.DirectMethodHandleAccessor.invoke(DirectMethodHandleAccessor.java:103)
jdk.proxy2/jdk.proxy2.$Proxy56.execute(Unknown Source)
com.kms.katalon.core.webui.model.SeleniumActionRetryController.performAction(SeleniumActionRetryController.java:96)
com.kms.katalon.core.webui.model.SeleniumActionRetryController.performAction(SeleniumActionRetryController.java:83)
com.kms.katalon.core.webui.keyword.internal.WebUIKeywordMain$_runKeywordUntilTimeout_closure1.doCall(WebUIKeywordMain.groovy:135)
com.kms.katalon.core.webui.keyword.internal.WebUIKeywordMain$_runKeywordUntilTimeout_closure1.call(WebUIKeywordMain.groovy)
com.kms.katalon.core.webui.keyword.internal.WebUIKeywordMain.runKeyword(WebUIKeywordMain.groovy:41)
com.kms.katalon.core.webui.keyword.internal.WebUIKeywordMain.runKeywordUntilTimeout(WebUIKeywordMain.groovy:133)
com.kms.katalon.core.webui.keyword.builtin.ClickKeyword.click(ClickKeyword.groovy:72)
com.kms.katalon.core.webui.keyword.builtin.ClickKeyword.execute(ClickKeyword.groovy:38)
com.kms.katalon.core.keyword.internal.KeywordExecutor.executeKeywordForPlatform(KeywordExecutor.groovy:99)
com.kms.katalon.core.webui.keyword.WebUiBuiltInKeywords.click(WebUiBuiltInKeywords.groovy:722)
Login with SQL-Injection.run(Login with SQL-Injection:32)
</property>
</record>
<record>
  <date>2026-05-08T06:33:22.641572Z</date>
  <millis>1778222002641</millis>
  <nanos>572000</nanos>
  <sequence>501</sequence>
  <level>END</level>
  <class>com.kms.katalon.core.logging.XmlKeywordLogger</class>
  <method>endKeyword</method>
  <thread>1</thread>
  <message>End action : click(findTestObject(&amp;quot;Login/page_login&amp;quot;))</message>
  <nestedLevel>1</nestedLevel>
  <escapedJava>false</escapedJava>
</record>
<record>
  <date>2026-05-08T06:33:22.642696Z</date>
  <millis>1778222002642</millis>
  <nanos>696000</nanos>
  <sequence>502</sequence>
  <level>START</level>
  <class>com.kms.katalon.core.logging.XmlKeywordLogger</class>
  <method>startKeyword</method>
  <thread>1</thread>
  <message>Start action : closeBrowser()</message>
  <nestedLevel>1</nestedLevel>
  <escapedJava>false</escapedJava>
  <property name="startLine">34</property>
  <property name="stepIndex">8</property>
</record>
<record>
  <date>2026-05-08T06:33:22.757895Z</date>
  <millis>1778222002757</millis>
  <nanos>895000</nanos>
  <sequence>505</sequence>
  <level>PASSED</level>
  <class>com.kms.katalon.core.logging.XmlKeywordLogger</class>
  <method>logMessage</method>
  <thread>1</thread>
  <message>Browser is closed</message>
  <nestedLevel>1</nestedLevel>
  <escapedJava>false</escapedJava>
  <property name="testops-method-name">com.kms.katalon.core.webui.keyword.builtin.CloseBrowserKeyword.closeBrowser</property>
  <property name="testops-execution-stacktrace"></property>
</record>
<record>
  <date>2026-05-08T06:33:22.758223Z</date>
  <millis>1778222002758</millis>
  <nanos>223000</nanos>
  <sequence>506</sequence>
  <level>END</level>
  <class>com.kms.katalon.core.logging.XmlKeywordLogger</class>
  <method>endKeyword</method>
  <thread>1</thread>
  <message>End action : closeBrowser()</message>
  <nestedLevel>1</nestedLevel>
  <escapedJava>false</escapedJava>
</record>
<record>
  <date>2026-05-08T06:33:22.758513Z</date>
  <millis>1778222002758</millis>
  <nanos>513000</nanos>
  <sequence>507</sequence>
  <level>PASSED</level>
  <class>com.kms.katalon.core.logging.XmlKeywordLogger</class>
  <method>logMessage</method>
  <thread>1</thread>
  <message>Test Cases/Login Verification/Login with SQL-Injection</message>
  <nestedLevel>1</nestedLevel>
  <escapedJava>false</escapedJava>
</record>
<record>
  <date>2026-05-08T06:33:22.760246Z</date>
  <millis>1778222002760</millis>
  <nanos>246000</nanos>
  <sequence>508</sequence>
  <level>END</level>
  <class>com.kms.katalon.core.logging.XmlKeywordLogger</class>
  <method>endTest</method>
  <thread>1</thread>
  <message>End Test Case : Test Cases/Login Verification/Login with SQL-Injection</message>
  <nestedLevel>0</nestedLevel>
  <escapedJava>false</escapedJava>
  <property name="executionBindingVariables">[
  {
    &quot;value&quot;: &quot; OR \u00271\u0027\u003d\u00271&quot;,
    &quot;isDefault&quot;: false,
    &quot;name&quot;: &quot;email&quot;,
    &quot;masked&quot;: false
  },
  {
    &quot;value&quot;: &quot;(bebas)&quot;,
    &quot;isDefault&quot;: false,
    &quot;name&quot;: &quot;password&quot;,
    &quot;masked&quot;: false
  }
]</property>
  <property name="applitools">false</property>
  <property name="remainingRetryCount">3</property>
  <property name="executedKeywords">{
  &quot;WebUI.closeBrowser&quot;: 1,
  &quot;WebUI.navigateToUrl&quot;: 1,
  &quot;WebUI.click&quot;: 3,
  &quot;WebUI.openBrowser&quot;: 1,
  &quot;WebUI.setText&quot;: 2
}</property>
  <property name="currentRetryCount">0</property>
  <property name="keywordsUsage">{
  &quot;web_ui&quot;: true,
  &quot;web_service&quot;: false,
  &quot;cucumber&quot;: false,
  &quot;builtin&quot;: false,
  &quot;mobile&quot;: false,
  &quot;windows&quot;: false,
  &quot;testng&quot;: false
}</property>
</record>
<record>
  <date>2026-05-08T06:33:22.788599Z</date>
  <millis>1778222002788</millis>
  <nanos>599000</nanos>
  <sequence>509</sequence>
  <level>START</level>
  <class>com.kms.katalon.core.logging.XmlKeywordLogger</class>
  <method>startTest</method>
  <thread>1</thread>
  <message>Start Test Case : Test Cases/Login Verification/Login with SQL-Injection</message>
  <nestedLevel>1</nestedLevel>
  <escapedJava>false</escapedJava>
  <property name="remainingRetryCount">3</property>
  <property name="origin">WEB_RECORDER</property>
  <property name="name">Test Cases/Login Verification/Login with SQL-Injection</property>
  <property name="description"></property>
  <property name="iteration">(kosong)</property>
  <property name="id">Test Cases/Login Verification/Login with SQL-Injection</property>
  <property name="source">\Users\fazza_abiyyu\Documents\Projects\Hobby\KATALON_QWERTY\Test Cases\Login Verification\Login with SQL-Injection.tc</property>
  <property name="tag">auth</property>
  <property name="isOptional">false</property>
  <property name="uuid">2aae12f1-6c39-440c-925c-6a98fadac689</property>
  <property name="currentRetryCount">0</property>
</record>
<record>
  <date>2026-05-08T06:33:22.798747Z</date>
  <millis>1778222002798</millis>
  <nanos>747000</nanos>
  <sequence>511</sequence>
  <level>INFO</level>
  <class>com.kms.katalon.core.logging.XmlKeywordLogger</class>
  <method>logMessage</method>
  <thread>1</thread>
  <message>email = admin&amp;apos; --</message>
  <nestedLevel>1</nestedLevel>
  <escapedJava>false</escapedJava>
</record>
<record>
  <date>2026-05-08T06:33:22.799576Z</date>
  <millis>1778222002799</millis>
  <nanos>576000</nanos>
  <sequence>512</sequence>
  <level>INFO</level>
  <class>com.kms.katalon.core.logging.XmlKeywordLogger</class>
  <method>logMessage</method>
  <thread>1</thread>
  <message>password = (kosong)</message>
  <nestedLevel>1</nestedLevel>
  <escapedJava>false</escapedJava>
</record>
<record>
  <date>2026-05-08T06:33:22.800171Z</date>
  <millis>1778222002800</millis>
  <nanos>171000</nanos>
  <sequence>513</sequence>
  <level>RUN_DATA</level>
  <class>com.kms.katalon.core.logging.XmlKeywordLogger</class>
  <method>logMessage</method>
  <thread>1</thread>
  <message>executionBindingVariables = [
  {
    &amp;quot;value&amp;quot;: &amp;quot;admin\u0027 --&amp;quot;,
    &amp;quot;isDefault&amp;quot;: false,
    &amp;quot;name&amp;quot;: &amp;quot;email&amp;quot;,
    &amp;quot;masked&amp;quot;: false
  },
  {
    &amp;quot;value&amp;quot;: &amp;quot;(kosong)&amp;quot;,
    &amp;quot;isDefault&amp;quot;: false,
    &amp;quot;name&amp;quot;: &amp;quot;password&amp;quot;,
    &amp;quot;masked&amp;quot;: false
  }
]</message>
  <nestedLevel>1</nestedLevel>
  <escapedJava>false</escapedJava>
  <property name="executionBindingVariables">[
  {
    &quot;value&quot;: &quot;admin\u0027 --&quot;,
    &quot;isDefault&quot;: false,
    &quot;name&quot;: &quot;email&quot;,
    &quot;masked&quot;: false
  },
  {
    &quot;value&quot;: &quot;(kosong)&quot;,
    &quot;isDefault&quot;: false,
    &quot;name&quot;: &quot;password&quot;,
    &quot;masked&quot;: false
  }
]</property>
</record>
<record>
  <date>2026-05-08T06:33:22.801629Z</date>
  <millis>1778222002801</millis>
  <nanos>629000</nanos>
  <sequence>514</sequence>
  <level>START</level>
  <class>com.kms.katalon.core.logging.XmlKeywordLogger</class>
  <method>startKeyword</method>
  <thread>1</thread>
  <message>Start action : openBrowser(&amp;quot;&amp;quot;)</message>
  <nestedLevel>1</nestedLevel>
  <escapedJava>false</escapedJava>
  <property name="startLine">20</property>
  <property name="stepIndex">1</property>
</record>
<record>
  <date>2026-05-08T06:33:22.802873Z</date>
  <millis>1778222002802</millis>
  <nanos>873000</nanos>
  <sequence>517</sequence>
  <level>INFO</level>
  <class>com.kms.katalon.core.logging.XmlKeywordLogger</class>
  <method>logMessage</method>
  <thread>1</thread>
  <message>Starting &amp;apos;Chrome&amp;apos; driver</message>
  <nestedLevel>1</nestedLevel>
  <escapedJava>false</escapedJava>
</record>
<record>
  <date>2026-05-08T06:33:22.804943Z</date>
  <millis>1778222002804</millis>
  <nanos>943000</nanos>
  <sequence>518</sequence>
  <level>INFO</level>
  <class>com.kms.katalon.core.logging.XmlKeywordLogger</class>
  <method>logMessage</method>
  <thread>1</thread>
  <message>Action delay is set to 0 milliseconds</message>
  <nestedLevel>1</nestedLevel>
  <escapedJava>false</escapedJava>
</record>
<record>
  <date>2026-05-08T06:33:24.702542Z</date>
  <millis>1778222004702</millis>
  <nanos>542000</nanos>
  <sequence>520</sequence>
  <level>RUN_DATA</level>
  <class>com.kms.katalon.core.logging.XmlKeywordLogger</class>
  <method>logMessage</method>
  <thread>1</thread>
  <message>sessionId = afc52324371b9b545a6132011a4251c0</message>
  <nestedLevel>1</nestedLevel>
  <escapedJava>false</escapedJava>
  <property name="sessionId">afc52324371b9b545a6132011a4251c0</property>
</record>
<record>
  <date>2026-05-08T06:33:24.703064Z</date>
  <millis>1778222004703</millis>
  <nanos>64000</nanos>
  <sequence>521</sequence>
  <level>RUN_DATA</level>
  <class>com.kms.katalon.core.logging.XmlKeywordLogger</class>
  <method>logMessage</method>
  <thread>1</thread>
  <message>browser = Chrome 147.0.7727.138</message>
  <nestedLevel>1</nestedLevel>
  <escapedJava>false</escapedJava>
  <property name="browser">Chrome 147.0.7727.138</property>
</record>
<record>
  <date>2026-05-08T06:33:24.703387Z</date>
  <millis>1778222004703</millis>
  <nanos>387000</nanos>
  <sequence>522</sequence>
  <level>RUN_DATA</level>
  <class>com.kms.katalon.core.logging.XmlKeywordLogger</class>
  <method>logMessage</method>
  <thread>1</thread>
  <message>platform = Mac OS X</message>
  <nestedLevel>1</nestedLevel>
  <escapedJava>false</escapedJava>
  <property name="platform">Mac OS X</property>
</record>
<record>
  <date>2026-05-08T06:33:24.703571Z</date>
  <millis>1778222004703</millis>
  <nanos>571000</nanos>
  <sequence>523</sequence>
  <level>RUN_DATA</level>
  <class>com.kms.katalon.core.logging.XmlKeywordLogger</class>
  <method>logMessage</method>
  <thread>1</thread>
  <message>seleniumVersion = 4.39.0</message>
  <nestedLevel>1</nestedLevel>
  <escapedJava>false</escapedJava>
  <property name="seleniumVersion">4.39.0</property>
</record>
<record>
  <date>2026-05-08T06:33:24.703871Z</date>
  <millis>1778222004703</millis>
  <nanos>871000</nanos>
  <sequence>524</sequence>
  <level>RUN_DATA</level>
  <class>com.kms.katalon.core.logging.XmlKeywordLogger</class>
  <method>logMessage</method>
  <thread>1</thread>
  <message>proxyInformation = ProxyInformation { proxyOption=NO_PROXY, proxyServerType=HTTP, username=, password=********, proxyServerAddress=, proxyServerPort=0, executionList=&amp;quot;&amp;quot;, isApplyToDesiredCapabilities=true }</message>
  <nestedLevel>1</nestedLevel>
  <escapedJava>false</escapedJava>
  <property name="proxyInformation">ProxyInformation { proxyOption=NO_PROXY, proxyServerType=HTTP, username=, password=********, proxyServerAddress=, proxyServerPort=0, executionList=&quot;&quot;, isApplyToDesiredCapabilities=true }</property>
</record>
<record>
  <date>2026-05-08T06:33:24.710972Z</date>
  <millis>1778222004710</millis>
  <nanos>972000</nanos>
  <sequence>525</sequence>
  <level>PASSED</level>
  <class>com.kms.katalon.core.logging.XmlKeywordLogger</class>
  <method>logMessage</method>
  <thread>1</thread>
  <message>Browser is opened with url: &amp;apos;&amp;apos;</message>
  <nestedLevel>1</nestedLevel>
  <escapedJava>false</escapedJava>
  <property name="testops-method-name">com.kms.katalon.core.webui.keyword.builtin.OpenBrowserKeyword.openBrowser</property>
  <property name="testops-execution-stacktrace"></property>
</record>
<record>
  <date>2026-05-08T06:33:24.711464Z</date>
  <millis>1778222004711</millis>
  <nanos>464000</nanos>
  <sequence>526</sequence>
  <level>END</level>
  <class>com.kms.katalon.core.logging.XmlKeywordLogger</class>
  <method>endKeyword</method>
  <thread>1</thread>
  <message>End action : openBrowser(&amp;quot;&amp;quot;)</message>
  <nestedLevel>1</nestedLevel>
  <escapedJava>false</escapedJava>
</record>
<record>
  <date>2026-05-08T06:33:24.711575Z</date>
  <millis>1778222004711</millis>
  <nanos>575000</nanos>
  <sequence>527</sequence>
  <level>START</level>
  <class>com.kms.katalon.core.logging.XmlKeywordLogger</class>
  <method>startKeyword</method>
  <thread>1</thread>
  <message>Start action : navigateToUrl(&amp;quot;https://qwerty.abiyyu.xyz/&amp;quot;)</message>
  <nestedLevel>1</nestedLevel>
  <escapedJava>false</escapedJava>
  <property name="startLine">22</property>
  <property name="stepIndex">2</property>
</record>
<record>
  <date>2026-05-08T06:33:25.633844Z</date>
  <millis>1778222005633</millis>
  <nanos>844000</nanos>
  <sequence>531</sequence>
  <level>PASSED</level>
  <class>com.kms.katalon.core.logging.XmlKeywordLogger</class>
  <method>logMessage</method>
  <thread>1</thread>
  <message>Navigate to &amp;apos;https://qwerty.abiyyu.xyz/&amp;apos; successfully</message>
  <nestedLevel>1</nestedLevel>
  <escapedJava>false</escapedJava>
  <property name="testops-method-name">com.kms.katalon.core.webui.keyword.builtin.NavigateToUrlKeyword.navigateToUrl</property>
  <property name="testops-execution-stacktrace"></property>
</record>
<record>
  <date>2026-05-08T06:33:25.634556Z</date>
  <millis>1778222005634</millis>
  <nanos>556000</nanos>
  <sequence>532</sequence>
  <level>END</level>
  <class>com.kms.katalon.core.logging.XmlKeywordLogger</class>
  <method>endKeyword</method>
  <thread>1</thread>
  <message>End action : navigateToUrl(&amp;quot;https://qwerty.abiyyu.xyz/&amp;quot;)</message>
  <nestedLevel>1</nestedLevel>
  <escapedJava>false</escapedJava>
</record>
<record>
  <date>2026-05-08T06:33:25.634813Z</date>
  <millis>1778222005634</millis>
  <nanos>813000</nanos>
  <sequence>533</sequence>
  <level>START</level>
  <class>com.kms.katalon.core.logging.XmlKeywordLogger</class>
  <method>startKeyword</method>
  <thread>1</thread>
  <message>Start action : click(findTestObject(&amp;quot;Login/icon_sign_in&amp;quot;))</message>
  <nestedLevel>1</nestedLevel>
  <escapedJava>false</escapedJava>
  <property name="startLine">24</property>
  <property name="stepIndex">3</property>
</record>
<record>
  <date>2026-05-08T06:33:26.317823Z</date>
  <millis>1778222006317</millis>
  <nanos>823000</nanos>
  <sequence>544</sequence>
  <level>PASSED</level>
  <class>com.kms.katalon.core.logging.XmlKeywordLogger</class>
  <method>logMessage</method>
  <thread>1</thread>
  <message>Object: &amp;apos;Object Repository/Login/icon_sign_in&amp;apos; is clicked on</message>
  <nestedLevel>1</nestedLevel>
  <escapedJava>false</escapedJava>
  <property name="testops-method-name">com.kms.katalon.core.webui.keyword.internal.WebUIKeywordMain.runKeywordUntilTimeout</property>
  <property name="testops-execution-stacktrace">com.kms.katalon.core.logging.KeywordLogger.logPassed(KeywordLogger.java:350)
com.kms.katalon.core.logging.KeywordLogger.logPassed(KeywordLogger.java:345)
com.kms.katalon.core.webui.keyword.builtin.ClickKeyword$_click_closure1.doCall(ClickKeyword.groovy:66)
java.base/jdk.internal.reflect.DirectMethodHandleAccessor.invoke(DirectMethodHandleAccessor.java:103)
jdk.proxy2/jdk.proxy2.$Proxy56.execute(Unknown Source)
com.kms.katalon.core.webui.model.SeleniumActionRetryController.performAction(SeleniumActionRetryController.java:96)
com.kms.katalon.core.webui.model.SeleniumActionRetryController.performAction(SeleniumActionRetryController.java:83)
com.kms.katalon.core.webui.keyword.internal.WebUIKeywordMain$_runKeywordUntilTimeout_closure1.doCall(WebUIKeywordMain.groovy:135)
com.kms.katalon.core.webui.keyword.internal.WebUIKeywordMain$_runKeywordUntilTimeout_closure1.call(WebUIKeywordMain.groovy)
com.kms.katalon.core.webui.keyword.internal.WebUIKeywordMain.runKeyword(WebUIKeywordMain.groovy:41)
com.kms.katalon.core.webui.keyword.internal.WebUIKeywordMain.runKeywordUntilTimeout(WebUIKeywordMain.groovy:133)
com.kms.katalon.core.webui.keyword.builtin.ClickKeyword.click(ClickKeyword.groovy:72)
com.kms.katalon.core.webui.keyword.builtin.ClickKeyword.execute(ClickKeyword.groovy:38)
com.kms.katalon.core.keyword.internal.KeywordExecutor.executeKeywordForPlatform(KeywordExecutor.groovy:99)
com.kms.katalon.core.webui.keyword.WebUiBuiltInKeywords.click(WebUiBuiltInKeywords.groovy:722)
Login with SQL-Injection.run(Login with SQL-Injection:24)
</property>
</record>
<record>
  <date>2026-05-08T06:33:26.318505Z</date>
  <millis>1778222006318</millis>
  <nanos>505000</nanos>
  <sequence>545</sequence>
  <level>END</level>
  <class>com.kms.katalon.core.logging.XmlKeywordLogger</class>
  <method>endKeyword</method>
  <thread>1</thread>
  <message>End action : click(findTestObject(&amp;quot;Login/icon_sign_in&amp;quot;))</message>
  <nestedLevel>1</nestedLevel>
  <escapedJava>false</escapedJava>
</record>
<record>
  <date>2026-05-08T06:33:26.318724Z</date>
  <millis>1778222006318</millis>
  <nanos>724000</nanos>
  <sequence>546</sequence>
  <level>START</level>
  <class>com.kms.katalon.core.logging.XmlKeywordLogger</class>
  <method>startKeyword</method>
  <thread>1</thread>
  <message>Start action : setText(findTestObject(&amp;quot;Login/email_field&amp;quot;), email)</message>
  <nestedLevel>1</nestedLevel>
  <escapedJava>false</escapedJava>
  <property name="startLine">26</property>
  <property name="stepIndex">4</property>
</record>
<record>
  <date>2026-05-08T06:33:27.339209Z</date>
  <millis>1778222007339</millis>
  <nanos>209000</nanos>
  <sequence>560</sequence>
  <level>PASSED</level>
  <class>com.kms.katalon.core.logging.XmlKeywordLogger</class>
  <method>logMessage</method>
  <thread>1</thread>
  <message>Text &amp;apos;admin&amp;apos; --&amp;apos; is set on object &amp;apos;Object Repository/Login/email_field&amp;apos;</message>
  <nestedLevel>1</nestedLevel>
  <escapedJava>false</escapedJava>
  <property name="testops-method-name">com.kms.katalon.core.webui.keyword.internal.WebUIKeywordMain.runKeywordUntilTimeout</property>
  <property name="testops-execution-stacktrace">com.kms.katalon.core.logging.KeywordLogger.logPassed(KeywordLogger.java:350)
com.kms.katalon.core.logging.KeywordLogger.logPassed(KeywordLogger.java:345)
com.kms.katalon.core.webui.keyword.builtin.SetTextKeyword$_setText_closure1.doCall(SetTextKeyword.groovy:99)
java.base/jdk.internal.reflect.DirectMethodHandleAccessor.invoke(DirectMethodHandleAccessor.java:103)
jdk.proxy2/jdk.proxy2.$Proxy56.execute(Unknown Source)
com.kms.katalon.core.webui.model.SeleniumActionRetryController.performAction(SeleniumActionRetryController.java:96)
com.kms.katalon.core.webui.model.SeleniumActionRetryController.performAction(SeleniumActionRetryController.java:83)
com.kms.katalon.core.webui.keyword.internal.WebUIKeywordMain$_runKeywordUntilTimeout_closure1.doCall(WebUIKeywordMain.groovy:135)
com.kms.katalon.core.webui.keyword.internal.WebUIKeywordMain$_runKeywordUntilTimeout_closure1.call(WebUIKeywordMain.groovy)
com.kms.katalon.core.webui.keyword.internal.WebUIKeywordMain.runKeyword(WebUIKeywordMain.groovy:41)
com.kms.katalon.core.webui.keyword.internal.WebUIKeywordMain.runKeywordUntilTimeout(WebUIKeywordMain.groovy:133)
com.kms.katalon.core.webui.keyword.builtin.SetTextKeyword.setText(SetTextKeyword.groovy:106)
com.kms.katalon.core.webui.keyword.builtin.SetTextKeyword.execute(SetTextKeyword.groovy:49)
com.kms.katalon.core.keyword.internal.KeywordExecutor.executeKeywordForPlatform(KeywordExecutor.groovy:99)
com.kms.katalon.core.webui.keyword.WebUiBuiltInKeywords.setText(WebUiBuiltInKeywords.groovy:1082)
Login with SQL-Injection.run(Login with SQL-Injection:26)
</property>
</record>
<record>
  <date>2026-05-08T06:33:27.339789Z</date>
  <millis>1778222007339</millis>
  <nanos>789000</nanos>
  <sequence>561</sequence>
  <level>END</level>
  <class>com.kms.katalon.core.logging.XmlKeywordLogger</class>
  <method>endKeyword</method>
  <thread>1</thread>
  <message>End action : setText(findTestObject(&amp;quot;Login/email_field&amp;quot;), email)</message>
  <nestedLevel>1</nestedLevel>
  <escapedJava>false</escapedJava>
</record>
<record>
  <date>2026-05-08T06:33:27.339897Z</date>
  <millis>1778222007339</millis>
  <nanos>897000</nanos>
  <sequence>562</sequence>
  <level>START</level>
  <class>com.kms.katalon.core.logging.XmlKeywordLogger</class>
  <method>startKeyword</method>
  <thread>1</thread>
  <message>Start action : setText(findTestObject(&amp;quot;Login/password_field&amp;quot;), password)</message>
  <nestedLevel>1</nestedLevel>
  <escapedJava>false</escapedJava>
  <property name="startLine">28</property>
  <property name="stepIndex">5</property>
</record>
<record>
  <date>2026-05-08T06:33:27.867376Z</date>
  <millis>1778222007867</millis>
  <nanos>376000</nanos>
  <sequence>576</sequence>
  <level>PASSED</level>
  <class>com.kms.katalon.core.logging.XmlKeywordLogger</class>
  <method>logMessage</method>
  <thread>1</thread>
  <message>Text &amp;apos;(kosong)&amp;apos; is set on object &amp;apos;Object Repository/Login/password_field&amp;apos;</message>
  <nestedLevel>1</nestedLevel>
  <escapedJava>false</escapedJava>
  <property name="testops-method-name">com.kms.katalon.core.webui.keyword.internal.WebUIKeywordMain.runKeywordUntilTimeout</property>
  <property name="testops-execution-stacktrace">com.kms.katalon.core.logging.KeywordLogger.logPassed(KeywordLogger.java:350)
com.kms.katalon.core.logging.KeywordLogger.logPassed(KeywordLogger.java:345)
com.kms.katalon.core.webui.keyword.builtin.SetTextKeyword$_setText_closure1.doCall(SetTextKeyword.groovy:99)
java.base/jdk.internal.reflect.DirectMethodHandleAccessor.invoke(DirectMethodHandleAccessor.java:103)
jdk.proxy2/jdk.proxy2.$Proxy56.execute(Unknown Source)
com.kms.katalon.core.webui.model.SeleniumActionRetryController.performAction(SeleniumActionRetryController.java:96)
com.kms.katalon.core.webui.model.SeleniumActionRetryController.performAction(SeleniumActionRetryController.java:83)
com.kms.katalon.core.webui.keyword.internal.WebUIKeywordMain$_runKeywordUntilTimeout_closure1.doCall(WebUIKeywordMain.groovy:135)
com.kms.katalon.core.webui.keyword.internal.WebUIKeywordMain$_runKeywordUntilTimeout_closure1.call(WebUIKeywordMain.groovy)
com.kms.katalon.core.webui.keyword.internal.WebUIKeywordMain.runKeyword(WebUIKeywordMain.groovy:41)
com.kms.katalon.core.webui.keyword.internal.WebUIKeywordMain.runKeywordUntilTimeout(WebUIKeywordMain.groovy:133)
com.kms.katalon.core.webui.keyword.builtin.SetTextKeyword.setText(SetTextKeyword.groovy:106)
com.kms.katalon.core.webui.keyword.builtin.SetTextKeyword.execute(SetTextKeyword.groovy:49)
com.kms.katalon.core.keyword.internal.KeywordExecutor.executeKeywordForPlatform(KeywordExecutor.groovy:99)
com.kms.katalon.core.webui.keyword.WebUiBuiltInKeywords.setText(WebUiBuiltInKeywords.groovy:1082)
Login with SQL-Injection.run(Login with SQL-Injection:28)
</property>
</record>
<record>
  <date>2026-05-08T06:33:27.867916Z</date>
  <millis>1778222007867</millis>
  <nanos>916000</nanos>
  <sequence>577</sequence>
  <level>END</level>
  <class>com.kms.katalon.core.logging.XmlKeywordLogger</class>
  <method>endKeyword</method>
  <thread>1</thread>
  <message>End action : setText(findTestObject(&amp;quot;Login/password_field&amp;quot;), password)</message>
  <nestedLevel>1</nestedLevel>
  <escapedJava>false</escapedJava>
</record>
<record>
  <date>2026-05-08T06:33:27.868023Z</date>
  <millis>1778222007868</millis>
  <nanos>23000</nanos>
  <sequence>578</sequence>
  <level>START</level>
  <class>com.kms.katalon.core.logging.XmlKeywordLogger</class>
  <method>startKeyword</method>
  <thread>1</thread>
  <message>Start action : click(findTestObject(&amp;quot;Login/btn_sign_in&amp;quot;), STOP_ON_FAILURE)</message>
  <nestedLevel>1</nestedLevel>
  <escapedJava>false</escapedJava>
  <property name="startLine">30</property>
  <property name="stepIndex">6</property>
</record>
<record>
  <date>2026-05-08T06:33:28.133448Z</date>
  <millis>1778222008133</millis>
  <nanos>448000</nanos>
  <sequence>589</sequence>
  <level>PASSED</level>
  <class>com.kms.katalon.core.logging.XmlKeywordLogger</class>
  <method>logMessage</method>
  <thread>1</thread>
  <message>Object: &amp;apos;Object Repository/Login/btn_sign_in&amp;apos; is clicked on</message>
  <nestedLevel>1</nestedLevel>
  <escapedJava>false</escapedJava>
  <property name="testops-method-name">com.kms.katalon.core.webui.keyword.internal.WebUIKeywordMain.runKeywordUntilTimeout</property>
  <property name="testops-execution-stacktrace">com.kms.katalon.core.logging.KeywordLogger.logPassed(KeywordLogger.java:350)
com.kms.katalon.core.logging.KeywordLogger.logPassed(KeywordLogger.java:345)
com.kms.katalon.core.webui.keyword.builtin.ClickKeyword$_click_closure1.doCall(ClickKeyword.groovy:66)
java.base/jdk.internal.reflect.DirectMethodHandleAccessor.invoke(DirectMethodHandleAccessor.java:103)
jdk.proxy2/jdk.proxy2.$Proxy56.execute(Unknown Source)
com.kms.katalon.core.webui.model.SeleniumActionRetryController.performAction(SeleniumActionRetryController.java:96)
com.kms.katalon.core.webui.model.SeleniumActionRetryController.performAction(SeleniumActionRetryController.java:83)
com.kms.katalon.core.webui.keyword.internal.WebUIKeywordMain$_runKeywordUntilTimeout_closure1.doCall(WebUIKeywordMain.groovy:135)
com.kms.katalon.core.webui.keyword.internal.WebUIKeywordMain$_runKeywordUntilTimeout_closure1.call(WebUIKeywordMain.groovy)
com.kms.katalon.core.webui.keyword.internal.WebUIKeywordMain.runKeyword(WebUIKeywordMain.groovy:41)
com.kms.katalon.core.webui.keyword.internal.WebUIKeywordMain.runKeywordUntilTimeout(WebUIKeywordMain.groovy:133)
com.kms.katalon.core.webui.keyword.builtin.ClickKeyword.click(ClickKeyword.groovy:72)
com.kms.katalon.core.webui.keyword.builtin.ClickKeyword.execute(ClickKeyword.groovy:38)
com.kms.katalon.core.keyword.internal.KeywordExecutor.executeKeywordForPlatform(KeywordExecutor.groovy:99)
com.kms.katalon.core.webui.keyword.WebUiBuiltInKeywords.click(WebUiBuiltInKeywords.groovy:685)
Login with SQL-Injection.run(Login with SQL-Injection:30)
</property>
</record>
<record>
  <date>2026-05-08T06:33:28.134063Z</date>
  <millis>1778222008134</millis>
  <nanos>63000</nanos>
  <sequence>590</sequence>
  <level>END</level>
  <class>com.kms.katalon.core.logging.XmlKeywordLogger</class>
  <method>endKeyword</method>
  <thread>1</thread>
  <message>End action : click(findTestObject(&amp;quot;Login/btn_sign_in&amp;quot;), STOP_ON_FAILURE)</message>
  <nestedLevel>1</nestedLevel>
  <escapedJava>false</escapedJava>
</record>
<record>
  <date>2026-05-08T06:33:28.134183Z</date>
  <millis>1778222008134</millis>
  <nanos>183000</nanos>
  <sequence>591</sequence>
  <level>START</level>
  <class>com.kms.katalon.core.logging.XmlKeywordLogger</class>
  <method>startKeyword</method>
  <thread>1</thread>
  <message>Start action : click(findTestObject(&amp;quot;Login/page_login&amp;quot;))</message>
  <nestedLevel>1</nestedLevel>
  <escapedJava>false</escapedJava>
  <property name="startLine">32</property>
  <property name="stepIndex">7</property>
</record>
<record>
  <date>2026-05-08T06:33:28.396433Z</date>
  <millis>1778222008396</millis>
  <nanos>433000</nanos>
  <sequence>602</sequence>
  <level>PASSED</level>
  <class>com.kms.katalon.core.logging.XmlKeywordLogger</class>
  <method>logMessage</method>
  <thread>1</thread>
  <message>Object: &amp;apos;Object Repository/Login/page_login&amp;apos; is clicked on</message>
  <nestedLevel>1</nestedLevel>
  <escapedJava>false</escapedJava>
  <property name="testops-method-name">com.kms.katalon.core.webui.keyword.internal.WebUIKeywordMain.runKeywordUntilTimeout</property>
  <property name="testops-execution-stacktrace">com.kms.katalon.core.logging.KeywordLogger.logPassed(KeywordLogger.java:350)
com.kms.katalon.core.logging.KeywordLogger.logPassed(KeywordLogger.java:345)
com.kms.katalon.core.webui.keyword.builtin.ClickKeyword$_click_closure1.doCall(ClickKeyword.groovy:66)
java.base/jdk.internal.reflect.DirectMethodHandleAccessor.invoke(DirectMethodHandleAccessor.java:103)
jdk.proxy2/jdk.proxy2.$Proxy56.execute(Unknown Source)
com.kms.katalon.core.webui.model.SeleniumActionRetryController.performAction(SeleniumActionRetryController.java:96)
com.kms.katalon.core.webui.model.SeleniumActionRetryController.performAction(SeleniumActionRetryController.java:83)
com.kms.katalon.core.webui.keyword.internal.WebUIKeywordMain$_runKeywordUntilTimeout_closure1.doCall(WebUIKeywordMain.groovy:135)
com.kms.katalon.core.webui.keyword.internal.WebUIKeywordMain$_runKeywordUntilTimeout_closure1.call(WebUIKeywordMain.groovy)
com.kms.katalon.core.webui.keyword.internal.WebUIKeywordMain.runKeyword(WebUIKeywordMain.groovy:41)
com.kms.katalon.core.webui.keyword.internal.WebUIKeywordMain.runKeywordUntilTimeout(WebUIKeywordMain.groovy:133)
com.kms.katalon.core.webui.keyword.builtin.ClickKeyword.click(ClickKeyword.groovy:72)
com.kms.katalon.core.webui.keyword.builtin.ClickKeyword.execute(ClickKeyword.groovy:38)
com.kms.katalon.core.keyword.internal.KeywordExecutor.executeKeywordForPlatform(KeywordExecutor.groovy:99)
com.kms.katalon.core.webui.keyword.WebUiBuiltInKeywords.click(WebUiBuiltInKeywords.groovy:722)
Login with SQL-Injection.run(Login with SQL-Injection:32)
</property>
</record>
<record>
  <date>2026-05-08T06:33:28.396954Z</date>
  <millis>1778222008396</millis>
  <nanos>954000</nanos>
  <sequence>603</sequence>
  <level>END</level>
  <class>com.kms.katalon.core.logging.XmlKeywordLogger</class>
  <method>endKeyword</method>
  <thread>1</thread>
  <message>End action : click(findTestObject(&amp;quot;Login/page_login&amp;quot;))</message>
  <nestedLevel>1</nestedLevel>
  <escapedJava>false</escapedJava>
</record>
<record>
  <date>2026-05-08T06:33:28.397193Z</date>
  <millis>1778222008397</millis>
  <nanos>193000</nanos>
  <sequence>604</sequence>
  <level>START</level>
  <class>com.kms.katalon.core.logging.XmlKeywordLogger</class>
  <method>startKeyword</method>
  <thread>1</thread>
  <message>Start action : closeBrowser()</message>
  <nestedLevel>1</nestedLevel>
  <escapedJava>false</escapedJava>
  <property name="startLine">34</property>
  <property name="stepIndex">8</property>
</record>
<record>
  <date>2026-05-08T06:33:28.497233Z</date>
  <millis>1778222008497</millis>
  <nanos>233000</nanos>
  <sequence>607</sequence>
  <level>PASSED</level>
  <class>com.kms.katalon.core.logging.XmlKeywordLogger</class>
  <method>logMessage</method>
  <thread>1</thread>
  <message>Browser is closed</message>
  <nestedLevel>1</nestedLevel>
  <escapedJava>false</escapedJava>
  <property name="testops-method-name">com.kms.katalon.core.webui.keyword.builtin.CloseBrowserKeyword.closeBrowser</property>
  <property name="testops-execution-stacktrace"></property>
</record>
<record>
  <date>2026-05-08T06:33:28.497471Z</date>
  <millis>1778222008497</millis>
  <nanos>471000</nanos>
  <sequence>608</sequence>
  <level>END</level>
  <class>com.kms.katalon.core.logging.XmlKeywordLogger</class>
  <method>endKeyword</method>
  <thread>1</thread>
  <message>End action : closeBrowser()</message>
  <nestedLevel>1</nestedLevel>
  <escapedJava>false</escapedJava>
</record>
<record>
  <date>2026-05-08T06:33:28.497587Z</date>
  <millis>1778222008497</millis>
  <nanos>587000</nanos>
  <sequence>609</sequence>
  <level>PASSED</level>
  <class>com.kms.katalon.core.logging.XmlKeywordLogger</class>
  <method>logMessage</method>
  <thread>1</thread>
  <message>Test Cases/Login Verification/Login with SQL-Injection</message>
  <nestedLevel>1</nestedLevel>
  <escapedJava>false</escapedJava>
</record>
<record>
  <date>2026-05-08T06:33:28.498074Z</date>
  <millis>1778222008498</millis>
  <nanos>74000</nanos>
  <sequence>610</sequence>
  <level>END</level>
  <class>com.kms.katalon.core.logging.XmlKeywordLogger</class>
  <method>endTest</method>
  <thread>1</thread>
  <message>End Test Case : Test Cases/Login Verification/Login with SQL-Injection</message>
  <nestedLevel>0</nestedLevel>
  <escapedJava>false</escapedJava>
  <property name="executionBindingVariables">[
  {
    &quot;value&quot;: &quot;admin\u0027 --&quot;,
    &quot;isDefault&quot;: false,
    &quot;name&quot;: &quot;email&quot;,
    &quot;masked&quot;: false
  },
  {
    &quot;value&quot;: &quot;(kosong)&quot;,
    &quot;isDefault&quot;: false,
    &quot;name&quot;: &quot;password&quot;,
    &quot;masked&quot;: false
  }
]</property>
  <property name="applitools">false</property>
  <property name="remainingRetryCount">3</property>
  <property name="executedKeywords">{
  &quot;WebUI.closeBrowser&quot;: 1,
  &quot;WebUI.navigateToUrl&quot;: 1,
  &quot;WebUI.click&quot;: 3,
  &quot;WebUI.openBrowser&quot;: 1,
  &quot;WebUI.setText&quot;: 2
}</property>
  <property name="currentRetryCount">0</property>
  <property name="keywordsUsage">{
  &quot;web_ui&quot;: true,
  &quot;web_service&quot;: false,
  &quot;cucumber&quot;: false,
  &quot;builtin&quot;: false,
  &quot;mobile&quot;: false,
  &quot;windows&quot;: false,
  &quot;testng&quot;: false
}</property>
</record>
<record>
  <date>2026-05-08T06:33:28.504536Z</date>
  <millis>1778222008504</millis>
  <nanos>536000</nanos>
  <sequence>611</sequence>
  <level>START</level>
  <class>com.kms.katalon.core.logging.XmlKeywordLogger</class>
  <method>startTest</method>
  <thread>1</thread>
  <message>Start Test Case : Test Cases/Login Verification/Login with SQL-Injection</message>
  <nestedLevel>1</nestedLevel>
  <escapedJava>false</escapedJava>
  <property name="remainingRetryCount">3</property>
  <property name="origin">WEB_RECORDER</property>
  <property name="name">Test Cases/Login Verification/Login with SQL-Injection</property>
  <property name="description"></property>
  <property name="iteration">(kosong)</property>
  <property name="id">Test Cases/Login Verification/Login with SQL-Injection</property>
  <property name="source">\Users\fazza_abiyyu\Documents\Projects\Hobby\KATALON_QWERTY\Test Cases\Login Verification\Login with SQL-Injection.tc</property>
  <property name="tag">auth</property>
  <property name="isOptional">false</property>
  <property name="uuid">a6e26e4c-a4a3-4a73-8ded-b5d7c33f77d6</property>
  <property name="currentRetryCount">0</property>
</record>
<record>
  <date>2026-05-08T06:33:28.508530Z</date>
  <millis>1778222008508</millis>
  <nanos>530000</nanos>
  <sequence>613</sequence>
  <level>INFO</level>
  <class>com.kms.katalon.core.logging.XmlKeywordLogger</class>
  <method>logMessage</method>
  <thread>1</thread>
  <message>email = admin&amp;apos; #</message>
  <nestedLevel>1</nestedLevel>
  <escapedJava>false</escapedJava>
</record>
<record>
  <date>2026-05-08T06:33:28.508812Z</date>
  <millis>1778222008508</millis>
  <nanos>812000</nanos>
  <sequence>614</sequence>
  <level>INFO</level>
  <class>com.kms.katalon.core.logging.XmlKeywordLogger</class>
  <method>logMessage</method>
  <thread>1</thread>
  <message>password = (kosong)</message>
  <nestedLevel>1</nestedLevel>
  <escapedJava>false</escapedJava>
</record>
<record>
  <date>2026-05-08T06:33:28.509255Z</date>
  <millis>1778222008509</millis>
  <nanos>255000</nanos>
  <sequence>615</sequence>
  <level>RUN_DATA</level>
  <class>com.kms.katalon.core.logging.XmlKeywordLogger</class>
  <method>logMessage</method>
  <thread>1</thread>
  <message>executionBindingVariables = [
  {
    &amp;quot;value&amp;quot;: &amp;quot;admin\u0027 #&amp;quot;,
    &amp;quot;isDefault&amp;quot;: false,
    &amp;quot;name&amp;quot;: &amp;quot;email&amp;quot;,
    &amp;quot;masked&amp;quot;: false
  },
  {
    &amp;quot;value&amp;quot;: &amp;quot;(kosong)&amp;quot;,
    &amp;quot;isDefault&amp;quot;: false,
    &amp;quot;name&amp;quot;: &amp;quot;password&amp;quot;,
    &amp;quot;masked&amp;quot;: false
  }
]</message>
  <nestedLevel>1</nestedLevel>
  <escapedJava>false</escapedJava>
  <property name="executionBindingVariables">[
  {
    &quot;value&quot;: &quot;admin\u0027 #&quot;,
    &quot;isDefault&quot;: false,
    &quot;name&quot;: &quot;email&quot;,
    &quot;masked&quot;: false
  },
  {
    &quot;value&quot;: &quot;(kosong)&quot;,
    &quot;isDefault&quot;: false,
    &quot;name&quot;: &quot;password&quot;,
    &quot;masked&quot;: false
  }
]</property>
</record>
<record>
  <date>2026-05-08T06:33:28.510206Z</date>
  <millis>1778222008510</millis>
  <nanos>206000</nanos>
  <sequence>616</sequence>
  <level>START</level>
  <class>com.kms.katalon.core.logging.XmlKeywordLogger</class>
  <method>startKeyword</method>
  <thread>1</thread>
  <message>Start action : openBrowser(&amp;quot;&amp;quot;)</message>
  <nestedLevel>1</nestedLevel>
  <escapedJava>false</escapedJava>
  <property name="startLine">20</property>
  <property name="stepIndex">1</property>
</record>
<record>
  <date>2026-05-08T06:33:28.510893Z</date>
  <millis>1778222008510</millis>
  <nanos>893000</nanos>
  <sequence>619</sequence>
  <level>INFO</level>
  <class>com.kms.katalon.core.logging.XmlKeywordLogger</class>
  <method>logMessage</method>
  <thread>1</thread>
  <message>Starting &amp;apos;Chrome&amp;apos; driver</message>
  <nestedLevel>1</nestedLevel>
  <escapedJava>false</escapedJava>
</record>
<record>
  <date>2026-05-08T06:33:28.511701Z</date>
  <millis>1778222008511</millis>
  <nanos>701000</nanos>
  <sequence>620</sequence>
  <level>INFO</level>
  <class>com.kms.katalon.core.logging.XmlKeywordLogger</class>
  <method>logMessage</method>
  <thread>1</thread>
  <message>Action delay is set to 0 milliseconds</message>
  <nestedLevel>1</nestedLevel>
  <escapedJava>false</escapedJava>
</record>
<record>
  <date>2026-05-08T06:33:29.367240Z</date>
  <millis>1778222009367</millis>
  <nanos>240000</nanos>
  <sequence>622</sequence>
  <level>RUN_DATA</level>
  <class>com.kms.katalon.core.logging.XmlKeywordLogger</class>
  <method>logMessage</method>
  <thread>1</thread>
  <message>sessionId = 7835349ada342f9a8d82b25057280e8b</message>
  <nestedLevel>1</nestedLevel>
  <escapedJava>false</escapedJava>
  <property name="sessionId">7835349ada342f9a8d82b25057280e8b</property>
</record>
<record>
  <date>2026-05-08T06:33:29.367738Z</date>
  <millis>1778222009367</millis>
  <nanos>738000</nanos>
  <sequence>623</sequence>
  <level>RUN_DATA</level>
  <class>com.kms.katalon.core.logging.XmlKeywordLogger</class>
  <method>logMessage</method>
  <thread>1</thread>
  <message>browser = Chrome 147.0.7727.138</message>
  <nestedLevel>1</nestedLevel>
  <escapedJava>false</escapedJava>
  <property name="browser">Chrome 147.0.7727.138</property>
</record>
<record>
  <date>2026-05-08T06:33:29.367913Z</date>
  <millis>1778222009367</millis>
  <nanos>913000</nanos>
  <sequence>624</sequence>
  <level>RUN_DATA</level>
  <class>com.kms.katalon.core.logging.XmlKeywordLogger</class>
  <method>logMessage</method>
  <thread>1</thread>
  <message>platform = Mac OS X</message>
  <nestedLevel>1</nestedLevel>
  <escapedJava>false</escapedJava>
  <property name="platform">Mac OS X</property>
</record>
<record>
  <date>2026-05-08T06:33:29.368176Z</date>
  <millis>1778222009368</millis>
  <nanos>176000</nanos>
  <sequence>625</sequence>
  <level>RUN_DATA</level>
  <class>com.kms.katalon.core.logging.XmlKeywordLogger</class>
  <method>logMessage</method>
  <thread>1</thread>
  <message>seleniumVersion = 4.39.0</message>
  <nestedLevel>1</nestedLevel>
  <escapedJava>false</escapedJava>
  <property name="seleniumVersion">4.39.0</property>
</record>
<record>
  <date>2026-05-08T06:33:29.368475Z</date>
  <millis>1778222009368</millis>
  <nanos>475000</nanos>
  <sequence>626</sequence>
  <level>RUN_DATA</level>
  <class>com.kms.katalon.core.logging.XmlKeywordLogger</class>
  <method>logMessage</method>
  <thread>1</thread>
  <message>proxyInformation = ProxyInformation { proxyOption=NO_PROXY, proxyServerType=HTTP, username=, password=********, proxyServerAddress=, proxyServerPort=0, executionList=&amp;quot;&amp;quot;, isApplyToDesiredCapabilities=true }</message>
  <nestedLevel>1</nestedLevel>
  <escapedJava>false</escapedJava>
  <property name="proxyInformation">ProxyInformation { proxyOption=NO_PROXY, proxyServerType=HTTP, username=, password=********, proxyServerAddress=, proxyServerPort=0, executionList=&quot;&quot;, isApplyToDesiredCapabilities=true }</property>
</record>
<record>
  <date>2026-05-08T06:33:29.374318Z</date>
  <millis>1778222009374</millis>
  <nanos>318000</nanos>
  <sequence>627</sequence>
  <level>PASSED</level>
  <class>com.kms.katalon.core.logging.XmlKeywordLogger</class>
  <method>logMessage</method>
  <thread>1</thread>
  <message>Browser is opened with url: &amp;apos;&amp;apos;</message>
  <nestedLevel>1</nestedLevel>
  <escapedJava>false</escapedJava>
  <property name="testops-method-name">com.kms.katalon.core.webui.keyword.builtin.OpenBrowserKeyword.openBrowser</property>
  <property name="testops-execution-stacktrace"></property>
</record>
<record>
  <date>2026-05-08T06:33:29.374632Z</date>
  <millis>1778222009374</millis>
  <nanos>632000</nanos>
  <sequence>628</sequence>
  <level>END</level>
  <class>com.kms.katalon.core.logging.XmlKeywordLogger</class>
  <method>endKeyword</method>
  <thread>1</thread>
  <message>End action : openBrowser(&amp;quot;&amp;quot;)</message>
  <nestedLevel>1</nestedLevel>
  <escapedJava>false</escapedJava>
</record>
<record>
  <date>2026-05-08T06:33:29.374714Z</date>
  <millis>1778222009374</millis>
  <nanos>714000</nanos>
  <sequence>629</sequence>
  <level>START</level>
  <class>com.kms.katalon.core.logging.XmlKeywordLogger</class>
  <method>startKeyword</method>
  <thread>1</thread>
  <message>Start action : navigateToUrl(&amp;quot;https://qwerty.abiyyu.xyz/&amp;quot;)</message>
  <nestedLevel>1</nestedLevel>
  <escapedJava>false</escapedJava>
  <property name="startLine">22</property>
  <property name="stepIndex">2</property>
</record>
<record>
  <date>2026-05-08T06:33:30.259055Z</date>
  <millis>1778222010259</millis>
  <nanos>55000</nanos>
  <sequence>633</sequence>
  <level>PASSED</level>
  <class>com.kms.katalon.core.logging.XmlKeywordLogger</class>
  <method>logMessage</method>
  <thread>1</thread>
  <message>Navigate to &amp;apos;https://qwerty.abiyyu.xyz/&amp;apos; successfully</message>
  <nestedLevel>1</nestedLevel>
  <escapedJava>false</escapedJava>
  <property name="testops-method-name">com.kms.katalon.core.webui.keyword.builtin.NavigateToUrlKeyword.navigateToUrl</property>
  <property name="testops-execution-stacktrace"></property>
</record>
<record>
  <date>2026-05-08T06:33:30.260209Z</date>
  <millis>1778222010260</millis>
  <nanos>209000</nanos>
  <sequence>634</sequence>
  <level>END</level>
  <class>com.kms.katalon.core.logging.XmlKeywordLogger</class>
  <method>endKeyword</method>
  <thread>1</thread>
  <message>End action : navigateToUrl(&amp;quot;https://qwerty.abiyyu.xyz/&amp;quot;)</message>
  <nestedLevel>1</nestedLevel>
  <escapedJava>false</escapedJava>
</record>
<record>
  <date>2026-05-08T06:33:30.262082Z</date>
  <millis>1778222010262</millis>
  <nanos>82000</nanos>
  <sequence>635</sequence>
  <level>START</level>
  <class>com.kms.katalon.core.logging.XmlKeywordLogger</class>
  <method>startKeyword</method>
  <thread>1</thread>
  <message>Start action : click(findTestObject(&amp;quot;Login/icon_sign_in&amp;quot;))</message>
  <nestedLevel>1</nestedLevel>
  <escapedJava>false</escapedJava>
  <property name="startLine">24</property>
  <property name="stepIndex">3</property>
</record>
<record>
  <date>2026-05-08T06:33:30.956385Z</date>
  <millis>1778222010956</millis>
  <nanos>385000</nanos>
  <sequence>646</sequence>
  <level>PASSED</level>
  <class>com.kms.katalon.core.logging.XmlKeywordLogger</class>
  <method>logMessage</method>
  <thread>1</thread>
  <message>Object: &amp;apos;Object Repository/Login/icon_sign_in&amp;apos; is clicked on</message>
  <nestedLevel>1</nestedLevel>
  <escapedJava>false</escapedJava>
  <property name="testops-method-name">com.kms.katalon.core.webui.keyword.internal.WebUIKeywordMain.runKeywordUntilTimeout</property>
  <property name="testops-execution-stacktrace">com.kms.katalon.core.logging.KeywordLogger.logPassed(KeywordLogger.java:350)
com.kms.katalon.core.logging.KeywordLogger.logPassed(KeywordLogger.java:345)
com.kms.katalon.core.webui.keyword.builtin.ClickKeyword$_click_closure1.doCall(ClickKeyword.groovy:66)
java.base/jdk.internal.reflect.DirectMethodHandleAccessor.invoke(DirectMethodHandleAccessor.java:103)
jdk.proxy2/jdk.proxy2.$Proxy56.execute(Unknown Source)
com.kms.katalon.core.webui.model.SeleniumActionRetryController.performAction(SeleniumActionRetryController.java:96)
com.kms.katalon.core.webui.model.SeleniumActionRetryController.performAction(SeleniumActionRetryController.java:83)
com.kms.katalon.core.webui.keyword.internal.WebUIKeywordMain$_runKeywordUntilTimeout_closure1.doCall(WebUIKeywordMain.groovy:135)
com.kms.katalon.core.webui.keyword.internal.WebUIKeywordMain$_runKeywordUntilTimeout_closure1.call(WebUIKeywordMain.groovy)
com.kms.katalon.core.webui.keyword.internal.WebUIKeywordMain.runKeyword(WebUIKeywordMain.groovy:41)
com.kms.katalon.core.webui.keyword.internal.WebUIKeywordMain.runKeywordUntilTimeout(WebUIKeywordMain.groovy:133)
com.kms.katalon.core.webui.keyword.builtin.ClickKeyword.click(ClickKeyword.groovy:72)
com.kms.katalon.core.webui.keyword.builtin.ClickKeyword.execute(ClickKeyword.groovy:38)
com.kms.katalon.core.keyword.internal.KeywordExecutor.executeKeywordForPlatform(KeywordExecutor.groovy:99)
com.kms.katalon.core.webui.keyword.WebUiBuiltInKeywords.click(WebUiBuiltInKeywords.groovy:722)
Login with SQL-Injection.run(Login with SQL-Injection:24)
</property>
</record>
<record>
  <date>2026-05-08T06:33:30.957089Z</date>
  <millis>1778222010957</millis>
  <nanos>89000</nanos>
  <sequence>647</sequence>
  <level>END</level>
  <class>com.kms.katalon.core.logging.XmlKeywordLogger</class>
  <method>endKeyword</method>
  <thread>1</thread>
  <message>End action : click(findTestObject(&amp;quot;Login/icon_sign_in&amp;quot;))</message>
  <nestedLevel>1</nestedLevel>
  <escapedJava>false</escapedJava>
</record>
<record>
  <date>2026-05-08T06:33:30.957287Z</date>
  <millis>1778222010957</millis>
  <nanos>287000</nanos>
  <sequence>648</sequence>
  <level>START</level>
  <class>com.kms.katalon.core.logging.XmlKeywordLogger</class>
  <method>startKeyword</method>
  <thread>1</thread>
  <message>Start action : setText(findTestObject(&amp;quot;Login/email_field&amp;quot;), email)</message>
  <nestedLevel>1</nestedLevel>
  <escapedJava>false</escapedJava>
  <property name="startLine">26</property>
  <property name="stepIndex">4</property>
</record>
<record>
  <date>2026-05-08T06:33:32.072160Z</date>
  <millis>1778222012072</millis>
  <nanos>160000</nanos>
  <sequence>662</sequence>
  <level>PASSED</level>
  <class>com.kms.katalon.core.logging.XmlKeywordLogger</class>
  <method>logMessage</method>
  <thread>1</thread>
  <message>Text &amp;apos;admin&amp;apos; #&amp;apos; is set on object &amp;apos;Object Repository/Login/email_field&amp;apos;</message>
  <nestedLevel>1</nestedLevel>
  <escapedJava>false</escapedJava>
  <property name="testops-method-name">com.kms.katalon.core.webui.keyword.internal.WebUIKeywordMain.runKeywordUntilTimeout</property>
  <property name="testops-execution-stacktrace">com.kms.katalon.core.logging.KeywordLogger.logPassed(KeywordLogger.java:350)
com.kms.katalon.core.logging.KeywordLogger.logPassed(KeywordLogger.java:345)
com.kms.katalon.core.webui.keyword.builtin.SetTextKeyword$_setText_closure1.doCall(SetTextKeyword.groovy:99)
java.base/jdk.internal.reflect.DirectMethodHandleAccessor.invoke(DirectMethodHandleAccessor.java:103)
jdk.proxy2/jdk.proxy2.$Proxy56.execute(Unknown Source)
com.kms.katalon.core.webui.model.SeleniumActionRetryController.performAction(SeleniumActionRetryController.java:96)
com.kms.katalon.core.webui.model.SeleniumActionRetryController.performAction(SeleniumActionRetryController.java:83)
com.kms.katalon.core.webui.keyword.internal.WebUIKeywordMain$_runKeywordUntilTimeout_closure1.doCall(WebUIKeywordMain.groovy:135)
com.kms.katalon.core.webui.keyword.internal.WebUIKeywordMain$_runKeywordUntilTimeout_closure1.call(WebUIKeywordMain.groovy)
com.kms.katalon.core.webui.keyword.internal.WebUIKeywordMain.runKeyword(WebUIKeywordMain.groovy:41)
com.kms.katalon.core.webui.keyword.internal.WebUIKeywordMain.runKeywordUntilTimeout(WebUIKeywordMain.groovy:133)
com.kms.katalon.core.webui.keyword.builtin.SetTextKeyword.setText(SetTextKeyword.groovy:106)
com.kms.katalon.core.webui.keyword.builtin.SetTextKeyword.execute(SetTextKeyword.groovy:49)
com.kms.katalon.core.keyword.internal.KeywordExecutor.executeKeywordForPlatform(KeywordExecutor.groovy:99)
com.kms.katalon.core.webui.keyword.WebUiBuiltInKeywords.setText(WebUiBuiltInKeywords.groovy:1082)
Login with SQL-Injection.run(Login with SQL-Injection:26)
</property>
</record>
<record>
  <date>2026-05-08T06:33:32.072699Z</date>
  <millis>1778222012072</millis>
  <nanos>699000</nanos>
  <sequence>663</sequence>
  <level>END</level>
  <class>com.kms.katalon.core.logging.XmlKeywordLogger</class>
  <method>endKeyword</method>
  <thread>1</thread>
  <message>End action : setText(findTestObject(&amp;quot;Login/email_field&amp;quot;), email)</message>
  <nestedLevel>1</nestedLevel>
  <escapedJava>false</escapedJava>
</record>
<record>
  <date>2026-05-08T06:33:32.072873Z</date>
  <millis>1778222012072</millis>
  <nanos>873000</nanos>
  <sequence>664</sequence>
  <level>START</level>
  <class>com.kms.katalon.core.logging.XmlKeywordLogger</class>
  <method>startKeyword</method>
  <thread>1</thread>
  <message>Start action : setText(findTestObject(&amp;quot;Login/password_field&amp;quot;), password)</message>
  <nestedLevel>1</nestedLevel>
  <escapedJava>false</escapedJava>
  <property name="startLine">28</property>
  <property name="stepIndex">5</property>
</record>
<record>
  <date>2026-05-08T06:33:32.599018Z</date>
  <millis>1778222012599</millis>
  <nanos>18000</nanos>
  <sequence>678</sequence>
  <level>PASSED</level>
  <class>com.kms.katalon.core.logging.XmlKeywordLogger</class>
  <method>logMessage</method>
  <thread>1</thread>
  <message>Text &amp;apos;(kosong)&amp;apos; is set on object &amp;apos;Object Repository/Login/password_field&amp;apos;</message>
  <nestedLevel>1</nestedLevel>
  <escapedJava>false</escapedJava>
  <property name="testops-method-name">com.kms.katalon.core.webui.keyword.internal.WebUIKeywordMain.runKeywordUntilTimeout</property>
  <property name="testops-execution-stacktrace">com.kms.katalon.core.logging.KeywordLogger.logPassed(KeywordLogger.java:350)
com.kms.katalon.core.logging.KeywordLogger.logPassed(KeywordLogger.java:345)
com.kms.katalon.core.webui.keyword.builtin.SetTextKeyword$_setText_closure1.doCall(SetTextKeyword.groovy:99)
java.base/jdk.internal.reflect.DirectMethodHandleAccessor.invoke(DirectMethodHandleAccessor.java:103)
jdk.proxy2/jdk.proxy2.$Proxy56.execute(Unknown Source)
com.kms.katalon.core.webui.model.SeleniumActionRetryController.performAction(SeleniumActionRetryController.java:96)
com.kms.katalon.core.webui.model.SeleniumActionRetryController.performAction(SeleniumActionRetryController.java:83)
com.kms.katalon.core.webui.keyword.internal.WebUIKeywordMain$_runKeywordUntilTimeout_closure1.doCall(WebUIKeywordMain.groovy:135)
com.kms.katalon.core.webui.keyword.internal.WebUIKeywordMain$_runKeywordUntilTimeout_closure1.call(WebUIKeywordMain.groovy)
com.kms.katalon.core.webui.keyword.internal.WebUIKeywordMain.runKeyword(WebUIKeywordMain.groovy:41)
com.kms.katalon.core.webui.keyword.internal.WebUIKeywordMain.runKeywordUntilTimeout(WebUIKeywordMain.groovy:133)
com.kms.katalon.core.webui.keyword.builtin.SetTextKeyword.setText(SetTextKeyword.groovy:106)
com.kms.katalon.core.webui.keyword.builtin.SetTextKeyword.execute(SetTextKeyword.groovy:49)
com.kms.katalon.core.keyword.internal.KeywordExecutor.executeKeywordForPlatform(KeywordExecutor.groovy:99)
com.kms.katalon.core.webui.keyword.WebUiBuiltInKeywords.setText(WebUiBuiltInKeywords.groovy:1082)
Login with SQL-Injection.run(Login with SQL-Injection:28)
</property>
</record>
<record>
  <date>2026-05-08T06:33:32.599580Z</date>
  <millis>1778222012599</millis>
  <nanos>580000</nanos>
  <sequence>679</sequence>
  <level>END</level>
  <class>com.kms.katalon.core.logging.XmlKeywordLogger</class>
  <method>endKeyword</method>
  <thread>1</thread>
  <message>End action : setText(findTestObject(&amp;quot;Login/password_field&amp;quot;), password)</message>
  <nestedLevel>1</nestedLevel>
  <escapedJava>false</escapedJava>
</record>
<record>
  <date>2026-05-08T06:33:32.599680Z</date>
  <millis>1778222012599</millis>
  <nanos>680000</nanos>
  <sequence>680</sequence>
  <level>START</level>
  <class>com.kms.katalon.core.logging.XmlKeywordLogger</class>
  <method>startKeyword</method>
  <thread>1</thread>
  <message>Start action : click(findTestObject(&amp;quot;Login/btn_sign_in&amp;quot;), STOP_ON_FAILURE)</message>
  <nestedLevel>1</nestedLevel>
  <escapedJava>false</escapedJava>
  <property name="startLine">30</property>
  <property name="stepIndex">6</property>
</record>
<record>
  <date>2026-05-08T06:33:32.864957Z</date>
  <millis>1778222012864</millis>
  <nanos>957000</nanos>
  <sequence>691</sequence>
  <level>PASSED</level>
  <class>com.kms.katalon.core.logging.XmlKeywordLogger</class>
  <method>logMessage</method>
  <thread>1</thread>
  <message>Object: &amp;apos;Object Repository/Login/btn_sign_in&amp;apos; is clicked on</message>
  <nestedLevel>1</nestedLevel>
  <escapedJava>false</escapedJava>
  <property name="testops-method-name">com.kms.katalon.core.webui.keyword.internal.WebUIKeywordMain.runKeywordUntilTimeout</property>
  <property name="testops-execution-stacktrace">com.kms.katalon.core.logging.KeywordLogger.logPassed(KeywordLogger.java:350)
com.kms.katalon.core.logging.KeywordLogger.logPassed(KeywordLogger.java:345)
com.kms.katalon.core.webui.keyword.builtin.ClickKeyword$_click_closure1.doCall(ClickKeyword.groovy:66)
java.base/jdk.internal.reflect.DirectMethodHandleAccessor.invoke(DirectMethodHandleAccessor.java:103)
jdk.proxy2/jdk.proxy2.$Proxy56.execute(Unknown Source)
com.kms.katalon.core.webui.model.SeleniumActionRetryController.performAction(SeleniumActionRetryController.java:96)
com.kms.katalon.core.webui.model.SeleniumActionRetryController.performAction(SeleniumActionRetryController.java:83)
com.kms.katalon.core.webui.keyword.internal.WebUIKeywordMain$_runKeywordUntilTimeout_closure1.doCall(WebUIKeywordMain.groovy:135)
com.kms.katalon.core.webui.keyword.internal.WebUIKeywordMain$_runKeywordUntilTimeout_closure1.call(WebUIKeywordMain.groovy)
com.kms.katalon.core.webui.keyword.internal.WebUIKeywordMain.runKeyword(WebUIKeywordMain.groovy:41)
com.kms.katalon.core.webui.keyword.internal.WebUIKeywordMain.runKeywordUntilTimeout(WebUIKeywordMain.groovy:133)
com.kms.katalon.core.webui.keyword.builtin.ClickKeyword.click(ClickKeyword.groovy:72)
com.kms.katalon.core.webui.keyword.builtin.ClickKeyword.execute(ClickKeyword.groovy:38)
com.kms.katalon.core.keyword.internal.KeywordExecutor.executeKeywordForPlatform(KeywordExecutor.groovy:99)
com.kms.katalon.core.webui.keyword.WebUiBuiltInKeywords.click(WebUiBuiltInKeywords.groovy:685)
Login with SQL-Injection.run(Login with SQL-Injection:30)
</property>
</record>
<record>
  <date>2026-05-08T06:33:32.865931Z</date>
  <millis>1778222012865</millis>
  <nanos>931000</nanos>
  <sequence>692</sequence>
  <level>END</level>
  <class>com.kms.katalon.core.logging.XmlKeywordLogger</class>
  <method>endKeyword</method>
  <thread>1</thread>
  <message>End action : click(findTestObject(&amp;quot;Login/btn_sign_in&amp;quot;), STOP_ON_FAILURE)</message>
  <nestedLevel>1</nestedLevel>
  <escapedJava>false</escapedJava>
</record>
<record>
  <date>2026-05-08T06:33:32.866223Z</date>
  <millis>1778222012866</millis>
  <nanos>223000</nanos>
  <sequence>693</sequence>
  <level>START</level>
  <class>com.kms.katalon.core.logging.XmlKeywordLogger</class>
  <method>startKeyword</method>
  <thread>1</thread>
  <message>Start action : click(findTestObject(&amp;quot;Login/page_login&amp;quot;))</message>
  <nestedLevel>1</nestedLevel>
  <escapedJava>false</escapedJava>
  <property name="startLine">32</property>
  <property name="stepIndex">7</property>
</record>
<record>
  <date>2026-05-08T06:33:33.130586Z</date>
  <millis>1778222013130</millis>
  <nanos>586000</nanos>
  <sequence>704</sequence>
  <level>PASSED</level>
  <class>com.kms.katalon.core.logging.XmlKeywordLogger</class>
  <method>logMessage</method>
  <thread>1</thread>
  <message>Object: &amp;apos;Object Repository/Login/page_login&amp;apos; is clicked on</message>
  <nestedLevel>1</nestedLevel>
  <escapedJava>false</escapedJava>
  <property name="testops-method-name">com.kms.katalon.core.webui.keyword.internal.WebUIKeywordMain.runKeywordUntilTimeout</property>
  <property name="testops-execution-stacktrace">com.kms.katalon.core.logging.KeywordLogger.logPassed(KeywordLogger.java:350)
com.kms.katalon.core.logging.KeywordLogger.logPassed(KeywordLogger.java:345)
com.kms.katalon.core.webui.keyword.builtin.ClickKeyword$_click_closure1.doCall(ClickKeyword.groovy:66)
java.base/jdk.internal.reflect.DirectMethodHandleAccessor.invoke(DirectMethodHandleAccessor.java:103)
jdk.proxy2/jdk.proxy2.$Proxy56.execute(Unknown Source)
com.kms.katalon.core.webui.model.SeleniumActionRetryController.performAction(SeleniumActionRetryController.java:96)
com.kms.katalon.core.webui.model.SeleniumActionRetryController.performAction(SeleniumActionRetryController.java:83)
com.kms.katalon.core.webui.keyword.internal.WebUIKeywordMain$_runKeywordUntilTimeout_closure1.doCall(WebUIKeywordMain.groovy:135)
com.kms.katalon.core.webui.keyword.internal.WebUIKeywordMain$_runKeywordUntilTimeout_closure1.call(WebUIKeywordMain.groovy)
com.kms.katalon.core.webui.keyword.internal.WebUIKeywordMain.runKeyword(WebUIKeywordMain.groovy:41)
com.kms.katalon.core.webui.keyword.internal.WebUIKeywordMain.runKeywordUntilTimeout(WebUIKeywordMain.groovy:133)
com.kms.katalon.core.webui.keyword.builtin.ClickKeyword.click(ClickKeyword.groovy:72)
com.kms.katalon.core.webui.keyword.builtin.ClickKeyword.execute(ClickKeyword.groovy:38)
com.kms.katalon.core.keyword.internal.KeywordExecutor.executeKeywordForPlatform(KeywordExecutor.groovy:99)
com.kms.katalon.core.webui.keyword.WebUiBuiltInKeywords.click(WebUiBuiltInKeywords.groovy:722)
Login with SQL-Injection.run(Login with SQL-Injection:32)
</property>
</record>
<record>
  <date>2026-05-08T06:33:33.131192Z</date>
  <millis>1778222013131</millis>
  <nanos>192000</nanos>
  <sequence>705</sequence>
  <level>END</level>
  <class>com.kms.katalon.core.logging.XmlKeywordLogger</class>
  <method>endKeyword</method>
  <thread>1</thread>
  <message>End action : click(findTestObject(&amp;quot;Login/page_login&amp;quot;))</message>
  <nestedLevel>1</nestedLevel>
  <escapedJava>false</escapedJava>
</record>
<record>
  <date>2026-05-08T06:33:33.131277Z</date>
  <millis>1778222013131</millis>
  <nanos>277000</nanos>
  <sequence>706</sequence>
  <level>START</level>
  <class>com.kms.katalon.core.logging.XmlKeywordLogger</class>
  <method>startKeyword</method>
  <thread>1</thread>
  <message>Start action : closeBrowser()</message>
  <nestedLevel>1</nestedLevel>
  <escapedJava>false</escapedJava>
  <property name="startLine">34</property>
  <property name="stepIndex">8</property>
</record>
<record>
  <date>2026-05-08T06:33:33.231513Z</date>
  <millis>1778222013231</millis>
  <nanos>513000</nanos>
  <sequence>709</sequence>
  <level>PASSED</level>
  <class>com.kms.katalon.core.logging.XmlKeywordLogger</class>
  <method>logMessage</method>
  <thread>1</thread>
  <message>Browser is closed</message>
  <nestedLevel>1</nestedLevel>
  <escapedJava>false</escapedJava>
  <property name="testops-method-name">com.kms.katalon.core.webui.keyword.builtin.CloseBrowserKeyword.closeBrowser</property>
  <property name="testops-execution-stacktrace"></property>
</record>
<record>
  <date>2026-05-08T06:33:33.231729Z</date>
  <millis>1778222013231</millis>
  <nanos>729000</nanos>
  <sequence>710</sequence>
  <level>END</level>
  <class>com.kms.katalon.core.logging.XmlKeywordLogger</class>
  <method>endKeyword</method>
  <thread>1</thread>
  <message>End action : closeBrowser()</message>
  <nestedLevel>1</nestedLevel>
  <escapedJava>false</escapedJava>
</record>
<record>
  <date>2026-05-08T06:33:33.231822Z</date>
  <millis>1778222013231</millis>
  <nanos>822000</nanos>
  <sequence>711</sequence>
  <level>PASSED</level>
  <class>com.kms.katalon.core.logging.XmlKeywordLogger</class>
  <method>logMessage</method>
  <thread>1</thread>
  <message>Test Cases/Login Verification/Login with SQL-Injection</message>
  <nestedLevel>1</nestedLevel>
  <escapedJava>false</escapedJava>
</record>
<record>
  <date>2026-05-08T06:33:33.232260Z</date>
  <millis>1778222013232</millis>
  <nanos>260000</nanos>
  <sequence>712</sequence>
  <level>END</level>
  <class>com.kms.katalon.core.logging.XmlKeywordLogger</class>
  <method>endTest</method>
  <thread>1</thread>
  <message>End Test Case : Test Cases/Login Verification/Login with SQL-Injection</message>
  <nestedLevel>0</nestedLevel>
  <escapedJava>false</escapedJava>
  <property name="executionBindingVariables">[
  {
    &quot;value&quot;: &quot;admin\u0027 #&quot;,
    &quot;isDefault&quot;: false,
    &quot;name&quot;: &quot;email&quot;,
    &quot;masked&quot;: false
  },
  {
    &quot;value&quot;: &quot;(kosong)&quot;,
    &quot;isDefault&quot;: false,
    &quot;name&quot;: &quot;password&quot;,
    &quot;masked&quot;: false
  }
]</property>
  <property name="applitools">false</property>
  <property name="remainingRetryCount">3</property>
  <property name="executedKeywords">{
  &quot;WebUI.closeBrowser&quot;: 1,
  &quot;WebUI.navigateToUrl&quot;: 1,
  &quot;WebUI.click&quot;: 3,
  &quot;WebUI.openBrowser&quot;: 1,
  &quot;WebUI.setText&quot;: 2
}</property>
  <property name="currentRetryCount">0</property>
  <property name="keywordsUsage">{
  &quot;web_ui&quot;: true,
  &quot;web_service&quot;: false,
  &quot;cucumber&quot;: false,
  &quot;builtin&quot;: false,
  &quot;mobile&quot;: false,
  &quot;windows&quot;: false,
  &quot;testng&quot;: false
}</property>
</record>
<record>
  <date>2026-05-08T06:33:33.240093Z</date>
  <millis>1778222013240</millis>
  <nanos>93000</nanos>
  <sequence>713</sequence>
  <level>START</level>
  <class>com.kms.katalon.core.logging.XmlKeywordLogger</class>
  <method>startTest</method>
  <thread>1</thread>
  <message>Start Test Case : Test Cases/Login Verification/Login with SQL-Injection</message>
  <nestedLevel>1</nestedLevel>
  <escapedJava>false</escapedJava>
  <property name="remainingRetryCount">3</property>
  <property name="origin">WEB_RECORDER</property>
  <property name="name">Test Cases/Login Verification/Login with SQL-Injection</property>
  <property name="description"></property>
  <property name="iteration">(bebas)</property>
  <property name="id">Test Cases/Login Verification/Login with SQL-Injection</property>
  <property name="source">\Users\fazza_abiyyu\Documents\Projects\Hobby\KATALON_QWERTY\Test Cases\Login Verification\Login with SQL-Injection.tc</property>
  <property name="tag">auth</property>
  <property name="isOptional">false</property>
  <property name="uuid">d1150cf3-77f1-43d8-bf24-33d6a8699bad</property>
  <property name="currentRetryCount">0</property>
</record>
<record>
  <date>2026-05-08T06:33:33.245653Z</date>
  <millis>1778222013245</millis>
  <nanos>653000</nanos>
  <sequence>715</sequence>
  <level>INFO</level>
  <class>com.kms.katalon.core.logging.XmlKeywordLogger</class>
  <method>logMessage</method>
  <thread>1</thread>
  <message>email =  OR 1=1 --</message>
  <nestedLevel>1</nestedLevel>
  <escapedJava>false</escapedJava>
</record>
<record>
  <date>2026-05-08T06:33:33.245888Z</date>
  <millis>1778222013245</millis>
  <nanos>888000</nanos>
  <sequence>716</sequence>
  <level>INFO</level>
  <class>com.kms.katalon.core.logging.XmlKeywordLogger</class>
  <method>logMessage</method>
  <thread>1</thread>
  <message>password = (bebas)</message>
  <nestedLevel>1</nestedLevel>
  <escapedJava>false</escapedJava>
</record>
<record>
  <date>2026-05-08T06:33:33.246153Z</date>
  <millis>1778222013246</millis>
  <nanos>153000</nanos>
  <sequence>717</sequence>
  <level>RUN_DATA</level>
  <class>com.kms.katalon.core.logging.XmlKeywordLogger</class>
  <method>logMessage</method>
  <thread>1</thread>
  <message>executionBindingVariables = [
  {
    &amp;quot;value&amp;quot;: &amp;quot; OR 1\u003d1 --&amp;quot;,
    &amp;quot;isDefault&amp;quot;: false,
    &amp;quot;name&amp;quot;: &amp;quot;email&amp;quot;,
    &amp;quot;masked&amp;quot;: false
  },
  {
    &amp;quot;value&amp;quot;: &amp;quot;(bebas)&amp;quot;,
    &amp;quot;isDefault&amp;quot;: false,
    &amp;quot;name&amp;quot;: &amp;quot;password&amp;quot;,
    &amp;quot;masked&amp;quot;: false
  }
]</message>
  <nestedLevel>1</nestedLevel>
  <escapedJava>false</escapedJava>
  <property name="executionBindingVariables">[
  {
    &quot;value&quot;: &quot; OR 1\u003d1 --&quot;,
    &quot;isDefault&quot;: false,
    &quot;name&quot;: &quot;email&quot;,
    &quot;masked&quot;: false
  },
  {
    &quot;value&quot;: &quot;(bebas)&quot;,
    &quot;isDefault&quot;: false,
    &quot;name&quot;: &quot;password&quot;,
    &quot;masked&quot;: false
  }
]</property>
</record>
<record>
  <date>2026-05-08T06:33:33.246862Z</date>
  <millis>1778222013246</millis>
  <nanos>862000</nanos>
  <sequence>718</sequence>
  <level>START</level>
  <class>com.kms.katalon.core.logging.XmlKeywordLogger</class>
  <method>startKeyword</method>
  <thread>1</thread>
  <message>Start action : openBrowser(&amp;quot;&amp;quot;)</message>
  <nestedLevel>1</nestedLevel>
  <escapedJava>false</escapedJava>
  <property name="startLine">20</property>
  <property name="stepIndex">1</property>
</record>
<record>
  <date>2026-05-08T06:33:33.247414Z</date>
  <millis>1778222013247</millis>
  <nanos>414000</nanos>
  <sequence>721</sequence>
  <level>INFO</level>
  <class>com.kms.katalon.core.logging.XmlKeywordLogger</class>
  <method>logMessage</method>
  <thread>1</thread>
  <message>Starting &amp;apos;Chrome&amp;apos; driver</message>
  <nestedLevel>1</nestedLevel>
  <escapedJava>false</escapedJava>
</record>
<record>
  <date>2026-05-08T06:33:33.248102Z</date>
  <millis>1778222013248</millis>
  <nanos>102000</nanos>
  <sequence>722</sequence>
  <level>INFO</level>
  <class>com.kms.katalon.core.logging.XmlKeywordLogger</class>
  <method>logMessage</method>
  <thread>1</thread>
  <message>Action delay is set to 0 milliseconds</message>
  <nestedLevel>1</nestedLevel>
  <escapedJava>false</escapedJava>
</record>
<record>
  <date>2026-05-08T06:33:34.887502Z</date>
  <millis>1778222014887</millis>
  <nanos>502000</nanos>
  <sequence>724</sequence>
  <level>RUN_DATA</level>
  <class>com.kms.katalon.core.logging.XmlKeywordLogger</class>
  <method>logMessage</method>
  <thread>1</thread>
  <message>sessionId = 81d245f3fe748427304f0ee82ee4959b</message>
  <nestedLevel>1</nestedLevel>
  <escapedJava>false</escapedJava>
  <property name="sessionId">81d245f3fe748427304f0ee82ee4959b</property>
</record>
<record>
  <date>2026-05-08T06:33:34.887788Z</date>
  <millis>1778222014887</millis>
  <nanos>788000</nanos>
  <sequence>725</sequence>
  <level>RUN_DATA</level>
  <class>com.kms.katalon.core.logging.XmlKeywordLogger</class>
  <method>logMessage</method>
  <thread>1</thread>
  <message>browser = Chrome 147.0.7727.138</message>
  <nestedLevel>1</nestedLevel>
  <escapedJava>false</escapedJava>
  <property name="browser">Chrome 147.0.7727.138</property>
</record>
<record>
  <date>2026-05-08T06:33:34.887888Z</date>
  <millis>1778222014887</millis>
  <nanos>888000</nanos>
  <sequence>726</sequence>
  <level>RUN_DATA</level>
  <class>com.kms.katalon.core.logging.XmlKeywordLogger</class>
  <method>logMessage</method>
  <thread>1</thread>
  <message>platform = Mac OS X</message>
  <nestedLevel>1</nestedLevel>
  <escapedJava>false</escapedJava>
  <property name="platform">Mac OS X</property>
</record>
<record>
  <date>2026-05-08T06:33:34.887973Z</date>
  <millis>1778222014887</millis>
  <nanos>973000</nanos>
  <sequence>727</sequence>
  <level>RUN_DATA</level>
  <class>com.kms.katalon.core.logging.XmlKeywordLogger</class>
  <method>logMessage</method>
  <thread>1</thread>
  <message>seleniumVersion = 4.39.0</message>
  <nestedLevel>1</nestedLevel>
  <escapedJava>false</escapedJava>
  <property name="seleniumVersion">4.39.0</property>
</record>
<record>
  <date>2026-05-08T06:33:34.888241Z</date>
  <millis>1778222014888</millis>
  <nanos>241000</nanos>
  <sequence>728</sequence>
  <level>RUN_DATA</level>
  <class>com.kms.katalon.core.logging.XmlKeywordLogger</class>
  <method>logMessage</method>
  <thread>1</thread>
  <message>proxyInformation = ProxyInformation { proxyOption=NO_PROXY, proxyServerType=HTTP, username=, password=********, proxyServerAddress=, proxyServerPort=0, executionList=&amp;quot;&amp;quot;, isApplyToDesiredCapabilities=true }</message>
  <nestedLevel>1</nestedLevel>
  <escapedJava>false</escapedJava>
  <property name="proxyInformation">ProxyInformation { proxyOption=NO_PROXY, proxyServerType=HTTP, username=, password=********, proxyServerAddress=, proxyServerPort=0, executionList=&quot;&quot;, isApplyToDesiredCapabilities=true }</property>
</record>
<record>
  <date>2026-05-08T06:33:34.894531Z</date>
  <millis>1778222014894</millis>
  <nanos>531000</nanos>
  <sequence>729</sequence>
  <level>PASSED</level>
  <class>com.kms.katalon.core.logging.XmlKeywordLogger</class>
  <method>logMessage</method>
  <thread>1</thread>
  <message>Browser is opened with url: &amp;apos;&amp;apos;</message>
  <nestedLevel>1</nestedLevel>
  <escapedJava>false</escapedJava>
  <property name="testops-method-name">com.kms.katalon.core.webui.keyword.builtin.OpenBrowserKeyword.openBrowser</property>
  <property name="testops-execution-stacktrace"></property>
</record>
<record>
  <date>2026-05-08T06:33:34.894886Z</date>
  <millis>1778222014894</millis>
  <nanos>886000</nanos>
  <sequence>730</sequence>
  <level>END</level>
  <class>com.kms.katalon.core.logging.XmlKeywordLogger</class>
  <method>endKeyword</method>
  <thread>1</thread>
  <message>End action : openBrowser(&amp;quot;&amp;quot;)</message>
  <nestedLevel>1</nestedLevel>
  <escapedJava>false</escapedJava>
</record>
<record>
  <date>2026-05-08T06:33:34.894990Z</date>
  <millis>1778222014894</millis>
  <nanos>990000</nanos>
  <sequence>731</sequence>
  <level>START</level>
  <class>com.kms.katalon.core.logging.XmlKeywordLogger</class>
  <method>startKeyword</method>
  <thread>1</thread>
  <message>Start action : navigateToUrl(&amp;quot;https://qwerty.abiyyu.xyz/&amp;quot;)</message>
  <nestedLevel>1</nestedLevel>
  <escapedJava>false</escapedJava>
  <property name="startLine">22</property>
  <property name="stepIndex">2</property>
</record>
<record>
  <date>2026-05-08T06:33:35.716582Z</date>
  <millis>1778222015716</millis>
  <nanos>582000</nanos>
  <sequence>735</sequence>
  <level>PASSED</level>
  <class>com.kms.katalon.core.logging.XmlKeywordLogger</class>
  <method>logMessage</method>
  <thread>1</thread>
  <message>Navigate to &amp;apos;https://qwerty.abiyyu.xyz/&amp;apos; successfully</message>
  <nestedLevel>1</nestedLevel>
  <escapedJava>false</escapedJava>
  <property name="testops-method-name">com.kms.katalon.core.webui.keyword.builtin.NavigateToUrlKeyword.navigateToUrl</property>
  <property name="testops-execution-stacktrace"></property>
</record>
<record>
  <date>2026-05-08T06:33:35.718053Z</date>
  <millis>1778222015718</millis>
  <nanos>53000</nanos>
  <sequence>736</sequence>
  <level>END</level>
  <class>com.kms.katalon.core.logging.XmlKeywordLogger</class>
  <method>endKeyword</method>
  <thread>1</thread>
  <message>End action : navigateToUrl(&amp;quot;https://qwerty.abiyyu.xyz/&amp;quot;)</message>
  <nestedLevel>1</nestedLevel>
  <escapedJava>false</escapedJava>
</record>
<record>
  <date>2026-05-08T06:33:35.718160Z</date>
  <millis>1778222015718</millis>
  <nanos>160000</nanos>
  <sequence>737</sequence>
  <level>START</level>
  <class>com.kms.katalon.core.logging.XmlKeywordLogger</class>
  <method>startKeyword</method>
  <thread>1</thread>
  <message>Start action : click(findTestObject(&amp;quot;Login/icon_sign_in&amp;quot;))</message>
  <nestedLevel>1</nestedLevel>
  <escapedJava>false</escapedJava>
  <property name="startLine">24</property>
  <property name="stepIndex">3</property>
</record>
<record>
  <date>2026-05-08T06:33:36.409295Z</date>
  <millis>1778222016409</millis>
  <nanos>295000</nanos>
  <sequence>748</sequence>
  <level>PASSED</level>
  <class>com.kms.katalon.core.logging.XmlKeywordLogger</class>
  <method>logMessage</method>
  <thread>1</thread>
  <message>Object: &amp;apos;Object Repository/Login/icon_sign_in&amp;apos; is clicked on</message>
  <nestedLevel>1</nestedLevel>
  <escapedJava>false</escapedJava>
  <property name="testops-method-name">com.kms.katalon.core.webui.keyword.internal.WebUIKeywordMain.runKeywordUntilTimeout</property>
  <property name="testops-execution-stacktrace">com.kms.katalon.core.logging.KeywordLogger.logPassed(KeywordLogger.java:350)
com.kms.katalon.core.logging.KeywordLogger.logPassed(KeywordLogger.java:345)
com.kms.katalon.core.webui.keyword.builtin.ClickKeyword$_click_closure1.doCall(ClickKeyword.groovy:66)
java.base/jdk.internal.reflect.DirectMethodHandleAccessor.invoke(DirectMethodHandleAccessor.java:103)
jdk.proxy2/jdk.proxy2.$Proxy56.execute(Unknown Source)
com.kms.katalon.core.webui.model.SeleniumActionRetryController.performAction(SeleniumActionRetryController.java:96)
com.kms.katalon.core.webui.model.SeleniumActionRetryController.performAction(SeleniumActionRetryController.java:83)
com.kms.katalon.core.webui.keyword.internal.WebUIKeywordMain$_runKeywordUntilTimeout_closure1.doCall(WebUIKeywordMain.groovy:135)
com.kms.katalon.core.webui.keyword.internal.WebUIKeywordMain$_runKeywordUntilTimeout_closure1.call(WebUIKeywordMain.groovy)
com.kms.katalon.core.webui.keyword.internal.WebUIKeywordMain.runKeyword(WebUIKeywordMain.groovy:41)
com.kms.katalon.core.webui.keyword.internal.WebUIKeywordMain.runKeywordUntilTimeout(WebUIKeywordMain.groovy:133)
com.kms.katalon.core.webui.keyword.builtin.ClickKeyword.click(ClickKeyword.groovy:72)
com.kms.katalon.core.webui.keyword.builtin.ClickKeyword.execute(ClickKeyword.groovy:38)
com.kms.katalon.core.keyword.internal.KeywordExecutor.executeKeywordForPlatform(KeywordExecutor.groovy:99)
com.kms.katalon.core.webui.keyword.WebUiBuiltInKeywords.click(WebUiBuiltInKeywords.groovy:722)
Login with SQL-Injection.run(Login with SQL-Injection:24)
</property>
</record>
<record>
  <date>2026-05-08T06:33:36.410626Z</date>
  <millis>1778222016410</millis>
  <nanos>626000</nanos>
  <sequence>749</sequence>
  <level>END</level>
  <class>com.kms.katalon.core.logging.XmlKeywordLogger</class>
  <method>endKeyword</method>
  <thread>1</thread>
  <message>End action : click(findTestObject(&amp;quot;Login/icon_sign_in&amp;quot;))</message>
  <nestedLevel>1</nestedLevel>
  <escapedJava>false</escapedJava>
</record>
<record>
  <date>2026-05-08T06:33:36.411343Z</date>
  <millis>1778222016411</millis>
  <nanos>343000</nanos>
  <sequence>750</sequence>
  <level>START</level>
  <class>com.kms.katalon.core.logging.XmlKeywordLogger</class>
  <method>startKeyword</method>
  <thread>1</thread>
  <message>Start action : setText(findTestObject(&amp;quot;Login/email_field&amp;quot;), email)</message>
  <nestedLevel>1</nestedLevel>
  <escapedJava>false</escapedJava>
  <property name="startLine">26</property>
  <property name="stepIndex">4</property>
</record>
<record>
  <date>2026-05-08T06:33:37.525764Z</date>
  <millis>1778222017525</millis>
  <nanos>764000</nanos>
  <sequence>764</sequence>
  <level>PASSED</level>
  <class>com.kms.katalon.core.logging.XmlKeywordLogger</class>
  <method>logMessage</method>
  <thread>1</thread>
  <message>Text &amp;apos; OR 1=1 --&amp;apos; is set on object &amp;apos;Object Repository/Login/email_field&amp;apos;</message>
  <nestedLevel>1</nestedLevel>
  <escapedJava>false</escapedJava>
  <property name="testops-method-name">com.kms.katalon.core.webui.keyword.internal.WebUIKeywordMain.runKeywordUntilTimeout</property>
  <property name="testops-execution-stacktrace">com.kms.katalon.core.logging.KeywordLogger.logPassed(KeywordLogger.java:350)
com.kms.katalon.core.logging.KeywordLogger.logPassed(KeywordLogger.java:345)
com.kms.katalon.core.webui.keyword.builtin.SetTextKeyword$_setText_closure1.doCall(SetTextKeyword.groovy:99)
java.base/jdk.internal.reflect.DirectMethodHandleAccessor.invoke(DirectMethodHandleAccessor.java:103)
jdk.proxy2/jdk.proxy2.$Proxy56.execute(Unknown Source)
com.kms.katalon.core.webui.model.SeleniumActionRetryController.performAction(SeleniumActionRetryController.java:96)
com.kms.katalon.core.webui.model.SeleniumActionRetryController.performAction(SeleniumActionRetryController.java:83)
com.kms.katalon.core.webui.keyword.internal.WebUIKeywordMain$_runKeywordUntilTimeout_closure1.doCall(WebUIKeywordMain.groovy:135)
com.kms.katalon.core.webui.keyword.internal.WebUIKeywordMain$_runKeywordUntilTimeout_closure1.call(WebUIKeywordMain.groovy)
com.kms.katalon.core.webui.keyword.internal.WebUIKeywordMain.runKeyword(WebUIKeywordMain.groovy:41)
com.kms.katalon.core.webui.keyword.internal.WebUIKeywordMain.runKeywordUntilTimeout(WebUIKeywordMain.groovy:133)
com.kms.katalon.core.webui.keyword.builtin.SetTextKeyword.setText(SetTextKeyword.groovy:106)
com.kms.katalon.core.webui.keyword.builtin.SetTextKeyword.execute(SetTextKeyword.groovy:49)
com.kms.katalon.core.keyword.internal.KeywordExecutor.executeKeywordForPlatform(KeywordExecutor.groovy:99)
com.kms.katalon.core.webui.keyword.WebUiBuiltInKeywords.setText(WebUiBuiltInKeywords.groovy:1082)
Login with SQL-Injection.run(Login with SQL-Injection:26)
</property>
</record>
<record>
  <date>2026-05-08T06:33:37.526634Z</date>
  <millis>1778222017526</millis>
  <nanos>634000</nanos>
  <sequence>765</sequence>
  <level>END</level>
  <class>com.kms.katalon.core.logging.XmlKeywordLogger</class>
  <method>endKeyword</method>
  <thread>1</thread>
  <message>End action : setText(findTestObject(&amp;quot;Login/email_field&amp;quot;), email)</message>
  <nestedLevel>1</nestedLevel>
  <escapedJava>false</escapedJava>
</record>
<record>
  <date>2026-05-08T06:33:37.526821Z</date>
  <millis>1778222017526</millis>
  <nanos>821000</nanos>
  <sequence>766</sequence>
  <level>START</level>
  <class>com.kms.katalon.core.logging.XmlKeywordLogger</class>
  <method>startKeyword</method>
  <thread>1</thread>
  <message>Start action : setText(findTestObject(&amp;quot;Login/password_field&amp;quot;), password)</message>
  <nestedLevel>1</nestedLevel>
  <escapedJava>false</escapedJava>
  <property name="startLine">28</property>
  <property name="stepIndex">5</property>
</record>
<record>
  <date>2026-05-08T06:33:38.050563Z</date>
  <millis>1778222018050</millis>
  <nanos>563000</nanos>
  <sequence>780</sequence>
  <level>PASSED</level>
  <class>com.kms.katalon.core.logging.XmlKeywordLogger</class>
  <method>logMessage</method>
  <thread>1</thread>
  <message>Text &amp;apos;(bebas)&amp;apos; is set on object &amp;apos;Object Repository/Login/password_field&amp;apos;</message>
  <nestedLevel>1</nestedLevel>
  <escapedJava>false</escapedJava>
  <property name="testops-method-name">com.kms.katalon.core.webui.keyword.internal.WebUIKeywordMain.runKeywordUntilTimeout</property>
  <property name="testops-execution-stacktrace">com.kms.katalon.core.logging.KeywordLogger.logPassed(KeywordLogger.java:350)
com.kms.katalon.core.logging.KeywordLogger.logPassed(KeywordLogger.java:345)
com.kms.katalon.core.webui.keyword.builtin.SetTextKeyword$_setText_closure1.doCall(SetTextKeyword.groovy:99)
java.base/jdk.internal.reflect.DirectMethodHandleAccessor.invoke(DirectMethodHandleAccessor.java:103)
jdk.proxy2/jdk.proxy2.$Proxy56.execute(Unknown Source)
com.kms.katalon.core.webui.model.SeleniumActionRetryController.performAction(SeleniumActionRetryController.java:96)
com.kms.katalon.core.webui.model.SeleniumActionRetryController.performAction(SeleniumActionRetryController.java:83)
com.kms.katalon.core.webui.keyword.internal.WebUIKeywordMain$_runKeywordUntilTimeout_closure1.doCall(WebUIKeywordMain.groovy:135)
com.kms.katalon.core.webui.keyword.internal.WebUIKeywordMain$_runKeywordUntilTimeout_closure1.call(WebUIKeywordMain.groovy)
com.kms.katalon.core.webui.keyword.internal.WebUIKeywordMain.runKeyword(WebUIKeywordMain.groovy:41)
com.kms.katalon.core.webui.keyword.internal.WebUIKeywordMain.runKeywordUntilTimeout(WebUIKeywordMain.groovy:133)
com.kms.katalon.core.webui.keyword.builtin.SetTextKeyword.setText(SetTextKeyword.groovy:106)
com.kms.katalon.core.webui.keyword.builtin.SetTextKeyword.execute(SetTextKeyword.groovy:49)
com.kms.katalon.core.keyword.internal.KeywordExecutor.executeKeywordForPlatform(KeywordExecutor.groovy:99)
com.kms.katalon.core.webui.keyword.WebUiBuiltInKeywords.setText(WebUiBuiltInKeywords.groovy:1082)
Login with SQL-Injection.run(Login with SQL-Injection:28)
</property>
</record>
<record>
  <date>2026-05-08T06:33:38.051081Z</date>
  <millis>1778222018051</millis>
  <nanos>81000</nanos>
  <sequence>781</sequence>
  <level>END</level>
  <class>com.kms.katalon.core.logging.XmlKeywordLogger</class>
  <method>endKeyword</method>
  <thread>1</thread>
  <message>End action : setText(findTestObject(&amp;quot;Login/password_field&amp;quot;), password)</message>
  <nestedLevel>1</nestedLevel>
  <escapedJava>false</escapedJava>
</record>
<record>
  <date>2026-05-08T06:33:38.051173Z</date>
  <millis>1778222018051</millis>
  <nanos>173000</nanos>
  <sequence>782</sequence>
  <level>START</level>
  <class>com.kms.katalon.core.logging.XmlKeywordLogger</class>
  <method>startKeyword</method>
  <thread>1</thread>
  <message>Start action : click(findTestObject(&amp;quot;Login/btn_sign_in&amp;quot;), STOP_ON_FAILURE)</message>
  <nestedLevel>1</nestedLevel>
  <escapedJava>false</escapedJava>
  <property name="startLine">30</property>
  <property name="stepIndex">6</property>
</record>
<record>
  <date>2026-05-08T06:33:38.314917Z</date>
  <millis>1778222018314</millis>
  <nanos>917000</nanos>
  <sequence>793</sequence>
  <level>PASSED</level>
  <class>com.kms.katalon.core.logging.XmlKeywordLogger</class>
  <method>logMessage</method>
  <thread>1</thread>
  <message>Object: &amp;apos;Object Repository/Login/btn_sign_in&amp;apos; is clicked on</message>
  <nestedLevel>1</nestedLevel>
  <escapedJava>false</escapedJava>
  <property name="testops-method-name">com.kms.katalon.core.webui.keyword.internal.WebUIKeywordMain.runKeywordUntilTimeout</property>
  <property name="testops-execution-stacktrace">com.kms.katalon.core.logging.KeywordLogger.logPassed(KeywordLogger.java:350)
com.kms.katalon.core.logging.KeywordLogger.logPassed(KeywordLogger.java:345)
com.kms.katalon.core.webui.keyword.builtin.ClickKeyword$_click_closure1.doCall(ClickKeyword.groovy:66)
java.base/jdk.internal.reflect.DirectMethodHandleAccessor.invoke(DirectMethodHandleAccessor.java:103)
jdk.proxy2/jdk.proxy2.$Proxy56.execute(Unknown Source)
com.kms.katalon.core.webui.model.SeleniumActionRetryController.performAction(SeleniumActionRetryController.java:96)
com.kms.katalon.core.webui.model.SeleniumActionRetryController.performAction(SeleniumActionRetryController.java:83)
com.kms.katalon.core.webui.keyword.internal.WebUIKeywordMain$_runKeywordUntilTimeout_closure1.doCall(WebUIKeywordMain.groovy:135)
com.kms.katalon.core.webui.keyword.internal.WebUIKeywordMain$_runKeywordUntilTimeout_closure1.call(WebUIKeywordMain.groovy)
com.kms.katalon.core.webui.keyword.internal.WebUIKeywordMain.runKeyword(WebUIKeywordMain.groovy:41)
com.kms.katalon.core.webui.keyword.internal.WebUIKeywordMain.runKeywordUntilTimeout(WebUIKeywordMain.groovy:133)
com.kms.katalon.core.webui.keyword.builtin.ClickKeyword.click(ClickKeyword.groovy:72)
com.kms.katalon.core.webui.keyword.builtin.ClickKeyword.execute(ClickKeyword.groovy:38)
com.kms.katalon.core.keyword.internal.KeywordExecutor.executeKeywordForPlatform(KeywordExecutor.groovy:99)
com.kms.katalon.core.webui.keyword.WebUiBuiltInKeywords.click(WebUiBuiltInKeywords.groovy:685)
Login with SQL-Injection.run(Login with SQL-Injection:30)
</property>
</record>
<record>
  <date>2026-05-08T06:33:38.315501Z</date>
  <millis>1778222018315</millis>
  <nanos>501000</nanos>
  <sequence>794</sequence>
  <level>END</level>
  <class>com.kms.katalon.core.logging.XmlKeywordLogger</class>
  <method>endKeyword</method>
  <thread>1</thread>
  <message>End action : click(findTestObject(&amp;quot;Login/btn_sign_in&amp;quot;), STOP_ON_FAILURE)</message>
  <nestedLevel>1</nestedLevel>
  <escapedJava>false</escapedJava>
</record>
<record>
  <date>2026-05-08T06:33:38.315662Z</date>
  <millis>1778222018315</millis>
  <nanos>662000</nanos>
  <sequence>795</sequence>
  <level>START</level>
  <class>com.kms.katalon.core.logging.XmlKeywordLogger</class>
  <method>startKeyword</method>
  <thread>1</thread>
  <message>Start action : click(findTestObject(&amp;quot;Login/page_login&amp;quot;))</message>
  <nestedLevel>1</nestedLevel>
  <escapedJava>false</escapedJava>
  <property name="startLine">32</property>
  <property name="stepIndex">7</property>
</record>
<record>
  <date>2026-05-08T06:33:38.580896Z</date>
  <millis>1778222018580</millis>
  <nanos>896000</nanos>
  <sequence>806</sequence>
  <level>PASSED</level>
  <class>com.kms.katalon.core.logging.XmlKeywordLogger</class>
  <method>logMessage</method>
  <thread>1</thread>
  <message>Object: &amp;apos;Object Repository/Login/page_login&amp;apos; is clicked on</message>
  <nestedLevel>1</nestedLevel>
  <escapedJava>false</escapedJava>
  <property name="testops-method-name">com.kms.katalon.core.webui.keyword.internal.WebUIKeywordMain.runKeywordUntilTimeout</property>
  <property name="testops-execution-stacktrace">com.kms.katalon.core.logging.KeywordLogger.logPassed(KeywordLogger.java:350)
com.kms.katalon.core.logging.KeywordLogger.logPassed(KeywordLogger.java:345)
com.kms.katalon.core.webui.keyword.builtin.ClickKeyword$_click_closure1.doCall(ClickKeyword.groovy:66)
java.base/jdk.internal.reflect.DirectMethodHandleAccessor.invoke(DirectMethodHandleAccessor.java:103)
jdk.proxy2/jdk.proxy2.$Proxy56.execute(Unknown Source)
com.kms.katalon.core.webui.model.SeleniumActionRetryController.performAction(SeleniumActionRetryController.java:96)
com.kms.katalon.core.webui.model.SeleniumActionRetryController.performAction(SeleniumActionRetryController.java:83)
com.kms.katalon.core.webui.keyword.internal.WebUIKeywordMain$_runKeywordUntilTimeout_closure1.doCall(WebUIKeywordMain.groovy:135)
com.kms.katalon.core.webui.keyword.internal.WebUIKeywordMain$_runKeywordUntilTimeout_closure1.call(WebUIKeywordMain.groovy)
com.kms.katalon.core.webui.keyword.internal.WebUIKeywordMain.runKeyword(WebUIKeywordMain.groovy:41)
com.kms.katalon.core.webui.keyword.internal.WebUIKeywordMain.runKeywordUntilTimeout(WebUIKeywordMain.groovy:133)
com.kms.katalon.core.webui.keyword.builtin.ClickKeyword.click(ClickKeyword.groovy:72)
com.kms.katalon.core.webui.keyword.builtin.ClickKeyword.execute(ClickKeyword.groovy:38)
com.kms.katalon.core.keyword.internal.KeywordExecutor.executeKeywordForPlatform(KeywordExecutor.groovy:99)
com.kms.katalon.core.webui.keyword.WebUiBuiltInKeywords.click(WebUiBuiltInKeywords.groovy:722)
Login with SQL-Injection.run(Login with SQL-Injection:32)
</property>
</record>
<record>
  <date>2026-05-08T06:33:38.581457Z</date>
  <millis>1778222018581</millis>
  <nanos>457000</nanos>
  <sequence>807</sequence>
  <level>END</level>
  <class>com.kms.katalon.core.logging.XmlKeywordLogger</class>
  <method>endKeyword</method>
  <thread>1</thread>
  <message>End action : click(findTestObject(&amp;quot;Login/page_login&amp;quot;))</message>
  <nestedLevel>1</nestedLevel>
  <escapedJava>false</escapedJava>
</record>
<record>
  <date>2026-05-08T06:33:38.581549Z</date>
  <millis>1778222018581</millis>
  <nanos>549000</nanos>
  <sequence>808</sequence>
  <level>START</level>
  <class>com.kms.katalon.core.logging.XmlKeywordLogger</class>
  <method>startKeyword</method>
  <thread>1</thread>
  <message>Start action : closeBrowser()</message>
  <nestedLevel>1</nestedLevel>
  <escapedJava>false</escapedJava>
  <property name="startLine">34</property>
  <property name="stepIndex">8</property>
</record>
<record>
  <date>2026-05-08T06:33:38.678752Z</date>
  <millis>1778222018678</millis>
  <nanos>752000</nanos>
  <sequence>811</sequence>
  <level>PASSED</level>
  <class>com.kms.katalon.core.logging.XmlKeywordLogger</class>
  <method>logMessage</method>
  <thread>1</thread>
  <message>Browser is closed</message>
  <nestedLevel>1</nestedLevel>
  <escapedJava>false</escapedJava>
  <property name="testops-method-name">com.kms.katalon.core.webui.keyword.builtin.CloseBrowserKeyword.closeBrowser</property>
  <property name="testops-execution-stacktrace"></property>
</record>
<record>
  <date>2026-05-08T06:33:38.679014Z</date>
  <millis>1778222018679</millis>
  <nanos>14000</nanos>
  <sequence>812</sequence>
  <level>END</level>
  <class>com.kms.katalon.core.logging.XmlKeywordLogger</class>
  <method>endKeyword</method>
  <thread>1</thread>
  <message>End action : closeBrowser()</message>
  <nestedLevel>1</nestedLevel>
  <escapedJava>false</escapedJava>
</record>
<record>
  <date>2026-05-08T06:33:38.679118Z</date>
  <millis>1778222018679</millis>
  <nanos>118000</nanos>
  <sequence>813</sequence>
  <level>PASSED</level>
  <class>com.kms.katalon.core.logging.XmlKeywordLogger</class>
  <method>logMessage</method>
  <thread>1</thread>
  <message>Test Cases/Login Verification/Login with SQL-Injection</message>
  <nestedLevel>1</nestedLevel>
  <escapedJava>false</escapedJava>
</record>
<record>
  <date>2026-05-08T06:33:38.679548Z</date>
  <millis>1778222018679</millis>
  <nanos>548000</nanos>
  <sequence>814</sequence>
  <level>END</level>
  <class>com.kms.katalon.core.logging.XmlKeywordLogger</class>
  <method>endTest</method>
  <thread>1</thread>
  <message>End Test Case : Test Cases/Login Verification/Login with SQL-Injection</message>
  <nestedLevel>0</nestedLevel>
  <escapedJava>false</escapedJava>
  <property name="executionBindingVariables">[
  {
    &quot;value&quot;: &quot; OR 1\u003d1 --&quot;,
    &quot;isDefault&quot;: false,
    &quot;name&quot;: &quot;email&quot;,
    &quot;masked&quot;: false
  },
  {
    &quot;value&quot;: &quot;(bebas)&quot;,
    &quot;isDefault&quot;: false,
    &quot;name&quot;: &quot;password&quot;,
    &quot;masked&quot;: false
  }
]</property>
  <property name="applitools">false</property>
  <property name="remainingRetryCount">3</property>
  <property name="executedKeywords">{
  &quot;WebUI.closeBrowser&quot;: 1,
  &quot;WebUI.navigateToUrl&quot;: 1,
  &quot;WebUI.click&quot;: 3,
  &quot;WebUI.openBrowser&quot;: 1,
  &quot;WebUI.setText&quot;: 2
}</property>
  <property name="currentRetryCount">0</property>
  <property name="keywordsUsage">{
  &quot;web_ui&quot;: true,
  &quot;web_service&quot;: false,
  &quot;cucumber&quot;: false,
  &quot;builtin&quot;: false,
  &quot;mobile&quot;: false,
  &quot;windows&quot;: false,
  &quot;testng&quot;: false
}</property>
</record>
<record>
  <date>2026-05-08T06:33:38.686224Z</date>
  <millis>1778222018686</millis>
  <nanos>224000</nanos>
  <sequence>815</sequence>
  <level>START</level>
  <class>com.kms.katalon.core.logging.XmlKeywordLogger</class>
  <method>startTest</method>
  <thread>1</thread>
  <message>Start Test Case : Test Cases/Login Verification/Login with SQL-Injection</message>
  <nestedLevel>1</nestedLevel>
  <escapedJava>false</escapedJava>
  <property name="remainingRetryCount">3</property>
  <property name="origin">WEB_RECORDER</property>
  <property name="name">Test Cases/Login Verification/Login with SQL-Injection</property>
  <property name="description"></property>
  <property name="iteration">(bebas)</property>
  <property name="id">Test Cases/Login Verification/Login with SQL-Injection</property>
  <property name="source">\Users\fazza_abiyyu\Documents\Projects\Hobby\KATALON_QWERTY\Test Cases\Login Verification\Login with SQL-Injection.tc</property>
  <property name="tag">auth</property>
  <property name="isOptional">false</property>
  <property name="uuid">98501f4d-f377-403b-9ff5-e81bf787504c</property>
  <property name="currentRetryCount">0</property>
</record>
<record>
  <date>2026-05-08T06:33:38.690395Z</date>
  <millis>1778222018690</millis>
  <nanos>395000</nanos>
  <sequence>817</sequence>
  <level>INFO</level>
  <class>com.kms.katalon.core.logging.XmlKeywordLogger</class>
  <method>logMessage</method>
  <thread>1</thread>
  <message>email = &amp;quot; OR &amp;quot;1&amp;quot;=&amp;quot;1</message>
  <nestedLevel>1</nestedLevel>
  <escapedJava>false</escapedJava>
</record>
<record>
  <date>2026-05-08T06:33:38.690540Z</date>
  <millis>1778222018690</millis>
  <nanos>540000</nanos>
  <sequence>818</sequence>
  <level>INFO</level>
  <class>com.kms.katalon.core.logging.XmlKeywordLogger</class>
  <method>logMessage</method>
  <thread>1</thread>
  <message>password = (bebas)</message>
  <nestedLevel>1</nestedLevel>
  <escapedJava>false</escapedJava>
</record>
<record>
  <date>2026-05-08T06:33:38.690857Z</date>
  <millis>1778222018690</millis>
  <nanos>857000</nanos>
  <sequence>819</sequence>
  <level>RUN_DATA</level>
  <class>com.kms.katalon.core.logging.XmlKeywordLogger</class>
  <method>logMessage</method>
  <thread>1</thread>
  <message>executionBindingVariables = [
  {
    &amp;quot;value&amp;quot;: &amp;quot;\&amp;quot; OR \&amp;quot;1\&amp;quot;\u003d\&amp;quot;1&amp;quot;,
    &amp;quot;isDefault&amp;quot;: false,
    &amp;quot;name&amp;quot;: &amp;quot;email&amp;quot;,
    &amp;quot;masked&amp;quot;: false
  },
  {
    &amp;quot;value&amp;quot;: &amp;quot;(bebas)&amp;quot;,
    &amp;quot;isDefault&amp;quot;: false,
    &amp;quot;name&amp;quot;: &amp;quot;password&amp;quot;,
    &amp;quot;masked&amp;quot;: false
  }
]</message>
  <nestedLevel>1</nestedLevel>
  <escapedJava>false</escapedJava>
  <property name="executionBindingVariables">[
  {
    &quot;value&quot;: &quot;\&quot; OR \&quot;1\&quot;\u003d\&quot;1&quot;,
    &quot;isDefault&quot;: false,
    &quot;name&quot;: &quot;email&quot;,
    &quot;masked&quot;: false
  },
  {
    &quot;value&quot;: &quot;(bebas)&quot;,
    &quot;isDefault&quot;: false,
    &quot;name&quot;: &quot;password&quot;,
    &quot;masked&quot;: false
  }
]</property>
</record>
<record>
  <date>2026-05-08T06:33:38.691527Z</date>
  <millis>1778222018691</millis>
  <nanos>527000</nanos>
  <sequence>820</sequence>
  <level>START</level>
  <class>com.kms.katalon.core.logging.XmlKeywordLogger</class>
  <method>startKeyword</method>
  <thread>1</thread>
  <message>Start action : openBrowser(&amp;quot;&amp;quot;)</message>
  <nestedLevel>1</nestedLevel>
  <escapedJava>false</escapedJava>
  <property name="startLine">20</property>
  <property name="stepIndex">1</property>
</record>
<record>
  <date>2026-05-08T06:33:38.692370Z</date>
  <millis>1778222018692</millis>
  <nanos>370000</nanos>
  <sequence>823</sequence>
  <level>INFO</level>
  <class>com.kms.katalon.core.logging.XmlKeywordLogger</class>
  <method>logMessage</method>
  <thread>1</thread>
  <message>Starting &amp;apos;Chrome&amp;apos; driver</message>
  <nestedLevel>1</nestedLevel>
  <escapedJava>false</escapedJava>
</record>
<record>
  <date>2026-05-08T06:33:38.693584Z</date>
  <millis>1778222018693</millis>
  <nanos>584000</nanos>
  <sequence>824</sequence>
  <level>INFO</level>
  <class>com.kms.katalon.core.logging.XmlKeywordLogger</class>
  <method>logMessage</method>
  <thread>1</thread>
  <message>Action delay is set to 0 milliseconds</message>
  <nestedLevel>1</nestedLevel>
  <escapedJava>false</escapedJava>
</record>
<record>
  <date>2026-05-08T06:33:40.421159Z</date>
  <millis>1778222020421</millis>
  <nanos>159000</nanos>
  <sequence>826</sequence>
  <level>RUN_DATA</level>
  <class>com.kms.katalon.core.logging.XmlKeywordLogger</class>
  <method>logMessage</method>
  <thread>1</thread>
  <message>sessionId = 3c6a0f9dbbbbbe74c5a1029c4ff415b8</message>
  <nestedLevel>1</nestedLevel>
  <escapedJava>false</escapedJava>
  <property name="sessionId">3c6a0f9dbbbbbe74c5a1029c4ff415b8</property>
</record>
<record>
  <date>2026-05-08T06:33:40.421439Z</date>
  <millis>1778222020421</millis>
  <nanos>439000</nanos>
  <sequence>827</sequence>
  <level>RUN_DATA</level>
  <class>com.kms.katalon.core.logging.XmlKeywordLogger</class>
  <method>logMessage</method>
  <thread>1</thread>
  <message>browser = Chrome 147.0.7727.138</message>
  <nestedLevel>1</nestedLevel>
  <escapedJava>false</escapedJava>
  <property name="browser">Chrome 147.0.7727.138</property>
</record>
<record>
  <date>2026-05-08T06:33:40.421543Z</date>
  <millis>1778222020421</millis>
  <nanos>543000</nanos>
  <sequence>828</sequence>
  <level>RUN_DATA</level>
  <class>com.kms.katalon.core.logging.XmlKeywordLogger</class>
  <method>logMessage</method>
  <thread>1</thread>
  <message>platform = Mac OS X</message>
  <nestedLevel>1</nestedLevel>
  <escapedJava>false</escapedJava>
  <property name="platform">Mac OS X</property>
</record>
<record>
  <date>2026-05-08T06:33:40.421647Z</date>
  <millis>1778222020421</millis>
  <nanos>647000</nanos>
  <sequence>829</sequence>
  <level>RUN_DATA</level>
  <class>com.kms.katalon.core.logging.XmlKeywordLogger</class>
  <method>logMessage</method>
  <thread>1</thread>
  <message>seleniumVersion = 4.39.0</message>
  <nestedLevel>1</nestedLevel>
  <escapedJava>false</escapedJava>
  <property name="seleniumVersion">4.39.0</property>
</record>
<record>
  <date>2026-05-08T06:33:40.421882Z</date>
  <millis>1778222020421</millis>
  <nanos>882000</nanos>
  <sequence>830</sequence>
  <level>RUN_DATA</level>
  <class>com.kms.katalon.core.logging.XmlKeywordLogger</class>
  <method>logMessage</method>
  <thread>1</thread>
  <message>proxyInformation = ProxyInformation { proxyOption=NO_PROXY, proxyServerType=HTTP, username=, password=********, proxyServerAddress=, proxyServerPort=0, executionList=&amp;quot;&amp;quot;, isApplyToDesiredCapabilities=true }</message>
  <nestedLevel>1</nestedLevel>
  <escapedJava>false</escapedJava>
  <property name="proxyInformation">ProxyInformation { proxyOption=NO_PROXY, proxyServerType=HTTP, username=, password=********, proxyServerAddress=, proxyServerPort=0, executionList=&quot;&quot;, isApplyToDesiredCapabilities=true }</property>
</record>
<record>
  <date>2026-05-08T06:33:40.428381Z</date>
  <millis>1778222020428</millis>
  <nanos>381000</nanos>
  <sequence>831</sequence>
  <level>PASSED</level>
  <class>com.kms.katalon.core.logging.XmlKeywordLogger</class>
  <method>logMessage</method>
  <thread>1</thread>
  <message>Browser is opened with url: &amp;apos;&amp;apos;</message>
  <nestedLevel>1</nestedLevel>
  <escapedJava>false</escapedJava>
  <property name="testops-method-name">com.kms.katalon.core.webui.keyword.builtin.OpenBrowserKeyword.openBrowser</property>
  <property name="testops-execution-stacktrace"></property>
</record>
<record>
  <date>2026-05-08T06:33:40.428802Z</date>
  <millis>1778222020428</millis>
  <nanos>802000</nanos>
  <sequence>832</sequence>
  <level>END</level>
  <class>com.kms.katalon.core.logging.XmlKeywordLogger</class>
  <method>endKeyword</method>
  <thread>1</thread>
  <message>End action : openBrowser(&amp;quot;&amp;quot;)</message>
  <nestedLevel>1</nestedLevel>
  <escapedJava>false</escapedJava>
</record>
<record>
  <date>2026-05-08T06:33:40.428917Z</date>
  <millis>1778222020428</millis>
  <nanos>917000</nanos>
  <sequence>833</sequence>
  <level>START</level>
  <class>com.kms.katalon.core.logging.XmlKeywordLogger</class>
  <method>startKeyword</method>
  <thread>1</thread>
  <message>Start action : navigateToUrl(&amp;quot;https://qwerty.abiyyu.xyz/&amp;quot;)</message>
  <nestedLevel>1</nestedLevel>
  <escapedJava>false</escapedJava>
  <property name="startLine">22</property>
  <property name="stepIndex">2</property>
</record>
<record>
  <date>2026-05-08T06:33:41.851945Z</date>
  <millis>1778222021851</millis>
  <nanos>945000</nanos>
  <sequence>837</sequence>
  <level>PASSED</level>
  <class>com.kms.katalon.core.logging.XmlKeywordLogger</class>
  <method>logMessage</method>
  <thread>1</thread>
  <message>Navigate to &amp;apos;https://qwerty.abiyyu.xyz/&amp;apos; successfully</message>
  <nestedLevel>1</nestedLevel>
  <escapedJava>false</escapedJava>
  <property name="testops-method-name">com.kms.katalon.core.webui.keyword.builtin.NavigateToUrlKeyword.navigateToUrl</property>
  <property name="testops-execution-stacktrace"></property>
</record>
<record>
  <date>2026-05-08T06:33:41.853628Z</date>
  <millis>1778222021853</millis>
  <nanos>628000</nanos>
  <sequence>838</sequence>
  <level>END</level>
  <class>com.kms.katalon.core.logging.XmlKeywordLogger</class>
  <method>endKeyword</method>
  <thread>1</thread>
  <message>End action : navigateToUrl(&amp;quot;https://qwerty.abiyyu.xyz/&amp;quot;)</message>
  <nestedLevel>1</nestedLevel>
  <escapedJava>false</escapedJava>
</record>
<record>
  <date>2026-05-08T06:33:41.853928Z</date>
  <millis>1778222021853</millis>
  <nanos>928000</nanos>
  <sequence>839</sequence>
  <level>START</level>
  <class>com.kms.katalon.core.logging.XmlKeywordLogger</class>
  <method>startKeyword</method>
  <thread>1</thread>
  <message>Start action : click(findTestObject(&amp;quot;Login/icon_sign_in&amp;quot;))</message>
  <nestedLevel>1</nestedLevel>
  <escapedJava>false</escapedJava>
  <property name="startLine">24</property>
  <property name="stepIndex">3</property>
</record>
<record>
  <date>2026-05-08T06:33:42.358542Z</date>
  <millis>1778222022358</millis>
  <nanos>542000</nanos>
  <sequence>850</sequence>
  <level>PASSED</level>
  <class>com.kms.katalon.core.logging.XmlKeywordLogger</class>
  <method>logMessage</method>
  <thread>1</thread>
  <message>Object: &amp;apos;Object Repository/Login/icon_sign_in&amp;apos; is clicked on</message>
  <nestedLevel>1</nestedLevel>
  <escapedJava>false</escapedJava>
  <property name="testops-method-name">com.kms.katalon.core.webui.keyword.internal.WebUIKeywordMain.runKeywordUntilTimeout</property>
  <property name="testops-execution-stacktrace">com.kms.katalon.core.logging.KeywordLogger.logPassed(KeywordLogger.java:350)
com.kms.katalon.core.logging.KeywordLogger.logPassed(KeywordLogger.java:345)
com.kms.katalon.core.webui.keyword.builtin.ClickKeyword$_click_closure1.doCall(ClickKeyword.groovy:66)
java.base/jdk.internal.reflect.DirectMethodHandleAccessor.invoke(DirectMethodHandleAccessor.java:103)
jdk.proxy2/jdk.proxy2.$Proxy56.execute(Unknown Source)
com.kms.katalon.core.webui.model.SeleniumActionRetryController.performAction(SeleniumActionRetryController.java:96)
com.kms.katalon.core.webui.model.SeleniumActionRetryController.performAction(SeleniumActionRetryController.java:83)
com.kms.katalon.core.webui.keyword.internal.WebUIKeywordMain$_runKeywordUntilTimeout_closure1.doCall(WebUIKeywordMain.groovy:135)
com.kms.katalon.core.webui.keyword.internal.WebUIKeywordMain$_runKeywordUntilTimeout_closure1.call(WebUIKeywordMain.groovy)
com.kms.katalon.core.webui.keyword.internal.WebUIKeywordMain.runKeyword(WebUIKeywordMain.groovy:41)
com.kms.katalon.core.webui.keyword.internal.WebUIKeywordMain.runKeywordUntilTimeout(WebUIKeywordMain.groovy:133)
com.kms.katalon.core.webui.keyword.builtin.ClickKeyword.click(ClickKeyword.groovy:72)
com.kms.katalon.core.webui.keyword.builtin.ClickKeyword.execute(ClickKeyword.groovy:38)
com.kms.katalon.core.keyword.internal.KeywordExecutor.executeKeywordForPlatform(KeywordExecutor.groovy:99)
com.kms.katalon.core.webui.keyword.WebUiBuiltInKeywords.click(WebUiBuiltInKeywords.groovy:722)
Login with SQL-Injection.run(Login with SQL-Injection:24)
</property>
</record>
<record>
  <date>2026-05-08T06:33:42.360109Z</date>
  <millis>1778222022360</millis>
  <nanos>109000</nanos>
  <sequence>851</sequence>
  <level>END</level>
  <class>com.kms.katalon.core.logging.XmlKeywordLogger</class>
  <method>endKeyword</method>
  <thread>1</thread>
  <message>End action : click(findTestObject(&amp;quot;Login/icon_sign_in&amp;quot;))</message>
  <nestedLevel>1</nestedLevel>
  <escapedJava>false</escapedJava>
</record>
<record>
  <date>2026-05-08T06:33:42.360423Z</date>
  <millis>1778222022360</millis>
  <nanos>423000</nanos>
  <sequence>852</sequence>
  <level>START</level>
  <class>com.kms.katalon.core.logging.XmlKeywordLogger</class>
  <method>startKeyword</method>
  <thread>1</thread>
  <message>Start action : setText(findTestObject(&amp;quot;Login/email_field&amp;quot;), email)</message>
  <nestedLevel>1</nestedLevel>
  <escapedJava>false</escapedJava>
  <property name="startLine">26</property>
  <property name="stepIndex">4</property>
</record>
<record>
  <date>2026-05-08T06:33:44.167616Z</date>
  <millis>1778222024167</millis>
  <nanos>616000</nanos>
  <sequence>866</sequence>
  <level>PASSED</level>
  <class>com.kms.katalon.core.logging.XmlKeywordLogger</class>
  <method>logMessage</method>
  <thread>1</thread>
  <message>Text &amp;apos;&amp;quot; OR &amp;quot;1&amp;quot;=&amp;quot;1&amp;apos; is set on object &amp;apos;Object Repository/Login/email_field&amp;apos;</message>
  <nestedLevel>1</nestedLevel>
  <escapedJava>false</escapedJava>
  <property name="testops-method-name">com.kms.katalon.core.webui.keyword.internal.WebUIKeywordMain.runKeywordUntilTimeout</property>
  <property name="testops-execution-stacktrace">com.kms.katalon.core.logging.KeywordLogger.logPassed(KeywordLogger.java:350)
com.kms.katalon.core.logging.KeywordLogger.logPassed(KeywordLogger.java:345)
com.kms.katalon.core.webui.keyword.builtin.SetTextKeyword$_setText_closure1.doCall(SetTextKeyword.groovy:99)
java.base/jdk.internal.reflect.DirectMethodHandleAccessor.invoke(DirectMethodHandleAccessor.java:103)
jdk.proxy2/jdk.proxy2.$Proxy56.execute(Unknown Source)
com.kms.katalon.core.webui.model.SeleniumActionRetryController.performAction(SeleniumActionRetryController.java:96)
com.kms.katalon.core.webui.model.SeleniumActionRetryController.performAction(SeleniumActionRetryController.java:83)
com.kms.katalon.core.webui.keyword.internal.WebUIKeywordMain$_runKeywordUntilTimeout_closure1.doCall(WebUIKeywordMain.groovy:135)
com.kms.katalon.core.webui.keyword.internal.WebUIKeywordMain$_runKeywordUntilTimeout_closure1.call(WebUIKeywordMain.groovy)
com.kms.katalon.core.webui.keyword.internal.WebUIKeywordMain.runKeyword(WebUIKeywordMain.groovy:41)
com.kms.katalon.core.webui.keyword.internal.WebUIKeywordMain.runKeywordUntilTimeout(WebUIKeywordMain.groovy:133)
com.kms.katalon.core.webui.keyword.builtin.SetTextKeyword.setText(SetTextKeyword.groovy:106)
com.kms.katalon.core.webui.keyword.builtin.SetTextKeyword.execute(SetTextKeyword.groovy:49)
com.kms.katalon.core.keyword.internal.KeywordExecutor.executeKeywordForPlatform(KeywordExecutor.groovy:99)
com.kms.katalon.core.webui.keyword.WebUiBuiltInKeywords.setText(WebUiBuiltInKeywords.groovy:1082)
Login with SQL-Injection.run(Login with SQL-Injection:26)
</property>
</record>
<record>
  <date>2026-05-08T06:33:44.168154Z</date>
  <millis>1778222024168</millis>
  <nanos>154000</nanos>
  <sequence>867</sequence>
  <level>END</level>
  <class>com.kms.katalon.core.logging.XmlKeywordLogger</class>
  <method>endKeyword</method>
  <thread>1</thread>
  <message>End action : setText(findTestObject(&amp;quot;Login/email_field&amp;quot;), email)</message>
  <nestedLevel>1</nestedLevel>
  <escapedJava>false</escapedJava>
</record>
<record>
  <date>2026-05-08T06:33:44.168237Z</date>
  <millis>1778222024168</millis>
  <nanos>237000</nanos>
  <sequence>868</sequence>
  <level>START</level>
  <class>com.kms.katalon.core.logging.XmlKeywordLogger</class>
  <method>startKeyword</method>
  <thread>1</thread>
  <message>Start action : setText(findTestObject(&amp;quot;Login/password_field&amp;quot;), password)</message>
  <nestedLevel>1</nestedLevel>
  <escapedJava>false</escapedJava>
  <property name="startLine">28</property>
  <property name="stepIndex">5</property>
</record>
<record>
  <date>2026-05-08T06:33:44.698309Z</date>
  <millis>1778222024698</millis>
  <nanos>309000</nanos>
  <sequence>882</sequence>
  <level>PASSED</level>
  <class>com.kms.katalon.core.logging.XmlKeywordLogger</class>
  <method>logMessage</method>
  <thread>1</thread>
  <message>Text &amp;apos;(bebas)&amp;apos; is set on object &amp;apos;Object Repository/Login/password_field&amp;apos;</message>
  <nestedLevel>1</nestedLevel>
  <escapedJava>false</escapedJava>
  <property name="testops-method-name">com.kms.katalon.core.webui.keyword.internal.WebUIKeywordMain.runKeywordUntilTimeout</property>
  <property name="testops-execution-stacktrace">com.kms.katalon.core.logging.KeywordLogger.logPassed(KeywordLogger.java:350)
com.kms.katalon.core.logging.KeywordLogger.logPassed(KeywordLogger.java:345)
com.kms.katalon.core.webui.keyword.builtin.SetTextKeyword$_setText_closure1.doCall(SetTextKeyword.groovy:99)
java.base/jdk.internal.reflect.DirectMethodHandleAccessor.invoke(DirectMethodHandleAccessor.java:103)
jdk.proxy2/jdk.proxy2.$Proxy56.execute(Unknown Source)
com.kms.katalon.core.webui.model.SeleniumActionRetryController.performAction(SeleniumActionRetryController.java:96)
com.kms.katalon.core.webui.model.SeleniumActionRetryController.performAction(SeleniumActionRetryController.java:83)
com.kms.katalon.core.webui.keyword.internal.WebUIKeywordMain$_runKeywordUntilTimeout_closure1.doCall(WebUIKeywordMain.groovy:135)
com.kms.katalon.core.webui.keyword.internal.WebUIKeywordMain$_runKeywordUntilTimeout_closure1.call(WebUIKeywordMain.groovy)
com.kms.katalon.core.webui.keyword.internal.WebUIKeywordMain.runKeyword(WebUIKeywordMain.groovy:41)
com.kms.katalon.core.webui.keyword.internal.WebUIKeywordMain.runKeywordUntilTimeout(WebUIKeywordMain.groovy:133)
com.kms.katalon.core.webui.keyword.builtin.SetTextKeyword.setText(SetTextKeyword.groovy:106)
com.kms.katalon.core.webui.keyword.builtin.SetTextKeyword.execute(SetTextKeyword.groovy:49)
com.kms.katalon.core.keyword.internal.KeywordExecutor.executeKeywordForPlatform(KeywordExecutor.groovy:99)
com.kms.katalon.core.webui.keyword.WebUiBuiltInKeywords.setText(WebUiBuiltInKeywords.groovy:1082)
Login with SQL-Injection.run(Login with SQL-Injection:28)
</property>
</record>
<record>
  <date>2026-05-08T06:33:44.698738Z</date>
  <millis>1778222024698</millis>
  <nanos>738000</nanos>
  <sequence>883</sequence>
  <level>END</level>
  <class>com.kms.katalon.core.logging.XmlKeywordLogger</class>
  <method>endKeyword</method>
  <thread>1</thread>
  <message>End action : setText(findTestObject(&amp;quot;Login/password_field&amp;quot;), password)</message>
  <nestedLevel>1</nestedLevel>
  <escapedJava>false</escapedJava>
</record>
<record>
  <date>2026-05-08T06:33:44.698814Z</date>
  <millis>1778222024698</millis>
  <nanos>814000</nanos>
  <sequence>884</sequence>
  <level>START</level>
  <class>com.kms.katalon.core.logging.XmlKeywordLogger</class>
  <method>startKeyword</method>
  <thread>1</thread>
  <message>Start action : click(findTestObject(&amp;quot;Login/btn_sign_in&amp;quot;), STOP_ON_FAILURE)</message>
  <nestedLevel>1</nestedLevel>
  <escapedJava>false</escapedJava>
  <property name="startLine">30</property>
  <property name="stepIndex">6</property>
</record>
<record>
  <date>2026-05-08T06:33:44.964598Z</date>
  <millis>1778222024964</millis>
  <nanos>598000</nanos>
  <sequence>895</sequence>
  <level>PASSED</level>
  <class>com.kms.katalon.core.logging.XmlKeywordLogger</class>
  <method>logMessage</method>
  <thread>1</thread>
  <message>Object: &amp;apos;Object Repository/Login/btn_sign_in&amp;apos; is clicked on</message>
  <nestedLevel>1</nestedLevel>
  <escapedJava>false</escapedJava>
  <property name="testops-method-name">com.kms.katalon.core.webui.keyword.internal.WebUIKeywordMain.runKeywordUntilTimeout</property>
  <property name="testops-execution-stacktrace">com.kms.katalon.core.logging.KeywordLogger.logPassed(KeywordLogger.java:350)
com.kms.katalon.core.logging.KeywordLogger.logPassed(KeywordLogger.java:345)
com.kms.katalon.core.webui.keyword.builtin.ClickKeyword$_click_closure1.doCall(ClickKeyword.groovy:66)
java.base/jdk.internal.reflect.DirectMethodHandleAccessor.invoke(DirectMethodHandleAccessor.java:103)
jdk.proxy2/jdk.proxy2.$Proxy56.execute(Unknown Source)
com.kms.katalon.core.webui.model.SeleniumActionRetryController.performAction(SeleniumActionRetryController.java:96)
com.kms.katalon.core.webui.model.SeleniumActionRetryController.performAction(SeleniumActionRetryController.java:83)
com.kms.katalon.core.webui.keyword.internal.WebUIKeywordMain$_runKeywordUntilTimeout_closure1.doCall(WebUIKeywordMain.groovy:135)
com.kms.katalon.core.webui.keyword.internal.WebUIKeywordMain$_runKeywordUntilTimeout_closure1.call(WebUIKeywordMain.groovy)
com.kms.katalon.core.webui.keyword.internal.WebUIKeywordMain.runKeyword(WebUIKeywordMain.groovy:41)
com.kms.katalon.core.webui.keyword.internal.WebUIKeywordMain.runKeywordUntilTimeout(WebUIKeywordMain.groovy:133)
com.kms.katalon.core.webui.keyword.builtin.ClickKeyword.click(ClickKeyword.groovy:72)
com.kms.katalon.core.webui.keyword.builtin.ClickKeyword.execute(ClickKeyword.groovy:38)
com.kms.katalon.core.keyword.internal.KeywordExecutor.executeKeywordForPlatform(KeywordExecutor.groovy:99)
com.kms.katalon.core.webui.keyword.WebUiBuiltInKeywords.click(WebUiBuiltInKeywords.groovy:685)
Login with SQL-Injection.run(Login with SQL-Injection:30)
</property>
</record>
<record>
  <date>2026-05-08T06:33:44.965365Z</date>
  <millis>1778222024965</millis>
  <nanos>365000</nanos>
  <sequence>896</sequence>
  <level>END</level>
  <class>com.kms.katalon.core.logging.XmlKeywordLogger</class>
  <method>endKeyword</method>
  <thread>1</thread>
  <message>End action : click(findTestObject(&amp;quot;Login/btn_sign_in&amp;quot;), STOP_ON_FAILURE)</message>
  <nestedLevel>1</nestedLevel>
  <escapedJava>false</escapedJava>
</record>
<record>
  <date>2026-05-08T06:33:44.965946Z</date>
  <millis>1778222024965</millis>
  <nanos>946000</nanos>
  <sequence>897</sequence>
  <level>START</level>
  <class>com.kms.katalon.core.logging.XmlKeywordLogger</class>
  <method>startKeyword</method>
  <thread>1</thread>
  <message>Start action : click(findTestObject(&amp;quot;Login/page_login&amp;quot;))</message>
  <nestedLevel>1</nestedLevel>
  <escapedJava>false</escapedJava>
  <property name="startLine">32</property>
  <property name="stepIndex">7</property>
</record>
<record>
  <date>2026-05-08T06:33:45.438798Z</date>
  <millis>1778222025438</millis>
  <nanos>798000</nanos>
  <sequence>908</sequence>
  <level>PASSED</level>
  <class>com.kms.katalon.core.logging.XmlKeywordLogger</class>
  <method>logMessage</method>
  <thread>1</thread>
  <message>Object: &amp;apos;Object Repository/Login/page_login&amp;apos; is clicked on</message>
  <nestedLevel>1</nestedLevel>
  <escapedJava>false</escapedJava>
  <property name="testops-method-name">com.kms.katalon.core.webui.keyword.internal.WebUIKeywordMain.runKeywordUntilTimeout</property>
  <property name="testops-execution-stacktrace">com.kms.katalon.core.logging.KeywordLogger.logPassed(KeywordLogger.java:350)
com.kms.katalon.core.logging.KeywordLogger.logPassed(KeywordLogger.java:345)
com.kms.katalon.core.webui.keyword.builtin.ClickKeyword$_click_closure1.doCall(ClickKeyword.groovy:66)
java.base/jdk.internal.reflect.DirectMethodHandleAccessor.invoke(DirectMethodHandleAccessor.java:103)
jdk.proxy2/jdk.proxy2.$Proxy56.execute(Unknown Source)
com.kms.katalon.core.webui.model.SeleniumActionRetryController.performAction(SeleniumActionRetryController.java:96)
com.kms.katalon.core.webui.model.SeleniumActionRetryController.performAction(SeleniumActionRetryController.java:83)
com.kms.katalon.core.webui.keyword.internal.WebUIKeywordMain$_runKeywordUntilTimeout_closure1.doCall(WebUIKeywordMain.groovy:135)
com.kms.katalon.core.webui.keyword.internal.WebUIKeywordMain$_runKeywordUntilTimeout_closure1.call(WebUIKeywordMain.groovy)
com.kms.katalon.core.webui.keyword.internal.WebUIKeywordMain.runKeyword(WebUIKeywordMain.groovy:41)
com.kms.katalon.core.webui.keyword.internal.WebUIKeywordMain.runKeywordUntilTimeout(WebUIKeywordMain.groovy:133)
com.kms.katalon.core.webui.keyword.builtin.ClickKeyword.click(ClickKeyword.groovy:72)
com.kms.katalon.core.webui.keyword.builtin.ClickKeyword.execute(ClickKeyword.groovy:38)
com.kms.katalon.core.keyword.internal.KeywordExecutor.executeKeywordForPlatform(KeywordExecutor.groovy:99)
com.kms.katalon.core.webui.keyword.WebUiBuiltInKeywords.click(WebUiBuiltInKeywords.groovy:722)
Login with SQL-Injection.run(Login with SQL-Injection:32)
</property>
</record>
<record>
  <date>2026-05-08T06:33:45.439346Z</date>
  <millis>1778222025439</millis>
  <nanos>346000</nanos>
  <sequence>909</sequence>
  <level>END</level>
  <class>com.kms.katalon.core.logging.XmlKeywordLogger</class>
  <method>endKeyword</method>
  <thread>1</thread>
  <message>End action : click(findTestObject(&amp;quot;Login/page_login&amp;quot;))</message>
  <nestedLevel>1</nestedLevel>
  <escapedJava>false</escapedJava>
</record>
<record>
  <date>2026-05-08T06:33:45.439438Z</date>
  <millis>1778222025439</millis>
  <nanos>438000</nanos>
  <sequence>910</sequence>
  <level>START</level>
  <class>com.kms.katalon.core.logging.XmlKeywordLogger</class>
  <method>startKeyword</method>
  <thread>1</thread>
  <message>Start action : closeBrowser()</message>
  <nestedLevel>1</nestedLevel>
  <escapedJava>false</escapedJava>
  <property name="startLine">34</property>
  <property name="stepIndex">8</property>
</record>
<record>
  <date>2026-05-08T06:33:45.536694Z</date>
  <millis>1778222025536</millis>
  <nanos>694000</nanos>
  <sequence>913</sequence>
  <level>PASSED</level>
  <class>com.kms.katalon.core.logging.XmlKeywordLogger</class>
  <method>logMessage</method>
  <thread>1</thread>
  <message>Browser is closed</message>
  <nestedLevel>1</nestedLevel>
  <escapedJava>false</escapedJava>
  <property name="testops-method-name">com.kms.katalon.core.webui.keyword.builtin.CloseBrowserKeyword.closeBrowser</property>
  <property name="testops-execution-stacktrace"></property>
</record>
<record>
  <date>2026-05-08T06:33:45.536919Z</date>
  <millis>1778222025536</millis>
  <nanos>919000</nanos>
  <sequence>914</sequence>
  <level>END</level>
  <class>com.kms.katalon.core.logging.XmlKeywordLogger</class>
  <method>endKeyword</method>
  <thread>1</thread>
  <message>End action : closeBrowser()</message>
  <nestedLevel>1</nestedLevel>
  <escapedJava>false</escapedJava>
</record>
<record>
  <date>2026-05-08T06:33:45.537018Z</date>
  <millis>1778222025537</millis>
  <nanos>18000</nanos>
  <sequence>915</sequence>
  <level>PASSED</level>
  <class>com.kms.katalon.core.logging.XmlKeywordLogger</class>
  <method>logMessage</method>
  <thread>1</thread>
  <message>Test Cases/Login Verification/Login with SQL-Injection</message>
  <nestedLevel>1</nestedLevel>
  <escapedJava>false</escapedJava>
</record>
<record>
  <date>2026-05-08T06:33:45.537752Z</date>
  <millis>1778222025537</millis>
  <nanos>752000</nanos>
  <sequence>916</sequence>
  <level>END</level>
  <class>com.kms.katalon.core.logging.XmlKeywordLogger</class>
  <method>endTest</method>
  <thread>1</thread>
  <message>End Test Case : Test Cases/Login Verification/Login with SQL-Injection</message>
  <nestedLevel>0</nestedLevel>
  <escapedJava>false</escapedJava>
  <property name="executionBindingVariables">[
  {
    &quot;value&quot;: &quot;\&quot; OR \&quot;1\&quot;\u003d\&quot;1&quot;,
    &quot;isDefault&quot;: false,
    &quot;name&quot;: &quot;email&quot;,
    &quot;masked&quot;: false
  },
  {
    &quot;value&quot;: &quot;(bebas)&quot;,
    &quot;isDefault&quot;: false,
    &quot;name&quot;: &quot;password&quot;,
    &quot;masked&quot;: false
  }
]</property>
  <property name="applitools">false</property>
  <property name="remainingRetryCount">3</property>
  <property name="executedKeywords">{
  &quot;WebUI.closeBrowser&quot;: 1,
  &quot;WebUI.navigateToUrl&quot;: 1,
  &quot;WebUI.click&quot;: 3,
  &quot;WebUI.openBrowser&quot;: 1,
  &quot;WebUI.setText&quot;: 2
}</property>
  <property name="currentRetryCount">0</property>
  <property name="keywordsUsage">{
  &quot;web_ui&quot;: true,
  &quot;web_service&quot;: false,
  &quot;cucumber&quot;: false,
  &quot;builtin&quot;: false,
  &quot;mobile&quot;: false,
  &quot;windows&quot;: false,
  &quot;testng&quot;: false
}</property>
</record>
<record>
  <date>2026-05-08T06:33:45.545710Z</date>
  <millis>1778222025545</millis>
  <nanos>710000</nanos>
  <sequence>917</sequence>
  <level>START</level>
  <class>com.kms.katalon.core.logging.XmlKeywordLogger</class>
  <method>startTest</method>
  <thread>1</thread>
  <message>Start Test Case : Test Cases/Login Verification/Login with SQL-Injection</message>
  <nestedLevel>1</nestedLevel>
  <escapedJava>false</escapedJava>
  <property name="remainingRetryCount">3</property>
  <property name="origin">WEB_RECORDER</property>
  <property name="name">Test Cases/Login Verification/Login with SQL-Injection</property>
  <property name="description"></property>
  <property name="iteration">(bebas)</property>
  <property name="id">Test Cases/Login Verification/Login with SQL-Injection</property>
  <property name="source">\Users\fazza_abiyyu\Documents\Projects\Hobby\KATALON_QWERTY\Test Cases\Login Verification\Login with SQL-Injection.tc</property>
  <property name="tag">auth</property>
  <property name="isOptional">false</property>
  <property name="uuid">da21cfb7-8b38-4891-92b4-0e870f7fc476</property>
  <property name="currentRetryCount">0</property>
</record>
<record>
  <date>2026-05-08T06:33:45.550113Z</date>
  <millis>1778222025550</millis>
  <nanos>113000</nanos>
  <sequence>919</sequence>
  <level>INFO</level>
  <class>com.kms.katalon.core.logging.XmlKeywordLogger</class>
  <method>logMessage</method>
  <thread>1</thread>
  <message>email = ) OR (&amp;apos;1&amp;apos;=&amp;apos;1</message>
  <nestedLevel>1</nestedLevel>
  <escapedJava>false</escapedJava>
</record>
<record>
  <date>2026-05-08T06:33:45.550311Z</date>
  <millis>1778222025550</millis>
  <nanos>311000</nanos>
  <sequence>920</sequence>
  <level>INFO</level>
  <class>com.kms.katalon.core.logging.XmlKeywordLogger</class>
  <method>logMessage</method>
  <thread>1</thread>
  <message>password = (bebas)</message>
  <nestedLevel>1</nestedLevel>
  <escapedJava>false</escapedJava>
</record>
<record>
  <date>2026-05-08T06:33:45.550688Z</date>
  <millis>1778222025550</millis>
  <nanos>688000</nanos>
  <sequence>921</sequence>
  <level>RUN_DATA</level>
  <class>com.kms.katalon.core.logging.XmlKeywordLogger</class>
  <method>logMessage</method>
  <thread>1</thread>
  <message>executionBindingVariables = [
  {
    &amp;quot;value&amp;quot;: &amp;quot;) OR (\u00271\u0027\u003d\u00271&amp;quot;,
    &amp;quot;isDefault&amp;quot;: false,
    &amp;quot;name&amp;quot;: &amp;quot;email&amp;quot;,
    &amp;quot;masked&amp;quot;: false
  },
  {
    &amp;quot;value&amp;quot;: &amp;quot;(bebas)&amp;quot;,
    &amp;quot;isDefault&amp;quot;: false,
    &amp;quot;name&amp;quot;: &amp;quot;password&amp;quot;,
    &amp;quot;masked&amp;quot;: false
  }
]</message>
  <nestedLevel>1</nestedLevel>
  <escapedJava>false</escapedJava>
  <property name="executionBindingVariables">[
  {
    &quot;value&quot;: &quot;) OR (\u00271\u0027\u003d\u00271&quot;,
    &quot;isDefault&quot;: false,
    &quot;name&quot;: &quot;email&quot;,
    &quot;masked&quot;: false
  },
  {
    &quot;value&quot;: &quot;(bebas)&quot;,
    &quot;isDefault&quot;: false,
    &quot;name&quot;: &quot;password&quot;,
    &quot;masked&quot;: false
  }
]</property>
</record>
<record>
  <date>2026-05-08T06:33:45.551511Z</date>
  <millis>1778222025551</millis>
  <nanos>511000</nanos>
  <sequence>922</sequence>
  <level>START</level>
  <class>com.kms.katalon.core.logging.XmlKeywordLogger</class>
  <method>startKeyword</method>
  <thread>1</thread>
  <message>Start action : openBrowser(&amp;quot;&amp;quot;)</message>
  <nestedLevel>1</nestedLevel>
  <escapedJava>false</escapedJava>
  <property name="startLine">20</property>
  <property name="stepIndex">1</property>
</record>
<record>
  <date>2026-05-08T06:33:45.552113Z</date>
  <millis>1778222025552</millis>
  <nanos>113000</nanos>
  <sequence>925</sequence>
  <level>INFO</level>
  <class>com.kms.katalon.core.logging.XmlKeywordLogger</class>
  <method>logMessage</method>
  <thread>1</thread>
  <message>Starting &amp;apos;Chrome&amp;apos; driver</message>
  <nestedLevel>1</nestedLevel>
  <escapedJava>false</escapedJava>
</record>
<record>
  <date>2026-05-08T06:33:45.552917Z</date>
  <millis>1778222025552</millis>
  <nanos>917000</nanos>
  <sequence>926</sequence>
  <level>INFO</level>
  <class>com.kms.katalon.core.logging.XmlKeywordLogger</class>
  <method>logMessage</method>
  <thread>1</thread>
  <message>Action delay is set to 0 milliseconds</message>
  <nestedLevel>1</nestedLevel>
  <escapedJava>false</escapedJava>
</record>
<record>
  <date>2026-05-08T06:33:47.283269Z</date>
  <millis>1778222027283</millis>
  <nanos>269000</nanos>
  <sequence>928</sequence>
  <level>RUN_DATA</level>
  <class>com.kms.katalon.core.logging.XmlKeywordLogger</class>
  <method>logMessage</method>
  <thread>1</thread>
  <message>sessionId = 3e76dab882e55176d23df163506f3cea</message>
  <nestedLevel>1</nestedLevel>
  <escapedJava>false</escapedJava>
  <property name="sessionId">3e76dab882e55176d23df163506f3cea</property>
</record>
<record>
  <date>2026-05-08T06:33:47.283505Z</date>
  <millis>1778222027283</millis>
  <nanos>505000</nanos>
  <sequence>929</sequence>
  <level>RUN_DATA</level>
  <class>com.kms.katalon.core.logging.XmlKeywordLogger</class>
  <method>logMessage</method>
  <thread>1</thread>
  <message>browser = Chrome 147.0.7727.138</message>
  <nestedLevel>1</nestedLevel>
  <escapedJava>false</escapedJava>
  <property name="browser">Chrome 147.0.7727.138</property>
</record>
<record>
  <date>2026-05-08T06:33:47.283585Z</date>
  <millis>1778222027283</millis>
  <nanos>585000</nanos>
  <sequence>930</sequence>
  <level>RUN_DATA</level>
  <class>com.kms.katalon.core.logging.XmlKeywordLogger</class>
  <method>logMessage</method>
  <thread>1</thread>
  <message>platform = Mac OS X</message>
  <nestedLevel>1</nestedLevel>
  <escapedJava>false</escapedJava>
  <property name="platform">Mac OS X</property>
</record>
<record>
  <date>2026-05-08T06:33:47.283645Z</date>
  <millis>1778222027283</millis>
  <nanos>645000</nanos>
  <sequence>931</sequence>
  <level>RUN_DATA</level>
  <class>com.kms.katalon.core.logging.XmlKeywordLogger</class>
  <method>logMessage</method>
  <thread>1</thread>
  <message>seleniumVersion = 4.39.0</message>
  <nestedLevel>1</nestedLevel>
  <escapedJava>false</escapedJava>
  <property name="seleniumVersion">4.39.0</property>
</record>
<record>
  <date>2026-05-08T06:33:47.283866Z</date>
  <millis>1778222027283</millis>
  <nanos>866000</nanos>
  <sequence>932</sequence>
  <level>RUN_DATA</level>
  <class>com.kms.katalon.core.logging.XmlKeywordLogger</class>
  <method>logMessage</method>
  <thread>1</thread>
  <message>proxyInformation = ProxyInformation { proxyOption=NO_PROXY, proxyServerType=HTTP, username=, password=********, proxyServerAddress=, proxyServerPort=0, executionList=&amp;quot;&amp;quot;, isApplyToDesiredCapabilities=true }</message>
  <nestedLevel>1</nestedLevel>
  <escapedJava>false</escapedJava>
  <property name="proxyInformation">ProxyInformation { proxyOption=NO_PROXY, proxyServerType=HTTP, username=, password=********, proxyServerAddress=, proxyServerPort=0, executionList=&quot;&quot;, isApplyToDesiredCapabilities=true }</property>
</record>
<record>
  <date>2026-05-08T06:33:47.288866Z</date>
  <millis>1778222027288</millis>
  <nanos>866000</nanos>
  <sequence>933</sequence>
  <level>PASSED</level>
  <class>com.kms.katalon.core.logging.XmlKeywordLogger</class>
  <method>logMessage</method>
  <thread>1</thread>
  <message>Browser is opened with url: &amp;apos;&amp;apos;</message>
  <nestedLevel>1</nestedLevel>
  <escapedJava>false</escapedJava>
  <property name="testops-method-name">com.kms.katalon.core.webui.keyword.builtin.OpenBrowserKeyword.openBrowser</property>
  <property name="testops-execution-stacktrace"></property>
</record>
<record>
  <date>2026-05-08T06:33:47.289173Z</date>
  <millis>1778222027289</millis>
  <nanos>173000</nanos>
  <sequence>934</sequence>
  <level>END</level>
  <class>com.kms.katalon.core.logging.XmlKeywordLogger</class>
  <method>endKeyword</method>
  <thread>1</thread>
  <message>End action : openBrowser(&amp;quot;&amp;quot;)</message>
  <nestedLevel>1</nestedLevel>
  <escapedJava>false</escapedJava>
</record>
<record>
  <date>2026-05-08T06:33:47.289237Z</date>
  <millis>1778222027289</millis>
  <nanos>237000</nanos>
  <sequence>935</sequence>
  <level>START</level>
  <class>com.kms.katalon.core.logging.XmlKeywordLogger</class>
  <method>startKeyword</method>
  <thread>1</thread>
  <message>Start action : navigateToUrl(&amp;quot;https://qwerty.abiyyu.xyz/&amp;quot;)</message>
  <nestedLevel>1</nestedLevel>
  <escapedJava>false</escapedJava>
  <property name="startLine">22</property>
  <property name="stepIndex">2</property>
</record>
<record>
  <date>2026-05-08T06:33:48.774105Z</date>
  <millis>1778222028774</millis>
  <nanos>105000</nanos>
  <sequence>939</sequence>
  <level>PASSED</level>
  <class>com.kms.katalon.core.logging.XmlKeywordLogger</class>
  <method>logMessage</method>
  <thread>1</thread>
  <message>Navigate to &amp;apos;https://qwerty.abiyyu.xyz/&amp;apos; successfully</message>
  <nestedLevel>1</nestedLevel>
  <escapedJava>false</escapedJava>
  <property name="testops-method-name">com.kms.katalon.core.webui.keyword.builtin.NavigateToUrlKeyword.navigateToUrl</property>
  <property name="testops-execution-stacktrace"></property>
</record>
<record>
  <date>2026-05-08T06:33:48.774993Z</date>
  <millis>1778222028774</millis>
  <nanos>993000</nanos>
  <sequence>940</sequence>
  <level>END</level>
  <class>com.kms.katalon.core.logging.XmlKeywordLogger</class>
  <method>endKeyword</method>
  <thread>1</thread>
  <message>End action : navigateToUrl(&amp;quot;https://qwerty.abiyyu.xyz/&amp;quot;)</message>
  <nestedLevel>1</nestedLevel>
  <escapedJava>false</escapedJava>
</record>
<record>
  <date>2026-05-08T06:33:48.778320Z</date>
  <millis>1778222028778</millis>
  <nanos>320000</nanos>
  <sequence>941</sequence>
  <level>START</level>
  <class>com.kms.katalon.core.logging.XmlKeywordLogger</class>
  <method>startKeyword</method>
  <thread>1</thread>
  <message>Start action : click(findTestObject(&amp;quot;Login/icon_sign_in&amp;quot;))</message>
  <nestedLevel>1</nestedLevel>
  <escapedJava>false</escapedJava>
  <property name="startLine">24</property>
  <property name="stepIndex">3</property>
</record>
<record>
  <date>2026-05-08T06:33:49.560482Z</date>
  <millis>1778222029560</millis>
  <nanos>482000</nanos>
  <sequence>952</sequence>
  <level>PASSED</level>
  <class>com.kms.katalon.core.logging.XmlKeywordLogger</class>
  <method>logMessage</method>
  <thread>1</thread>
  <message>Object: &amp;apos;Object Repository/Login/icon_sign_in&amp;apos; is clicked on</message>
  <nestedLevel>1</nestedLevel>
  <escapedJava>false</escapedJava>
  <property name="testops-method-name">com.kms.katalon.core.webui.keyword.internal.WebUIKeywordMain.runKeywordUntilTimeout</property>
  <property name="testops-execution-stacktrace">com.kms.katalon.core.logging.KeywordLogger.logPassed(KeywordLogger.java:350)
com.kms.katalon.core.logging.KeywordLogger.logPassed(KeywordLogger.java:345)
com.kms.katalon.core.webui.keyword.builtin.ClickKeyword$_click_closure1.doCall(ClickKeyword.groovy:66)
java.base/jdk.internal.reflect.DirectMethodHandleAccessor.invoke(DirectMethodHandleAccessor.java:103)
jdk.proxy2/jdk.proxy2.$Proxy56.execute(Unknown Source)
com.kms.katalon.core.webui.model.SeleniumActionRetryController.performAction(SeleniumActionRetryController.java:96)
com.kms.katalon.core.webui.model.SeleniumActionRetryController.performAction(SeleniumActionRetryController.java:83)
com.kms.katalon.core.webui.keyword.internal.WebUIKeywordMain$_runKeywordUntilTimeout_closure1.doCall(WebUIKeywordMain.groovy:135)
com.kms.katalon.core.webui.keyword.internal.WebUIKeywordMain$_runKeywordUntilTimeout_closure1.call(WebUIKeywordMain.groovy)
com.kms.katalon.core.webui.keyword.internal.WebUIKeywordMain.runKeyword(WebUIKeywordMain.groovy:41)
com.kms.katalon.core.webui.keyword.internal.WebUIKeywordMain.runKeywordUntilTimeout(WebUIKeywordMain.groovy:133)
com.kms.katalon.core.webui.keyword.builtin.ClickKeyword.click(ClickKeyword.groovy:72)
com.kms.katalon.core.webui.keyword.builtin.ClickKeyword.execute(ClickKeyword.groovy:38)
com.kms.katalon.core.keyword.internal.KeywordExecutor.executeKeywordForPlatform(KeywordExecutor.groovy:99)
com.kms.katalon.core.webui.keyword.WebUiBuiltInKeywords.click(WebUiBuiltInKeywords.groovy:722)
Login with SQL-Injection.run(Login with SQL-Injection:24)
</property>
</record>
<record>
  <date>2026-05-08T06:33:49.561212Z</date>
  <millis>1778222029561</millis>
  <nanos>212000</nanos>
  <sequence>953</sequence>
  <level>END</level>
  <class>com.kms.katalon.core.logging.XmlKeywordLogger</class>
  <method>endKeyword</method>
  <thread>1</thread>
  <message>End action : click(findTestObject(&amp;quot;Login/icon_sign_in&amp;quot;))</message>
  <nestedLevel>1</nestedLevel>
  <escapedJava>false</escapedJava>
</record>
<record>
  <date>2026-05-08T06:33:49.561420Z</date>
  <millis>1778222029561</millis>
  <nanos>420000</nanos>
  <sequence>954</sequence>
  <level>START</level>
  <class>com.kms.katalon.core.logging.XmlKeywordLogger</class>
  <method>startKeyword</method>
  <thread>1</thread>
  <message>Start action : setText(findTestObject(&amp;quot;Login/email_field&amp;quot;), email)</message>
  <nestedLevel>1</nestedLevel>
  <escapedJava>false</escapedJava>
  <property name="startLine">26</property>
  <property name="stepIndex">4</property>
</record>
<record>
  <date>2026-05-08T06:33:51.584556Z</date>
  <millis>1778222031584</millis>
  <nanos>556000</nanos>
  <sequence>968</sequence>
  <level>PASSED</level>
  <class>com.kms.katalon.core.logging.XmlKeywordLogger</class>
  <method>logMessage</method>
  <thread>1</thread>
  <message>Text &amp;apos;) OR (&amp;apos;1&amp;apos;=&amp;apos;1&amp;apos; is set on object &amp;apos;Object Repository/Login/email_field&amp;apos;</message>
  <nestedLevel>1</nestedLevel>
  <escapedJava>false</escapedJava>
  <property name="testops-method-name">com.kms.katalon.core.webui.keyword.internal.WebUIKeywordMain.runKeywordUntilTimeout</property>
  <property name="testops-execution-stacktrace">com.kms.katalon.core.logging.KeywordLogger.logPassed(KeywordLogger.java:350)
com.kms.katalon.core.logging.KeywordLogger.logPassed(KeywordLogger.java:345)
com.kms.katalon.core.webui.keyword.builtin.SetTextKeyword$_setText_closure1.doCall(SetTextKeyword.groovy:99)
java.base/jdk.internal.reflect.DirectMethodHandleAccessor.invoke(DirectMethodHandleAccessor.java:103)
jdk.proxy2/jdk.proxy2.$Proxy56.execute(Unknown Source)
com.kms.katalon.core.webui.model.SeleniumActionRetryController.performAction(SeleniumActionRetryController.java:96)
com.kms.katalon.core.webui.model.SeleniumActionRetryController.performAction(SeleniumActionRetryController.java:83)
com.kms.katalon.core.webui.keyword.internal.WebUIKeywordMain$_runKeywordUntilTimeout_closure1.doCall(WebUIKeywordMain.groovy:135)
com.kms.katalon.core.webui.keyword.internal.WebUIKeywordMain$_runKeywordUntilTimeout_closure1.call(WebUIKeywordMain.groovy)
com.kms.katalon.core.webui.keyword.internal.WebUIKeywordMain.runKeyword(WebUIKeywordMain.groovy:41)
com.kms.katalon.core.webui.keyword.internal.WebUIKeywordMain.runKeywordUntilTimeout(WebUIKeywordMain.groovy:133)
com.kms.katalon.core.webui.keyword.builtin.SetTextKeyword.setText(SetTextKeyword.groovy:106)
com.kms.katalon.core.webui.keyword.builtin.SetTextKeyword.execute(SetTextKeyword.groovy:49)
com.kms.katalon.core.keyword.internal.KeywordExecutor.executeKeywordForPlatform(KeywordExecutor.groovy:99)
com.kms.katalon.core.webui.keyword.WebUiBuiltInKeywords.setText(WebUiBuiltInKeywords.groovy:1082)
Login with SQL-Injection.run(Login with SQL-Injection:26)
</property>
</record>
<record>
  <date>2026-05-08T06:33:51.585035Z</date>
  <millis>1778222031585</millis>
  <nanos>35000</nanos>
  <sequence>969</sequence>
  <level>END</level>
  <class>com.kms.katalon.core.logging.XmlKeywordLogger</class>
  <method>endKeyword</method>
  <thread>1</thread>
  <message>End action : setText(findTestObject(&amp;quot;Login/email_field&amp;quot;), email)</message>
  <nestedLevel>1</nestedLevel>
  <escapedJava>false</escapedJava>
</record>
<record>
  <date>2026-05-08T06:33:51.585117Z</date>
  <millis>1778222031585</millis>
  <nanos>117000</nanos>
  <sequence>970</sequence>
  <level>START</level>
  <class>com.kms.katalon.core.logging.XmlKeywordLogger</class>
  <method>startKeyword</method>
  <thread>1</thread>
  <message>Start action : setText(findTestObject(&amp;quot;Login/password_field&amp;quot;), password)</message>
  <nestedLevel>1</nestedLevel>
  <escapedJava>false</escapedJava>
  <property name="startLine">28</property>
  <property name="stepIndex">5</property>
</record>
<record>
  <date>2026-05-08T06:33:52.106725Z</date>
  <millis>1778222032106</millis>
  <nanos>725000</nanos>
  <sequence>984</sequence>
  <level>PASSED</level>
  <class>com.kms.katalon.core.logging.XmlKeywordLogger</class>
  <method>logMessage</method>
  <thread>1</thread>
  <message>Text &amp;apos;(bebas)&amp;apos; is set on object &amp;apos;Object Repository/Login/password_field&amp;apos;</message>
  <nestedLevel>1</nestedLevel>
  <escapedJava>false</escapedJava>
  <property name="testops-method-name">com.kms.katalon.core.webui.keyword.internal.WebUIKeywordMain.runKeywordUntilTimeout</property>
  <property name="testops-execution-stacktrace">com.kms.katalon.core.logging.KeywordLogger.logPassed(KeywordLogger.java:350)
com.kms.katalon.core.logging.KeywordLogger.logPassed(KeywordLogger.java:345)
com.kms.katalon.core.webui.keyword.builtin.SetTextKeyword$_setText_closure1.doCall(SetTextKeyword.groovy:99)
java.base/jdk.internal.reflect.DirectMethodHandleAccessor.invoke(DirectMethodHandleAccessor.java:103)
jdk.proxy2/jdk.proxy2.$Proxy56.execute(Unknown Source)
com.kms.katalon.core.webui.model.SeleniumActionRetryController.performAction(SeleniumActionRetryController.java:96)
com.kms.katalon.core.webui.model.SeleniumActionRetryController.performAction(SeleniumActionRetryController.java:83)
com.kms.katalon.core.webui.keyword.internal.WebUIKeywordMain$_runKeywordUntilTimeout_closure1.doCall(WebUIKeywordMain.groovy:135)
com.kms.katalon.core.webui.keyword.internal.WebUIKeywordMain$_runKeywordUntilTimeout_closure1.call(WebUIKeywordMain.groovy)
com.kms.katalon.core.webui.keyword.internal.WebUIKeywordMain.runKeyword(WebUIKeywordMain.groovy:41)
com.kms.katalon.core.webui.keyword.internal.WebUIKeywordMain.runKeywordUntilTimeout(WebUIKeywordMain.groovy:133)
com.kms.katalon.core.webui.keyword.builtin.SetTextKeyword.setText(SetTextKeyword.groovy:106)
com.kms.katalon.core.webui.keyword.builtin.SetTextKeyword.execute(SetTextKeyword.groovy:49)
com.kms.katalon.core.keyword.internal.KeywordExecutor.executeKeywordForPlatform(KeywordExecutor.groovy:99)
com.kms.katalon.core.webui.keyword.WebUiBuiltInKeywords.setText(WebUiBuiltInKeywords.groovy:1082)
Login with SQL-Injection.run(Login with SQL-Injection:28)
</property>
</record>
<record>
  <date>2026-05-08T06:33:52.107233Z</date>
  <millis>1778222032107</millis>
  <nanos>233000</nanos>
  <sequence>985</sequence>
  <level>END</level>
  <class>com.kms.katalon.core.logging.XmlKeywordLogger</class>
  <method>endKeyword</method>
  <thread>1</thread>
  <message>End action : setText(findTestObject(&amp;quot;Login/password_field&amp;quot;), password)</message>
  <nestedLevel>1</nestedLevel>
  <escapedJava>false</escapedJava>
</record>
<record>
  <date>2026-05-08T06:33:52.107336Z</date>
  <millis>1778222032107</millis>
  <nanos>336000</nanos>
  <sequence>986</sequence>
  <level>START</level>
  <class>com.kms.katalon.core.logging.XmlKeywordLogger</class>
  <method>startKeyword</method>
  <thread>1</thread>
  <message>Start action : click(findTestObject(&amp;quot;Login/btn_sign_in&amp;quot;), STOP_ON_FAILURE)</message>
  <nestedLevel>1</nestedLevel>
  <escapedJava>false</escapedJava>
  <property name="startLine">30</property>
  <property name="stepIndex">6</property>
</record>
<record>
  <date>2026-05-08T06:33:52.375664Z</date>
  <millis>1778222032375</millis>
  <nanos>664000</nanos>
  <sequence>997</sequence>
  <level>PASSED</level>
  <class>com.kms.katalon.core.logging.XmlKeywordLogger</class>
  <method>logMessage</method>
  <thread>1</thread>
  <message>Object: &amp;apos;Object Repository/Login/btn_sign_in&amp;apos; is clicked on</message>
  <nestedLevel>1</nestedLevel>
  <escapedJava>false</escapedJava>
  <property name="testops-method-name">com.kms.katalon.core.webui.keyword.internal.WebUIKeywordMain.runKeywordUntilTimeout</property>
  <property name="testops-execution-stacktrace">com.kms.katalon.core.logging.KeywordLogger.logPassed(KeywordLogger.java:350)
com.kms.katalon.core.logging.KeywordLogger.logPassed(KeywordLogger.java:345)
com.kms.katalon.core.webui.keyword.builtin.ClickKeyword$_click_closure1.doCall(ClickKeyword.groovy:66)
java.base/jdk.internal.reflect.DirectMethodHandleAccessor.invoke(DirectMethodHandleAccessor.java:103)
jdk.proxy2/jdk.proxy2.$Proxy56.execute(Unknown Source)
com.kms.katalon.core.webui.model.SeleniumActionRetryController.performAction(SeleniumActionRetryController.java:96)
com.kms.katalon.core.webui.model.SeleniumActionRetryController.performAction(SeleniumActionRetryController.java:83)
com.kms.katalon.core.webui.keyword.internal.WebUIKeywordMain$_runKeywordUntilTimeout_closure1.doCall(WebUIKeywordMain.groovy:135)
com.kms.katalon.core.webui.keyword.internal.WebUIKeywordMain$_runKeywordUntilTimeout_closure1.call(WebUIKeywordMain.groovy)
com.kms.katalon.core.webui.keyword.internal.WebUIKeywordMain.runKeyword(WebUIKeywordMain.groovy:41)
com.kms.katalon.core.webui.keyword.internal.WebUIKeywordMain.runKeywordUntilTimeout(WebUIKeywordMain.groovy:133)
com.kms.katalon.core.webui.keyword.builtin.ClickKeyword.click(ClickKeyword.groovy:72)
com.kms.katalon.core.webui.keyword.builtin.ClickKeyword.execute(ClickKeyword.groovy:38)
com.kms.katalon.core.keyword.internal.KeywordExecutor.executeKeywordForPlatform(KeywordExecutor.groovy:99)
com.kms.katalon.core.webui.keyword.WebUiBuiltInKeywords.click(WebUiBuiltInKeywords.groovy:685)
Login with SQL-Injection.run(Login with SQL-Injection:30)
</property>
</record>
<record>
  <date>2026-05-08T06:33:52.376663Z</date>
  <millis>1778222032376</millis>
  <nanos>663000</nanos>
  <sequence>998</sequence>
  <level>END</level>
  <class>com.kms.katalon.core.logging.XmlKeywordLogger</class>
  <method>endKeyword</method>
  <thread>1</thread>
  <message>End action : click(findTestObject(&amp;quot;Login/btn_sign_in&amp;quot;), STOP_ON_FAILURE)</message>
  <nestedLevel>1</nestedLevel>
  <escapedJava>false</escapedJava>
</record>
<record>
  <date>2026-05-08T06:33:52.377149Z</date>
  <millis>1778222032377</millis>
  <nanos>149000</nanos>
  <sequence>999</sequence>
  <level>START</level>
  <class>com.kms.katalon.core.logging.XmlKeywordLogger</class>
  <method>startKeyword</method>
  <thread>1</thread>
  <message>Start action : click(findTestObject(&amp;quot;Login/page_login&amp;quot;))</message>
  <nestedLevel>1</nestedLevel>
  <escapedJava>false</escapedJava>
  <property name="startLine">32</property>
  <property name="stepIndex">7</property>
</record>
<record>
  <date>2026-05-08T06:33:52.653962Z</date>
  <millis>1778222032653</millis>
  <nanos>962000</nanos>
  <sequence>1010</sequence>
  <level>PASSED</level>
  <class>com.kms.katalon.core.logging.XmlKeywordLogger</class>
  <method>logMessage</method>
  <thread>1</thread>
  <message>Object: &amp;apos;Object Repository/Login/page_login&amp;apos; is clicked on</message>
  <nestedLevel>1</nestedLevel>
  <escapedJava>false</escapedJava>
  <property name="testops-method-name">com.kms.katalon.core.webui.keyword.internal.WebUIKeywordMain.runKeywordUntilTimeout</property>
  <property name="testops-execution-stacktrace">com.kms.katalon.core.logging.KeywordLogger.logPassed(KeywordLogger.java:350)
com.kms.katalon.core.logging.KeywordLogger.logPassed(KeywordLogger.java:345)
com.kms.katalon.core.webui.keyword.builtin.ClickKeyword$_click_closure1.doCall(ClickKeyword.groovy:66)
java.base/jdk.internal.reflect.DirectMethodHandleAccessor.invoke(DirectMethodHandleAccessor.java:103)
jdk.proxy2/jdk.proxy2.$Proxy56.execute(Unknown Source)
com.kms.katalon.core.webui.model.SeleniumActionRetryController.performAction(SeleniumActionRetryController.java:96)
com.kms.katalon.core.webui.model.SeleniumActionRetryController.performAction(SeleniumActionRetryController.java:83)
com.kms.katalon.core.webui.keyword.internal.WebUIKeywordMain$_runKeywordUntilTimeout_closure1.doCall(WebUIKeywordMain.groovy:135)
com.kms.katalon.core.webui.keyword.internal.WebUIKeywordMain$_runKeywordUntilTimeout_closure1.call(WebUIKeywordMain.groovy)
com.kms.katalon.core.webui.keyword.internal.WebUIKeywordMain.runKeyword(WebUIKeywordMain.groovy:41)
com.kms.katalon.core.webui.keyword.internal.WebUIKeywordMain.runKeywordUntilTimeout(WebUIKeywordMain.groovy:133)
com.kms.katalon.core.webui.keyword.builtin.ClickKeyword.click(ClickKeyword.groovy:72)
com.kms.katalon.core.webui.keyword.builtin.ClickKeyword.execute(ClickKeyword.groovy:38)
com.kms.katalon.core.keyword.internal.KeywordExecutor.executeKeywordForPlatform(KeywordExecutor.groovy:99)
com.kms.katalon.core.webui.keyword.WebUiBuiltInKeywords.click(WebUiBuiltInKeywords.groovy:722)
Login with SQL-Injection.run(Login with SQL-Injection:32)
</property>
</record>
<record>
  <date>2026-05-08T06:33:52.654525Z</date>
  <millis>1778222032654</millis>
  <nanos>525000</nanos>
  <sequence>1011</sequence>
  <level>END</level>
  <class>com.kms.katalon.core.logging.XmlKeywordLogger</class>
  <method>endKeyword</method>
  <thread>1</thread>
  <message>End action : click(findTestObject(&amp;quot;Login/page_login&amp;quot;))</message>
  <nestedLevel>1</nestedLevel>
  <escapedJava>false</escapedJava>
</record>
<record>
  <date>2026-05-08T06:33:52.654613Z</date>
  <millis>1778222032654</millis>
  <nanos>613000</nanos>
  <sequence>1012</sequence>
  <level>START</level>
  <class>com.kms.katalon.core.logging.XmlKeywordLogger</class>
  <method>startKeyword</method>
  <thread>1</thread>
  <message>Start action : closeBrowser()</message>
  <nestedLevel>1</nestedLevel>
  <escapedJava>false</escapedJava>
  <property name="startLine">34</property>
  <property name="stepIndex">8</property>
</record>
<record>
  <date>2026-05-08T06:33:52.756012Z</date>
  <millis>1778222032756</millis>
  <nanos>12000</nanos>
  <sequence>1015</sequence>
  <level>PASSED</level>
  <class>com.kms.katalon.core.logging.XmlKeywordLogger</class>
  <method>logMessage</method>
  <thread>1</thread>
  <message>Browser is closed</message>
  <nestedLevel>1</nestedLevel>
  <escapedJava>false</escapedJava>
  <property name="testops-method-name">com.kms.katalon.core.webui.keyword.builtin.CloseBrowserKeyword.closeBrowser</property>
  <property name="testops-execution-stacktrace"></property>
</record>
<record>
  <date>2026-05-08T06:33:52.756236Z</date>
  <millis>1778222032756</millis>
  <nanos>236000</nanos>
  <sequence>1016</sequence>
  <level>END</level>
  <class>com.kms.katalon.core.logging.XmlKeywordLogger</class>
  <method>endKeyword</method>
  <thread>1</thread>
  <message>End action : closeBrowser()</message>
  <nestedLevel>1</nestedLevel>
  <escapedJava>false</escapedJava>
</record>
<record>
  <date>2026-05-08T06:33:52.756331Z</date>
  <millis>1778222032756</millis>
  <nanos>331000</nanos>
  <sequence>1017</sequence>
  <level>PASSED</level>
  <class>com.kms.katalon.core.logging.XmlKeywordLogger</class>
  <method>logMessage</method>
  <thread>1</thread>
  <message>Test Cases/Login Verification/Login with SQL-Injection</message>
  <nestedLevel>1</nestedLevel>
  <escapedJava>false</escapedJava>
</record>
<record>
  <date>2026-05-08T06:33:52.756791Z</date>
  <millis>1778222032756</millis>
  <nanos>791000</nanos>
  <sequence>1018</sequence>
  <level>END</level>
  <class>com.kms.katalon.core.logging.XmlKeywordLogger</class>
  <method>endTest</method>
  <thread>1</thread>
  <message>End Test Case : Test Cases/Login Verification/Login with SQL-Injection</message>
  <nestedLevel>0</nestedLevel>
  <escapedJava>false</escapedJava>
  <property name="executionBindingVariables">[
  {
    &quot;value&quot;: &quot;) OR (\u00271\u0027\u003d\u00271&quot;,
    &quot;isDefault&quot;: false,
    &quot;name&quot;: &quot;email&quot;,
    &quot;masked&quot;: false
  },
  {
    &quot;value&quot;: &quot;(bebas)&quot;,
    &quot;isDefault&quot;: false,
    &quot;name&quot;: &quot;password&quot;,
    &quot;masked&quot;: false
  }
]</property>
  <property name="applitools">false</property>
  <property name="remainingRetryCount">3</property>
  <property name="executedKeywords">{
  &quot;WebUI.closeBrowser&quot;: 1,
  &quot;WebUI.navigateToUrl&quot;: 1,
  &quot;WebUI.click&quot;: 3,
  &quot;WebUI.openBrowser&quot;: 1,
  &quot;WebUI.setText&quot;: 2
}</property>
  <property name="currentRetryCount">0</property>
  <property name="keywordsUsage">{
  &quot;web_ui&quot;: true,
  &quot;web_service&quot;: false,
  &quot;cucumber&quot;: false,
  &quot;builtin&quot;: false,
  &quot;mobile&quot;: false,
  &quot;windows&quot;: false,
  &quot;testng&quot;: false
}</property>
</record>
<record>
  <date>2026-05-08T06:33:52.763813Z</date>
  <millis>1778222032763</millis>
  <nanos>813000</nanos>
  <sequence>1019</sequence>
  <level>START</level>
  <class>com.kms.katalon.core.logging.XmlKeywordLogger</class>
  <method>startTest</method>
  <thread>1</thread>
  <message>Start Test Case : Test Cases/Login Verification/Login with SQL-Injection</message>
  <nestedLevel>1</nestedLevel>
  <escapedJava>false</escapedJava>
  <property name="remainingRetryCount">3</property>
  <property name="origin">WEB_RECORDER</property>
  <property name="name">Test Cases/Login Verification/Login with SQL-Injection</property>
  <property name="description"></property>
  <property name="iteration">(bebas)</property>
  <property name="id">Test Cases/Login Verification/Login with SQL-Injection</property>
  <property name="source">\Users\fazza_abiyyu\Documents\Projects\Hobby\KATALON_QWERTY\Test Cases\Login Verification\Login with SQL-Injection.tc</property>
  <property name="tag">auth</property>
  <property name="isOptional">false</property>
  <property name="uuid">fda0f439-0555-4440-8587-61f3a14facf9</property>
  <property name="currentRetryCount">0</property>
</record>
<record>
  <date>2026-05-08T06:33:52.768010Z</date>
  <millis>1778222032768</millis>
  <nanos>10000</nanos>
  <sequence>1021</sequence>
  <level>INFO</level>
  <class>com.kms.katalon.core.logging.XmlKeywordLogger</class>
  <method>logMessage</method>
  <thread>1</thread>
  <message>email =  OR TRUE --</message>
  <nestedLevel>1</nestedLevel>
  <escapedJava>false</escapedJava>
</record>
<record>
  <date>2026-05-08T06:33:52.768248Z</date>
  <millis>1778222032768</millis>
  <nanos>248000</nanos>
  <sequence>1022</sequence>
  <level>INFO</level>
  <class>com.kms.katalon.core.logging.XmlKeywordLogger</class>
  <method>logMessage</method>
  <thread>1</thread>
  <message>password = (bebas)</message>
  <nestedLevel>1</nestedLevel>
  <escapedJava>false</escapedJava>
</record>
<record>
  <date>2026-05-08T06:33:52.768507Z</date>
  <millis>1778222032768</millis>
  <nanos>507000</nanos>
  <sequence>1023</sequence>
  <level>RUN_DATA</level>
  <class>com.kms.katalon.core.logging.XmlKeywordLogger</class>
  <method>logMessage</method>
  <thread>1</thread>
  <message>executionBindingVariables = [
  {
    &amp;quot;value&amp;quot;: &amp;quot; OR TRUE --&amp;quot;,
    &amp;quot;isDefault&amp;quot;: false,
    &amp;quot;name&amp;quot;: &amp;quot;email&amp;quot;,
    &amp;quot;masked&amp;quot;: false
  },
  {
    &amp;quot;value&amp;quot;: &amp;quot;(bebas)&amp;quot;,
    &amp;quot;isDefault&amp;quot;: false,
    &amp;quot;name&amp;quot;: &amp;quot;password&amp;quot;,
    &amp;quot;masked&amp;quot;: false
  }
]</message>
  <nestedLevel>1</nestedLevel>
  <escapedJava>false</escapedJava>
  <property name="executionBindingVariables">[
  {
    &quot;value&quot;: &quot; OR TRUE --&quot;,
    &quot;isDefault&quot;: false,
    &quot;name&quot;: &quot;email&quot;,
    &quot;masked&quot;: false
  },
  {
    &quot;value&quot;: &quot;(bebas)&quot;,
    &quot;isDefault&quot;: false,
    &quot;name&quot;: &quot;password&quot;,
    &quot;masked&quot;: false
  }
]</property>
</record>
<record>
  <date>2026-05-08T06:33:52.769328Z</date>
  <millis>1778222032769</millis>
  <nanos>328000</nanos>
  <sequence>1024</sequence>
  <level>START</level>
  <class>com.kms.katalon.core.logging.XmlKeywordLogger</class>
  <method>startKeyword</method>
  <thread>1</thread>
  <message>Start action : openBrowser(&amp;quot;&amp;quot;)</message>
  <nestedLevel>1</nestedLevel>
  <escapedJava>false</escapedJava>
  <property name="startLine">20</property>
  <property name="stepIndex">1</property>
</record>
<record>
  <date>2026-05-08T06:33:52.770151Z</date>
  <millis>1778222032770</millis>
  <nanos>151000</nanos>
  <sequence>1027</sequence>
  <level>INFO</level>
  <class>com.kms.katalon.core.logging.XmlKeywordLogger</class>
  <method>logMessage</method>
  <thread>1</thread>
  <message>Starting &amp;apos;Chrome&amp;apos; driver</message>
  <nestedLevel>1</nestedLevel>
  <escapedJava>false</escapedJava>
</record>
<record>
  <date>2026-05-08T06:33:52.771274Z</date>
  <millis>1778222032771</millis>
  <nanos>274000</nanos>
  <sequence>1028</sequence>
  <level>INFO</level>
  <class>com.kms.katalon.core.logging.XmlKeywordLogger</class>
  <method>logMessage</method>
  <thread>1</thread>
  <message>Action delay is set to 0 milliseconds</message>
  <nestedLevel>1</nestedLevel>
  <escapedJava>false</escapedJava>
</record>
<record>
  <date>2026-05-08T06:33:54.418585Z</date>
  <millis>1778222034418</millis>
  <nanos>585000</nanos>
  <sequence>1030</sequence>
  <level>RUN_DATA</level>
  <class>com.kms.katalon.core.logging.XmlKeywordLogger</class>
  <method>logMessage</method>
  <thread>1</thread>
  <message>sessionId = e315caa2755423ab2057274ac3e82260</message>
  <nestedLevel>1</nestedLevel>
  <escapedJava>false</escapedJava>
  <property name="sessionId">e315caa2755423ab2057274ac3e82260</property>
</record>
<record>
  <date>2026-05-08T06:33:54.418835Z</date>
  <millis>1778222034418</millis>
  <nanos>835000</nanos>
  <sequence>1031</sequence>
  <level>RUN_DATA</level>
  <class>com.kms.katalon.core.logging.XmlKeywordLogger</class>
  <method>logMessage</method>
  <thread>1</thread>
  <message>browser = Chrome 147.0.7727.138</message>
  <nestedLevel>1</nestedLevel>
  <escapedJava>false</escapedJava>
  <property name="browser">Chrome 147.0.7727.138</property>
</record>
<record>
  <date>2026-05-08T06:33:54.418958Z</date>
  <millis>1778222034418</millis>
  <nanos>958000</nanos>
  <sequence>1032</sequence>
  <level>RUN_DATA</level>
  <class>com.kms.katalon.core.logging.XmlKeywordLogger</class>
  <method>logMessage</method>
  <thread>1</thread>
  <message>platform = Mac OS X</message>
  <nestedLevel>1</nestedLevel>
  <escapedJava>false</escapedJava>
  <property name="platform">Mac OS X</property>
</record>
<record>
  <date>2026-05-08T06:33:54.419040Z</date>
  <millis>1778222034419</millis>
  <nanos>40000</nanos>
  <sequence>1033</sequence>
  <level>RUN_DATA</level>
  <class>com.kms.katalon.core.logging.XmlKeywordLogger</class>
  <method>logMessage</method>
  <thread>1</thread>
  <message>seleniumVersion = 4.39.0</message>
  <nestedLevel>1</nestedLevel>
  <escapedJava>false</escapedJava>
  <property name="seleniumVersion">4.39.0</property>
</record>
<record>
  <date>2026-05-08T06:33:54.419259Z</date>
  <millis>1778222034419</millis>
  <nanos>259000</nanos>
  <sequence>1034</sequence>
  <level>RUN_DATA</level>
  <class>com.kms.katalon.core.logging.XmlKeywordLogger</class>
  <method>logMessage</method>
  <thread>1</thread>
  <message>proxyInformation = ProxyInformation { proxyOption=NO_PROXY, proxyServerType=HTTP, username=, password=********, proxyServerAddress=, proxyServerPort=0, executionList=&amp;quot;&amp;quot;, isApplyToDesiredCapabilities=true }</message>
  <nestedLevel>1</nestedLevel>
  <escapedJava>false</escapedJava>
  <property name="proxyInformation">ProxyInformation { proxyOption=NO_PROXY, proxyServerType=HTTP, username=, password=********, proxyServerAddress=, proxyServerPort=0, executionList=&quot;&quot;, isApplyToDesiredCapabilities=true }</property>
</record>
<record>
  <date>2026-05-08T06:33:54.424552Z</date>
  <millis>1778222034424</millis>
  <nanos>552000</nanos>
  <sequence>1035</sequence>
  <level>PASSED</level>
  <class>com.kms.katalon.core.logging.XmlKeywordLogger</class>
  <method>logMessage</method>
  <thread>1</thread>
  <message>Browser is opened with url: &amp;apos;&amp;apos;</message>
  <nestedLevel>1</nestedLevel>
  <escapedJava>false</escapedJava>
  <property name="testops-method-name">com.kms.katalon.core.webui.keyword.builtin.OpenBrowserKeyword.openBrowser</property>
  <property name="testops-execution-stacktrace"></property>
</record>
<record>
  <date>2026-05-08T06:33:54.425225Z</date>
  <millis>1778222034425</millis>
  <nanos>225000</nanos>
  <sequence>1036</sequence>
  <level>END</level>
  <class>com.kms.katalon.core.logging.XmlKeywordLogger</class>
  <method>endKeyword</method>
  <thread>1</thread>
  <message>End action : openBrowser(&amp;quot;&amp;quot;)</message>
  <nestedLevel>1</nestedLevel>
  <escapedJava>false</escapedJava>
</record>
<record>
  <date>2026-05-08T06:33:54.425434Z</date>
  <millis>1778222034425</millis>
  <nanos>434000</nanos>
  <sequence>1037</sequence>
  <level>START</level>
  <class>com.kms.katalon.core.logging.XmlKeywordLogger</class>
  <method>startKeyword</method>
  <thread>1</thread>
  <message>Start action : navigateToUrl(&amp;quot;https://qwerty.abiyyu.xyz/&amp;quot;)</message>
  <nestedLevel>1</nestedLevel>
  <escapedJava>false</escapedJava>
  <property name="startLine">22</property>
  <property name="stepIndex">2</property>
</record>
<record>
  <date>2026-05-08T06:33:55.586565Z</date>
  <millis>1778222035586</millis>
  <nanos>565000</nanos>
  <sequence>1041</sequence>
  <level>PASSED</level>
  <class>com.kms.katalon.core.logging.XmlKeywordLogger</class>
  <method>logMessage</method>
  <thread>1</thread>
  <message>Navigate to &amp;apos;https://qwerty.abiyyu.xyz/&amp;apos; successfully</message>
  <nestedLevel>1</nestedLevel>
  <escapedJava>false</escapedJava>
  <property name="testops-method-name">com.kms.katalon.core.webui.keyword.builtin.NavigateToUrlKeyword.navigateToUrl</property>
  <property name="testops-execution-stacktrace"></property>
</record>
<record>
  <date>2026-05-08T06:33:55.587200Z</date>
  <millis>1778222035587</millis>
  <nanos>200000</nanos>
  <sequence>1042</sequence>
  <level>END</level>
  <class>com.kms.katalon.core.logging.XmlKeywordLogger</class>
  <method>endKeyword</method>
  <thread>1</thread>
  <message>End action : navigateToUrl(&amp;quot;https://qwerty.abiyyu.xyz/&amp;quot;)</message>
  <nestedLevel>1</nestedLevel>
  <escapedJava>false</escapedJava>
</record>
<record>
  <date>2026-05-08T06:33:55.590967Z</date>
  <millis>1778222035590</millis>
  <nanos>967000</nanos>
  <sequence>1043</sequence>
  <level>START</level>
  <class>com.kms.katalon.core.logging.XmlKeywordLogger</class>
  <method>startKeyword</method>
  <thread>1</thread>
  <message>Start action : click(findTestObject(&amp;quot;Login/icon_sign_in&amp;quot;))</message>
  <nestedLevel>1</nestedLevel>
  <escapedJava>false</escapedJava>
  <property name="startLine">24</property>
  <property name="stepIndex">3</property>
</record>
<record>
  <date>2026-05-08T06:33:56.593598Z</date>
  <millis>1778222036593</millis>
  <nanos>598000</nanos>
  <sequence>1054</sequence>
  <level>PASSED</level>
  <class>com.kms.katalon.core.logging.XmlKeywordLogger</class>
  <method>logMessage</method>
  <thread>1</thread>
  <message>Object: &amp;apos;Object Repository/Login/icon_sign_in&amp;apos; is clicked on</message>
  <nestedLevel>1</nestedLevel>
  <escapedJava>false</escapedJava>
  <property name="testops-method-name">com.kms.katalon.core.webui.keyword.internal.WebUIKeywordMain.runKeywordUntilTimeout</property>
  <property name="testops-execution-stacktrace">com.kms.katalon.core.logging.KeywordLogger.logPassed(KeywordLogger.java:350)
com.kms.katalon.core.logging.KeywordLogger.logPassed(KeywordLogger.java:345)
com.kms.katalon.core.webui.keyword.builtin.ClickKeyword$_click_closure1.doCall(ClickKeyword.groovy:66)
java.base/jdk.internal.reflect.DirectMethodHandleAccessor.invoke(DirectMethodHandleAccessor.java:103)
jdk.proxy2/jdk.proxy2.$Proxy56.execute(Unknown Source)
com.kms.katalon.core.webui.model.SeleniumActionRetryController.performAction(SeleniumActionRetryController.java:96)
com.kms.katalon.core.webui.model.SeleniumActionRetryController.performAction(SeleniumActionRetryController.java:83)
com.kms.katalon.core.webui.keyword.internal.WebUIKeywordMain$_runKeywordUntilTimeout_closure1.doCall(WebUIKeywordMain.groovy:135)
com.kms.katalon.core.webui.keyword.internal.WebUIKeywordMain$_runKeywordUntilTimeout_closure1.call(WebUIKeywordMain.groovy)
com.kms.katalon.core.webui.keyword.internal.WebUIKeywordMain.runKeyword(WebUIKeywordMain.groovy:41)
com.kms.katalon.core.webui.keyword.internal.WebUIKeywordMain.runKeywordUntilTimeout(WebUIKeywordMain.groovy:133)
com.kms.katalon.core.webui.keyword.builtin.ClickKeyword.click(ClickKeyword.groovy:72)
com.kms.katalon.core.webui.keyword.builtin.ClickKeyword.execute(ClickKeyword.groovy:38)
com.kms.katalon.core.keyword.internal.KeywordExecutor.executeKeywordForPlatform(KeywordExecutor.groovy:99)
com.kms.katalon.core.webui.keyword.WebUiBuiltInKeywords.click(WebUiBuiltInKeywords.groovy:722)
Login with SQL-Injection.run(Login with SQL-Injection:24)
</property>
</record>
<record>
  <date>2026-05-08T06:33:56.594930Z</date>
  <millis>1778222036594</millis>
  <nanos>930000</nanos>
  <sequence>1055</sequence>
  <level>END</level>
  <class>com.kms.katalon.core.logging.XmlKeywordLogger</class>
  <method>endKeyword</method>
  <thread>1</thread>
  <message>End action : click(findTestObject(&amp;quot;Login/icon_sign_in&amp;quot;))</message>
  <nestedLevel>1</nestedLevel>
  <escapedJava>false</escapedJava>
</record>
<record>
  <date>2026-05-08T06:33:56.595288Z</date>
  <millis>1778222036595</millis>
  <nanos>288000</nanos>
  <sequence>1056</sequence>
  <level>START</level>
  <class>com.kms.katalon.core.logging.XmlKeywordLogger</class>
  <method>startKeyword</method>
  <thread>1</thread>
  <message>Start action : setText(findTestObject(&amp;quot;Login/email_field&amp;quot;), email)</message>
  <nestedLevel>1</nestedLevel>
  <escapedJava>false</escapedJava>
  <property name="startLine">26</property>
  <property name="stepIndex">4</property>
</record>
<record>
  <date>2026-05-08T06:33:57.723948Z</date>
  <millis>1778222037723</millis>
  <nanos>948000</nanos>
  <sequence>1070</sequence>
  <level>PASSED</level>
  <class>com.kms.katalon.core.logging.XmlKeywordLogger</class>
  <method>logMessage</method>
  <thread>1</thread>
  <message>Text &amp;apos; OR TRUE --&amp;apos; is set on object &amp;apos;Object Repository/Login/email_field&amp;apos;</message>
  <nestedLevel>1</nestedLevel>
  <escapedJava>false</escapedJava>
  <property name="testops-method-name">com.kms.katalon.core.webui.keyword.internal.WebUIKeywordMain.runKeywordUntilTimeout</property>
  <property name="testops-execution-stacktrace">com.kms.katalon.core.logging.KeywordLogger.logPassed(KeywordLogger.java:350)
com.kms.katalon.core.logging.KeywordLogger.logPassed(KeywordLogger.java:345)
com.kms.katalon.core.webui.keyword.builtin.SetTextKeyword$_setText_closure1.doCall(SetTextKeyword.groovy:99)
java.base/jdk.internal.reflect.DirectMethodHandleAccessor.invoke(DirectMethodHandleAccessor.java:103)
jdk.proxy2/jdk.proxy2.$Proxy56.execute(Unknown Source)
com.kms.katalon.core.webui.model.SeleniumActionRetryController.performAction(SeleniumActionRetryController.java:96)
com.kms.katalon.core.webui.model.SeleniumActionRetryController.performAction(SeleniumActionRetryController.java:83)
com.kms.katalon.core.webui.keyword.internal.WebUIKeywordMain$_runKeywordUntilTimeout_closure1.doCall(WebUIKeywordMain.groovy:135)
com.kms.katalon.core.webui.keyword.internal.WebUIKeywordMain$_runKeywordUntilTimeout_closure1.call(WebUIKeywordMain.groovy)
com.kms.katalon.core.webui.keyword.internal.WebUIKeywordMain.runKeyword(WebUIKeywordMain.groovy:41)
com.kms.katalon.core.webui.keyword.internal.WebUIKeywordMain.runKeywordUntilTimeout(WebUIKeywordMain.groovy:133)
com.kms.katalon.core.webui.keyword.builtin.SetTextKeyword.setText(SetTextKeyword.groovy:106)
com.kms.katalon.core.webui.keyword.builtin.SetTextKeyword.execute(SetTextKeyword.groovy:49)
com.kms.katalon.core.keyword.internal.KeywordExecutor.executeKeywordForPlatform(KeywordExecutor.groovy:99)
com.kms.katalon.core.webui.keyword.WebUiBuiltInKeywords.setText(WebUiBuiltInKeywords.groovy:1082)
Login with SQL-Injection.run(Login with SQL-Injection:26)
</property>
</record>
<record>
  <date>2026-05-08T06:33:57.724826Z</date>
  <millis>1778222037724</millis>
  <nanos>826000</nanos>
  <sequence>1071</sequence>
  <level>END</level>
  <class>com.kms.katalon.core.logging.XmlKeywordLogger</class>
  <method>endKeyword</method>
  <thread>1</thread>
  <message>End action : setText(findTestObject(&amp;quot;Login/email_field&amp;quot;), email)</message>
  <nestedLevel>1</nestedLevel>
  <escapedJava>false</escapedJava>
</record>
<record>
  <date>2026-05-08T06:33:57.724997Z</date>
  <millis>1778222037724</millis>
  <nanos>997000</nanos>
  <sequence>1072</sequence>
  <level>START</level>
  <class>com.kms.katalon.core.logging.XmlKeywordLogger</class>
  <method>startKeyword</method>
  <thread>1</thread>
  <message>Start action : setText(findTestObject(&amp;quot;Login/password_field&amp;quot;), password)</message>
  <nestedLevel>1</nestedLevel>
  <escapedJava>false</escapedJava>
  <property name="startLine">28</property>
  <property name="stepIndex">5</property>
</record>
<record>
  <date>2026-05-08T06:33:58.247034Z</date>
  <millis>1778222038247</millis>
  <nanos>34000</nanos>
  <sequence>1086</sequence>
  <level>PASSED</level>
  <class>com.kms.katalon.core.logging.XmlKeywordLogger</class>
  <method>logMessage</method>
  <thread>1</thread>
  <message>Text &amp;apos;(bebas)&amp;apos; is set on object &amp;apos;Object Repository/Login/password_field&amp;apos;</message>
  <nestedLevel>1</nestedLevel>
  <escapedJava>false</escapedJava>
  <property name="testops-method-name">com.kms.katalon.core.webui.keyword.internal.WebUIKeywordMain.runKeywordUntilTimeout</property>
  <property name="testops-execution-stacktrace">com.kms.katalon.core.logging.KeywordLogger.logPassed(KeywordLogger.java:350)
com.kms.katalon.core.logging.KeywordLogger.logPassed(KeywordLogger.java:345)
com.kms.katalon.core.webui.keyword.builtin.SetTextKeyword$_setText_closure1.doCall(SetTextKeyword.groovy:99)
java.base/jdk.internal.reflect.DirectMethodHandleAccessor.invoke(DirectMethodHandleAccessor.java:103)
jdk.proxy2/jdk.proxy2.$Proxy56.execute(Unknown Source)
com.kms.katalon.core.webui.model.SeleniumActionRetryController.performAction(SeleniumActionRetryController.java:96)
com.kms.katalon.core.webui.model.SeleniumActionRetryController.performAction(SeleniumActionRetryController.java:83)
com.kms.katalon.core.webui.keyword.internal.WebUIKeywordMain$_runKeywordUntilTimeout_closure1.doCall(WebUIKeywordMain.groovy:135)
com.kms.katalon.core.webui.keyword.internal.WebUIKeywordMain$_runKeywordUntilTimeout_closure1.call(WebUIKeywordMain.groovy)
com.kms.katalon.core.webui.keyword.internal.WebUIKeywordMain.runKeyword(WebUIKeywordMain.groovy:41)
com.kms.katalon.core.webui.keyword.internal.WebUIKeywordMain.runKeywordUntilTimeout(WebUIKeywordMain.groovy:133)
com.kms.katalon.core.webui.keyword.builtin.SetTextKeyword.setText(SetTextKeyword.groovy:106)
com.kms.katalon.core.webui.keyword.builtin.SetTextKeyword.execute(SetTextKeyword.groovy:49)
com.kms.katalon.core.keyword.internal.KeywordExecutor.executeKeywordForPlatform(KeywordExecutor.groovy:99)
com.kms.katalon.core.webui.keyword.WebUiBuiltInKeywords.setText(WebUiBuiltInKeywords.groovy:1082)
Login with SQL-Injection.run(Login with SQL-Injection:28)
</property>
</record>
<record>
  <date>2026-05-08T06:33:58.247526Z</date>
  <millis>1778222038247</millis>
  <nanos>526000</nanos>
  <sequence>1087</sequence>
  <level>END</level>
  <class>com.kms.katalon.core.logging.XmlKeywordLogger</class>
  <method>endKeyword</method>
  <thread>1</thread>
  <message>End action : setText(findTestObject(&amp;quot;Login/password_field&amp;quot;), password)</message>
  <nestedLevel>1</nestedLevel>
  <escapedJava>false</escapedJava>
</record>
<record>
  <date>2026-05-08T06:33:58.247605Z</date>
  <millis>1778222038247</millis>
  <nanos>605000</nanos>
  <sequence>1088</sequence>
  <level>START</level>
  <class>com.kms.katalon.core.logging.XmlKeywordLogger</class>
  <method>startKeyword</method>
  <thread>1</thread>
  <message>Start action : click(findTestObject(&amp;quot;Login/btn_sign_in&amp;quot;), STOP_ON_FAILURE)</message>
  <nestedLevel>1</nestedLevel>
  <escapedJava>false</escapedJava>
  <property name="startLine">30</property>
  <property name="stepIndex">6</property>
</record>
<record>
  <date>2026-05-08T06:33:58.516064Z</date>
  <millis>1778222038516</millis>
  <nanos>64000</nanos>
  <sequence>1099</sequence>
  <level>PASSED</level>
  <class>com.kms.katalon.core.logging.XmlKeywordLogger</class>
  <method>logMessage</method>
  <thread>1</thread>
  <message>Object: &amp;apos;Object Repository/Login/btn_sign_in&amp;apos; is clicked on</message>
  <nestedLevel>1</nestedLevel>
  <escapedJava>false</escapedJava>
  <property name="testops-method-name">com.kms.katalon.core.webui.keyword.internal.WebUIKeywordMain.runKeywordUntilTimeout</property>
  <property name="testops-execution-stacktrace">com.kms.katalon.core.logging.KeywordLogger.logPassed(KeywordLogger.java:350)
com.kms.katalon.core.logging.KeywordLogger.logPassed(KeywordLogger.java:345)
com.kms.katalon.core.webui.keyword.builtin.ClickKeyword$_click_closure1.doCall(ClickKeyword.groovy:66)
java.base/jdk.internal.reflect.DirectMethodHandleAccessor.invoke(DirectMethodHandleAccessor.java:103)
jdk.proxy2/jdk.proxy2.$Proxy56.execute(Unknown Source)
com.kms.katalon.core.webui.model.SeleniumActionRetryController.performAction(SeleniumActionRetryController.java:96)
com.kms.katalon.core.webui.model.SeleniumActionRetryController.performAction(SeleniumActionRetryController.java:83)
com.kms.katalon.core.webui.keyword.internal.WebUIKeywordMain$_runKeywordUntilTimeout_closure1.doCall(WebUIKeywordMain.groovy:135)
com.kms.katalon.core.webui.keyword.internal.WebUIKeywordMain$_runKeywordUntilTimeout_closure1.call(WebUIKeywordMain.groovy)
com.kms.katalon.core.webui.keyword.internal.WebUIKeywordMain.runKeyword(WebUIKeywordMain.groovy:41)
com.kms.katalon.core.webui.keyword.internal.WebUIKeywordMain.runKeywordUntilTimeout(WebUIKeywordMain.groovy:133)
com.kms.katalon.core.webui.keyword.builtin.ClickKeyword.click(ClickKeyword.groovy:72)
com.kms.katalon.core.webui.keyword.builtin.ClickKeyword.execute(ClickKeyword.groovy:38)
com.kms.katalon.core.keyword.internal.KeywordExecutor.executeKeywordForPlatform(KeywordExecutor.groovy:99)
com.kms.katalon.core.webui.keyword.WebUiBuiltInKeywords.click(WebUiBuiltInKeywords.groovy:685)
Login with SQL-Injection.run(Login with SQL-Injection:30)
</property>
</record>
<record>
  <date>2026-05-08T06:33:58.516663Z</date>
  <millis>1778222038516</millis>
  <nanos>663000</nanos>
  <sequence>1100</sequence>
  <level>END</level>
  <class>com.kms.katalon.core.logging.XmlKeywordLogger</class>
  <method>endKeyword</method>
  <thread>1</thread>
  <message>End action : click(findTestObject(&amp;quot;Login/btn_sign_in&amp;quot;), STOP_ON_FAILURE)</message>
  <nestedLevel>1</nestedLevel>
  <escapedJava>false</escapedJava>
</record>
<record>
  <date>2026-05-08T06:33:58.516782Z</date>
  <millis>1778222038516</millis>
  <nanos>782000</nanos>
  <sequence>1101</sequence>
  <level>START</level>
  <class>com.kms.katalon.core.logging.XmlKeywordLogger</class>
  <method>startKeyword</method>
  <thread>1</thread>
  <message>Start action : click(findTestObject(&amp;quot;Login/page_login&amp;quot;))</message>
  <nestedLevel>1</nestedLevel>
  <escapedJava>false</escapedJava>
  <property name="startLine">32</property>
  <property name="stepIndex">7</property>
</record>
<record>
  <date>2026-05-08T06:33:58.791315Z</date>
  <millis>1778222038791</millis>
  <nanos>315000</nanos>
  <sequence>1112</sequence>
  <level>PASSED</level>
  <class>com.kms.katalon.core.logging.XmlKeywordLogger</class>
  <method>logMessage</method>
  <thread>1</thread>
  <message>Object: &amp;apos;Object Repository/Login/page_login&amp;apos; is clicked on</message>
  <nestedLevel>1</nestedLevel>
  <escapedJava>false</escapedJava>
  <property name="testops-method-name">com.kms.katalon.core.webui.keyword.internal.WebUIKeywordMain.runKeywordUntilTimeout</property>
  <property name="testops-execution-stacktrace">com.kms.katalon.core.logging.KeywordLogger.logPassed(KeywordLogger.java:350)
com.kms.katalon.core.logging.KeywordLogger.logPassed(KeywordLogger.java:345)
com.kms.katalon.core.webui.keyword.builtin.ClickKeyword$_click_closure1.doCall(ClickKeyword.groovy:66)
java.base/jdk.internal.reflect.DirectMethodHandleAccessor.invoke(DirectMethodHandleAccessor.java:103)
jdk.proxy2/jdk.proxy2.$Proxy56.execute(Unknown Source)
com.kms.katalon.core.webui.model.SeleniumActionRetryController.performAction(SeleniumActionRetryController.java:96)
com.kms.katalon.core.webui.model.SeleniumActionRetryController.performAction(SeleniumActionRetryController.java:83)
com.kms.katalon.core.webui.keyword.internal.WebUIKeywordMain$_runKeywordUntilTimeout_closure1.doCall(WebUIKeywordMain.groovy:135)
com.kms.katalon.core.webui.keyword.internal.WebUIKeywordMain$_runKeywordUntilTimeout_closure1.call(WebUIKeywordMain.groovy)
com.kms.katalon.core.webui.keyword.internal.WebUIKeywordMain.runKeyword(WebUIKeywordMain.groovy:41)
com.kms.katalon.core.webui.keyword.internal.WebUIKeywordMain.runKeywordUntilTimeout(WebUIKeywordMain.groovy:133)
com.kms.katalon.core.webui.keyword.builtin.ClickKeyword.click(ClickKeyword.groovy:72)
com.kms.katalon.core.webui.keyword.builtin.ClickKeyword.execute(ClickKeyword.groovy:38)
com.kms.katalon.core.keyword.internal.KeywordExecutor.executeKeywordForPlatform(KeywordExecutor.groovy:99)
com.kms.katalon.core.webui.keyword.WebUiBuiltInKeywords.click(WebUiBuiltInKeywords.groovy:722)
Login with SQL-Injection.run(Login with SQL-Injection:32)
</property>
</record>
<record>
  <date>2026-05-08T06:33:58.792188Z</date>
  <millis>1778222038792</millis>
  <nanos>188000</nanos>
  <sequence>1113</sequence>
  <level>END</level>
  <class>com.kms.katalon.core.logging.XmlKeywordLogger</class>
  <method>endKeyword</method>
  <thread>1</thread>
  <message>End action : click(findTestObject(&amp;quot;Login/page_login&amp;quot;))</message>
  <nestedLevel>1</nestedLevel>
  <escapedJava>false</escapedJava>
</record>
<record>
  <date>2026-05-08T06:33:58.792474Z</date>
  <millis>1778222038792</millis>
  <nanos>474000</nanos>
  <sequence>1114</sequence>
  <level>START</level>
  <class>com.kms.katalon.core.logging.XmlKeywordLogger</class>
  <method>startKeyword</method>
  <thread>1</thread>
  <message>Start action : closeBrowser()</message>
  <nestedLevel>1</nestedLevel>
  <escapedJava>false</escapedJava>
  <property name="startLine">34</property>
  <property name="stepIndex">8</property>
</record>
<record>
  <date>2026-05-08T06:33:58.887894Z</date>
  <millis>1778222038887</millis>
  <nanos>894000</nanos>
  <sequence>1117</sequence>
  <level>PASSED</level>
  <class>com.kms.katalon.core.logging.XmlKeywordLogger</class>
  <method>logMessage</method>
  <thread>1</thread>
  <message>Browser is closed</message>
  <nestedLevel>1</nestedLevel>
  <escapedJava>false</escapedJava>
  <property name="testops-method-name">com.kms.katalon.core.webui.keyword.builtin.CloseBrowserKeyword.closeBrowser</property>
  <property name="testops-execution-stacktrace"></property>
</record>
<record>
  <date>2026-05-08T06:33:58.888132Z</date>
  <millis>1778222038888</millis>
  <nanos>132000</nanos>
  <sequence>1118</sequence>
  <level>END</level>
  <class>com.kms.katalon.core.logging.XmlKeywordLogger</class>
  <method>endKeyword</method>
  <thread>1</thread>
  <message>End action : closeBrowser()</message>
  <nestedLevel>1</nestedLevel>
  <escapedJava>false</escapedJava>
</record>
<record>
  <date>2026-05-08T06:33:58.888220Z</date>
  <millis>1778222038888</millis>
  <nanos>220000</nanos>
  <sequence>1119</sequence>
  <level>PASSED</level>
  <class>com.kms.katalon.core.logging.XmlKeywordLogger</class>
  <method>logMessage</method>
  <thread>1</thread>
  <message>Test Cases/Login Verification/Login with SQL-Injection</message>
  <nestedLevel>1</nestedLevel>
  <escapedJava>false</escapedJava>
</record>
<record>
  <date>2026-05-08T06:33:58.888680Z</date>
  <millis>1778222038888</millis>
  <nanos>680000</nanos>
  <sequence>1120</sequence>
  <level>END</level>
  <class>com.kms.katalon.core.logging.XmlKeywordLogger</class>
  <method>endTest</method>
  <thread>1</thread>
  <message>End Test Case : Test Cases/Login Verification/Login with SQL-Injection</message>
  <nestedLevel>0</nestedLevel>
  <escapedJava>false</escapedJava>
  <property name="executionBindingVariables">[
  {
    &quot;value&quot;: &quot; OR TRUE --&quot;,
    &quot;isDefault&quot;: false,
    &quot;name&quot;: &quot;email&quot;,
    &quot;masked&quot;: false
  },
  {
    &quot;value&quot;: &quot;(bebas)&quot;,
    &quot;isDefault&quot;: false,
    &quot;name&quot;: &quot;password&quot;,
    &quot;masked&quot;: false
  }
]</property>
  <property name="applitools">false</property>
  <property name="remainingRetryCount">3</property>
  <property name="executedKeywords">{
  &quot;WebUI.closeBrowser&quot;: 1,
  &quot;WebUI.navigateToUrl&quot;: 1,
  &quot;WebUI.click&quot;: 3,
  &quot;WebUI.openBrowser&quot;: 1,
  &quot;WebUI.setText&quot;: 2
}</property>
  <property name="currentRetryCount">0</property>
  <property name="keywordsUsage">{
  &quot;web_ui&quot;: true,
  &quot;web_service&quot;: false,
  &quot;cucumber&quot;: false,
  &quot;builtin&quot;: false,
  &quot;mobile&quot;: false,
  &quot;windows&quot;: false,
  &quot;testng&quot;: false
}</property>
</record>
<record>
  <date>2026-05-08T06:33:58.895738Z</date>
  <millis>1778222038895</millis>
  <nanos>738000</nanos>
  <sequence>1121</sequence>
  <level>START</level>
  <class>com.kms.katalon.core.logging.XmlKeywordLogger</class>
  <method>startTest</method>
  <thread>1</thread>
  <message>Start Test Case : Test Cases/Login Verification/Login with SQL-Injection</message>
  <nestedLevel>1</nestedLevel>
  <escapedJava>false</escapedJava>
  <property name="remainingRetryCount">3</property>
  <property name="origin">WEB_RECORDER</property>
  <property name="name">Test Cases/Login Verification/Login with SQL-Injection</property>
  <property name="description"></property>
  <property name="iteration">(bebas)</property>
  <property name="id">Test Cases/Login Verification/Login with SQL-Injection</property>
  <property name="source">\Users\fazza_abiyyu\Documents\Projects\Hobby\KATALON_QWERTY\Test Cases\Login Verification\Login with SQL-Injection.tc</property>
  <property name="tag">auth</property>
  <property name="isOptional">false</property>
  <property name="uuid">41d83ffc-4f69-4d83-a49c-31a7d3890338</property>
  <property name="currentRetryCount">0</property>
</record>
<record>
  <date>2026-05-08T06:33:58.899573Z</date>
  <millis>1778222038899</millis>
  <nanos>573000</nanos>
  <sequence>1123</sequence>
  <level>INFO</level>
  <class>com.kms.katalon.core.logging.XmlKeywordLogger</class>
  <method>logMessage</method>
  <thread>1</thread>
  <message>email =  UNION SELECT NULL, NULL --</message>
  <nestedLevel>1</nestedLevel>
  <escapedJava>false</escapedJava>
</record>
<record>
  <date>2026-05-08T06:33:58.899849Z</date>
  <millis>1778222038899</millis>
  <nanos>849000</nanos>
  <sequence>1124</sequence>
  <level>INFO</level>
  <class>com.kms.katalon.core.logging.XmlKeywordLogger</class>
  <method>logMessage</method>
  <thread>1</thread>
  <message>password = (bebas)</message>
  <nestedLevel>1</nestedLevel>
  <escapedJava>false</escapedJava>
</record>
<record>
  <date>2026-05-08T06:33:58.900256Z</date>
  <millis>1778222038900</millis>
  <nanos>256000</nanos>
  <sequence>1125</sequence>
  <level>RUN_DATA</level>
  <class>com.kms.katalon.core.logging.XmlKeywordLogger</class>
  <method>logMessage</method>
  <thread>1</thread>
  <message>executionBindingVariables = [
  {
    &amp;quot;value&amp;quot;: &amp;quot; UNION SELECT NULL, NULL --&amp;quot;,
    &amp;quot;isDefault&amp;quot;: false,
    &amp;quot;name&amp;quot;: &amp;quot;email&amp;quot;,
    &amp;quot;masked&amp;quot;: false
  },
  {
    &amp;quot;value&amp;quot;: &amp;quot;(bebas)&amp;quot;,
    &amp;quot;isDefault&amp;quot;: false,
    &amp;quot;name&amp;quot;: &amp;quot;password&amp;quot;,
    &amp;quot;masked&amp;quot;: false
  }
]</message>
  <nestedLevel>1</nestedLevel>
  <escapedJava>false</escapedJava>
  <property name="executionBindingVariables">[
  {
    &quot;value&quot;: &quot; UNION SELECT NULL, NULL --&quot;,
    &quot;isDefault&quot;: false,
    &quot;name&quot;: &quot;email&quot;,
    &quot;masked&quot;: false
  },
  {
    &quot;value&quot;: &quot;(bebas)&quot;,
    &quot;isDefault&quot;: false,
    &quot;name&quot;: &quot;password&quot;,
    &quot;masked&quot;: false
  }
]</property>
</record>
<record>
  <date>2026-05-08T06:33:58.901135Z</date>
  <millis>1778222038901</millis>
  <nanos>135000</nanos>
  <sequence>1126</sequence>
  <level>START</level>
  <class>com.kms.katalon.core.logging.XmlKeywordLogger</class>
  <method>startKeyword</method>
  <thread>1</thread>
  <message>Start action : openBrowser(&amp;quot;&amp;quot;)</message>
  <nestedLevel>1</nestedLevel>
  <escapedJava>false</escapedJava>
  <property name="startLine">20</property>
  <property name="stepIndex">1</property>
</record>
<record>
  <date>2026-05-08T06:33:58.901837Z</date>
  <millis>1778222038901</millis>
  <nanos>837000</nanos>
  <sequence>1129</sequence>
  <level>INFO</level>
  <class>com.kms.katalon.core.logging.XmlKeywordLogger</class>
  <method>logMessage</method>
  <thread>1</thread>
  <message>Starting &amp;apos;Chrome&amp;apos; driver</message>
  <nestedLevel>1</nestedLevel>
  <escapedJava>false</escapedJava>
</record>
<record>
  <date>2026-05-08T06:33:58.902672Z</date>
  <millis>1778222038902</millis>
  <nanos>672000</nanos>
  <sequence>1130</sequence>
  <level>INFO</level>
  <class>com.kms.katalon.core.logging.XmlKeywordLogger</class>
  <method>logMessage</method>
  <thread>1</thread>
  <message>Action delay is set to 0 milliseconds</message>
  <nestedLevel>1</nestedLevel>
  <escapedJava>false</escapedJava>
</record>
<record>
  <date>2026-05-08T06:34:00.665532Z</date>
  <millis>1778222040665</millis>
  <nanos>532000</nanos>
  <sequence>1132</sequence>
  <level>RUN_DATA</level>
  <class>com.kms.katalon.core.logging.XmlKeywordLogger</class>
  <method>logMessage</method>
  <thread>1</thread>
  <message>sessionId = a9870a28527449d82619437951bac3ee</message>
  <nestedLevel>1</nestedLevel>
  <escapedJava>false</escapedJava>
  <property name="sessionId">a9870a28527449d82619437951bac3ee</property>
</record>
<record>
  <date>2026-05-08T06:34:00.665855Z</date>
  <millis>1778222040665</millis>
  <nanos>855000</nanos>
  <sequence>1133</sequence>
  <level>RUN_DATA</level>
  <class>com.kms.katalon.core.logging.XmlKeywordLogger</class>
  <method>logMessage</method>
  <thread>1</thread>
  <message>browser = Chrome 147.0.7727.138</message>
  <nestedLevel>1</nestedLevel>
  <escapedJava>false</escapedJava>
  <property name="browser">Chrome 147.0.7727.138</property>
</record>
<record>
  <date>2026-05-08T06:34:00.665940Z</date>
  <millis>1778222040665</millis>
  <nanos>940000</nanos>
  <sequence>1134</sequence>
  <level>RUN_DATA</level>
  <class>com.kms.katalon.core.logging.XmlKeywordLogger</class>
  <method>logMessage</method>
  <thread>1</thread>
  <message>platform = Mac OS X</message>
  <nestedLevel>1</nestedLevel>
  <escapedJava>false</escapedJava>
  <property name="platform">Mac OS X</property>
</record>
<record>
  <date>2026-05-08T06:34:00.665997Z</date>
  <millis>1778222040665</millis>
  <nanos>997000</nanos>
  <sequence>1135</sequence>
  <level>RUN_DATA</level>
  <class>com.kms.katalon.core.logging.XmlKeywordLogger</class>
  <method>logMessage</method>
  <thread>1</thread>
  <message>seleniumVersion = 4.39.0</message>
  <nestedLevel>1</nestedLevel>
  <escapedJava>false</escapedJava>
  <property name="seleniumVersion">4.39.0</property>
</record>
<record>
  <date>2026-05-08T06:34:00.666317Z</date>
  <millis>1778222040666</millis>
  <nanos>317000</nanos>
  <sequence>1136</sequence>
  <level>RUN_DATA</level>
  <class>com.kms.katalon.core.logging.XmlKeywordLogger</class>
  <method>logMessage</method>
  <thread>1</thread>
  <message>proxyInformation = ProxyInformation { proxyOption=NO_PROXY, proxyServerType=HTTP, username=, password=********, proxyServerAddress=, proxyServerPort=0, executionList=&amp;quot;&amp;quot;, isApplyToDesiredCapabilities=true }</message>
  <nestedLevel>1</nestedLevel>
  <escapedJava>false</escapedJava>
  <property name="proxyInformation">ProxyInformation { proxyOption=NO_PROXY, proxyServerType=HTTP, username=, password=********, proxyServerAddress=, proxyServerPort=0, executionList=&quot;&quot;, isApplyToDesiredCapabilities=true }</property>
</record>
<record>
  <date>2026-05-08T06:34:00.672339Z</date>
  <millis>1778222040672</millis>
  <nanos>339000</nanos>
  <sequence>1137</sequence>
  <level>PASSED</level>
  <class>com.kms.katalon.core.logging.XmlKeywordLogger</class>
  <method>logMessage</method>
  <thread>1</thread>
  <message>Browser is opened with url: &amp;apos;&amp;apos;</message>
  <nestedLevel>1</nestedLevel>
  <escapedJava>false</escapedJava>
  <property name="testops-method-name">com.kms.katalon.core.webui.keyword.builtin.OpenBrowserKeyword.openBrowser</property>
  <property name="testops-execution-stacktrace"></property>
</record>
<record>
  <date>2026-05-08T06:34:00.672741Z</date>
  <millis>1778222040672</millis>
  <nanos>741000</nanos>
  <sequence>1138</sequence>
  <level>END</level>
  <class>com.kms.katalon.core.logging.XmlKeywordLogger</class>
  <method>endKeyword</method>
  <thread>1</thread>
  <message>End action : openBrowser(&amp;quot;&amp;quot;)</message>
  <nestedLevel>1</nestedLevel>
  <escapedJava>false</escapedJava>
</record>
<record>
  <date>2026-05-08T06:34:00.672817Z</date>
  <millis>1778222040672</millis>
  <nanos>817000</nanos>
  <sequence>1139</sequence>
  <level>START</level>
  <class>com.kms.katalon.core.logging.XmlKeywordLogger</class>
  <method>startKeyword</method>
  <thread>1</thread>
  <message>Start action : navigateToUrl(&amp;quot;https://qwerty.abiyyu.xyz/&amp;quot;)</message>
  <nestedLevel>1</nestedLevel>
  <escapedJava>false</escapedJava>
  <property name="startLine">22</property>
  <property name="stepIndex">2</property>
</record>
<record>
  <date>2026-05-08T06:34:01.437487Z</date>
  <millis>1778222041437</millis>
  <nanos>487000</nanos>
  <sequence>1143</sequence>
  <level>PASSED</level>
  <class>com.kms.katalon.core.logging.XmlKeywordLogger</class>
  <method>logMessage</method>
  <thread>1</thread>
  <message>Navigate to &amp;apos;https://qwerty.abiyyu.xyz/&amp;apos; successfully</message>
  <nestedLevel>1</nestedLevel>
  <escapedJava>false</escapedJava>
  <property name="testops-method-name">com.kms.katalon.core.webui.keyword.builtin.NavigateToUrlKeyword.navigateToUrl</property>
  <property name="testops-execution-stacktrace"></property>
</record>
<record>
  <date>2026-05-08T06:34:01.438480Z</date>
  <millis>1778222041438</millis>
  <nanos>480000</nanos>
  <sequence>1144</sequence>
  <level>END</level>
  <class>com.kms.katalon.core.logging.XmlKeywordLogger</class>
  <method>endKeyword</method>
  <thread>1</thread>
  <message>End action : navigateToUrl(&amp;quot;https://qwerty.abiyyu.xyz/&amp;quot;)</message>
  <nestedLevel>1</nestedLevel>
  <escapedJava>false</escapedJava>
</record>
<record>
  <date>2026-05-08T06:34:01.438914Z</date>
  <millis>1778222041438</millis>
  <nanos>914000</nanos>
  <sequence>1145</sequence>
  <level>START</level>
  <class>com.kms.katalon.core.logging.XmlKeywordLogger</class>
  <method>startKeyword</method>
  <thread>1</thread>
  <message>Start action : click(findTestObject(&amp;quot;Login/icon_sign_in&amp;quot;))</message>
  <nestedLevel>1</nestedLevel>
  <escapedJava>false</escapedJava>
  <property name="startLine">24</property>
  <property name="stepIndex">3</property>
</record>
<record>
  <date>2026-05-08T06:34:02.125185Z</date>
  <millis>1778222042125</millis>
  <nanos>185000</nanos>
  <sequence>1156</sequence>
  <level>PASSED</level>
  <class>com.kms.katalon.core.logging.XmlKeywordLogger</class>
  <method>logMessage</method>
  <thread>1</thread>
  <message>Object: &amp;apos;Object Repository/Login/icon_sign_in&amp;apos; is clicked on</message>
  <nestedLevel>1</nestedLevel>
  <escapedJava>false</escapedJava>
  <property name="testops-method-name">com.kms.katalon.core.webui.keyword.internal.WebUIKeywordMain.runKeywordUntilTimeout</property>
  <property name="testops-execution-stacktrace">com.kms.katalon.core.logging.KeywordLogger.logPassed(KeywordLogger.java:350)
com.kms.katalon.core.logging.KeywordLogger.logPassed(KeywordLogger.java:345)
com.kms.katalon.core.webui.keyword.builtin.ClickKeyword$_click_closure1.doCall(ClickKeyword.groovy:66)
java.base/jdk.internal.reflect.DirectMethodHandleAccessor.invoke(DirectMethodHandleAccessor.java:103)
jdk.proxy2/jdk.proxy2.$Proxy56.execute(Unknown Source)
com.kms.katalon.core.webui.model.SeleniumActionRetryController.performAction(SeleniumActionRetryController.java:96)
com.kms.katalon.core.webui.model.SeleniumActionRetryController.performAction(SeleniumActionRetryController.java:83)
com.kms.katalon.core.webui.keyword.internal.WebUIKeywordMain$_runKeywordUntilTimeout_closure1.doCall(WebUIKeywordMain.groovy:135)
com.kms.katalon.core.webui.keyword.internal.WebUIKeywordMain$_runKeywordUntilTimeout_closure1.call(WebUIKeywordMain.groovy)
com.kms.katalon.core.webui.keyword.internal.WebUIKeywordMain.runKeyword(WebUIKeywordMain.groovy:41)
com.kms.katalon.core.webui.keyword.internal.WebUIKeywordMain.runKeywordUntilTimeout(WebUIKeywordMain.groovy:133)
com.kms.katalon.core.webui.keyword.builtin.ClickKeyword.click(ClickKeyword.groovy:72)
com.kms.katalon.core.webui.keyword.builtin.ClickKeyword.execute(ClickKeyword.groovy:38)
com.kms.katalon.core.keyword.internal.KeywordExecutor.executeKeywordForPlatform(KeywordExecutor.groovy:99)
com.kms.katalon.core.webui.keyword.WebUiBuiltInKeywords.click(WebUiBuiltInKeywords.groovy:722)
Login with SQL-Injection.run(Login with SQL-Injection:24)
</property>
</record>
<record>
  <date>2026-05-08T06:34:02.126052Z</date>
  <millis>1778222042126</millis>
  <nanos>52000</nanos>
  <sequence>1157</sequence>
  <level>END</level>
  <class>com.kms.katalon.core.logging.XmlKeywordLogger</class>
  <method>endKeyword</method>
  <thread>1</thread>
  <message>End action : click(findTestObject(&amp;quot;Login/icon_sign_in&amp;quot;))</message>
  <nestedLevel>1</nestedLevel>
  <escapedJava>false</escapedJava>
</record>
<record>
  <date>2026-05-08T06:34:02.126237Z</date>
  <millis>1778222042126</millis>
  <nanos>237000</nanos>
  <sequence>1158</sequence>
  <level>START</level>
  <class>com.kms.katalon.core.logging.XmlKeywordLogger</class>
  <method>startKeyword</method>
  <thread>1</thread>
  <message>Start action : setText(findTestObject(&amp;quot;Login/email_field&amp;quot;), email)</message>
  <nestedLevel>1</nestedLevel>
  <escapedJava>false</escapedJava>
  <property name="startLine">26</property>
  <property name="stepIndex">4</property>
</record>
<record>
  <date>2026-05-08T06:34:03.259722Z</date>
  <millis>1778222043259</millis>
  <nanos>722000</nanos>
  <sequence>1172</sequence>
  <level>PASSED</level>
  <class>com.kms.katalon.core.logging.XmlKeywordLogger</class>
  <method>logMessage</method>
  <thread>1</thread>
  <message>Text &amp;apos; UNION SELECT NULL, NULL --&amp;apos; is set on object &amp;apos;Object Repository/Login/email_field&amp;apos;</message>
  <nestedLevel>1</nestedLevel>
  <escapedJava>false</escapedJava>
  <property name="testops-method-name">com.kms.katalon.core.webui.keyword.internal.WebUIKeywordMain.runKeywordUntilTimeout</property>
  <property name="testops-execution-stacktrace">com.kms.katalon.core.logging.KeywordLogger.logPassed(KeywordLogger.java:350)
com.kms.katalon.core.logging.KeywordLogger.logPassed(KeywordLogger.java:345)
com.kms.katalon.core.webui.keyword.builtin.SetTextKeyword$_setText_closure1.doCall(SetTextKeyword.groovy:99)
java.base/jdk.internal.reflect.DirectMethodHandleAccessor.invoke(DirectMethodHandleAccessor.java:103)
jdk.proxy2/jdk.proxy2.$Proxy56.execute(Unknown Source)
com.kms.katalon.core.webui.model.SeleniumActionRetryController.performAction(SeleniumActionRetryController.java:96)
com.kms.katalon.core.webui.model.SeleniumActionRetryController.performAction(SeleniumActionRetryController.java:83)
com.kms.katalon.core.webui.keyword.internal.WebUIKeywordMain$_runKeywordUntilTimeout_closure1.doCall(WebUIKeywordMain.groovy:135)
com.kms.katalon.core.webui.keyword.internal.WebUIKeywordMain$_runKeywordUntilTimeout_closure1.call(WebUIKeywordMain.groovy)
com.kms.katalon.core.webui.keyword.internal.WebUIKeywordMain.runKeyword(WebUIKeywordMain.groovy:41)
com.kms.katalon.core.webui.keyword.internal.WebUIKeywordMain.runKeywordUntilTimeout(WebUIKeywordMain.groovy:133)
com.kms.katalon.core.webui.keyword.builtin.SetTextKeyword.setText(SetTextKeyword.groovy:106)
com.kms.katalon.core.webui.keyword.builtin.SetTextKeyword.execute(SetTextKeyword.groovy:49)
com.kms.katalon.core.keyword.internal.KeywordExecutor.executeKeywordForPlatform(KeywordExecutor.groovy:99)
com.kms.katalon.core.webui.keyword.WebUiBuiltInKeywords.setText(WebUiBuiltInKeywords.groovy:1082)
Login with SQL-Injection.run(Login with SQL-Injection:26)
</property>
</record>
<record>
  <date>2026-05-08T06:34:03.260251Z</date>
  <millis>1778222043260</millis>
  <nanos>251000</nanos>
  <sequence>1173</sequence>
  <level>END</level>
  <class>com.kms.katalon.core.logging.XmlKeywordLogger</class>
  <method>endKeyword</method>
  <thread>1</thread>
  <message>End action : setText(findTestObject(&amp;quot;Login/email_field&amp;quot;), email)</message>
  <nestedLevel>1</nestedLevel>
  <escapedJava>false</escapedJava>
</record>
<record>
  <date>2026-05-08T06:34:03.260352Z</date>
  <millis>1778222043260</millis>
  <nanos>352000</nanos>
  <sequence>1174</sequence>
  <level>START</level>
  <class>com.kms.katalon.core.logging.XmlKeywordLogger</class>
  <method>startKeyword</method>
  <thread>1</thread>
  <message>Start action : setText(findTestObject(&amp;quot;Login/password_field&amp;quot;), password)</message>
  <nestedLevel>1</nestedLevel>
  <escapedJava>false</escapedJava>
  <property name="startLine">28</property>
  <property name="stepIndex">5</property>
</record>
<record>
  <date>2026-05-08T06:34:03.782368Z</date>
  <millis>1778222043782</millis>
  <nanos>368000</nanos>
  <sequence>1188</sequence>
  <level>PASSED</level>
  <class>com.kms.katalon.core.logging.XmlKeywordLogger</class>
  <method>logMessage</method>
  <thread>1</thread>
  <message>Text &amp;apos;(bebas)&amp;apos; is set on object &amp;apos;Object Repository/Login/password_field&amp;apos;</message>
  <nestedLevel>1</nestedLevel>
  <escapedJava>false</escapedJava>
  <property name="testops-method-name">com.kms.katalon.core.webui.keyword.internal.WebUIKeywordMain.runKeywordUntilTimeout</property>
  <property name="testops-execution-stacktrace">com.kms.katalon.core.logging.KeywordLogger.logPassed(KeywordLogger.java:350)
com.kms.katalon.core.logging.KeywordLogger.logPassed(KeywordLogger.java:345)
com.kms.katalon.core.webui.keyword.builtin.SetTextKeyword$_setText_closure1.doCall(SetTextKeyword.groovy:99)
java.base/jdk.internal.reflect.DirectMethodHandleAccessor.invoke(DirectMethodHandleAccessor.java:103)
jdk.proxy2/jdk.proxy2.$Proxy56.execute(Unknown Source)
com.kms.katalon.core.webui.model.SeleniumActionRetryController.performAction(SeleniumActionRetryController.java:96)
com.kms.katalon.core.webui.model.SeleniumActionRetryController.performAction(SeleniumActionRetryController.java:83)
com.kms.katalon.core.webui.keyword.internal.WebUIKeywordMain$_runKeywordUntilTimeout_closure1.doCall(WebUIKeywordMain.groovy:135)
com.kms.katalon.core.webui.keyword.internal.WebUIKeywordMain$_runKeywordUntilTimeout_closure1.call(WebUIKeywordMain.groovy)
com.kms.katalon.core.webui.keyword.internal.WebUIKeywordMain.runKeyword(WebUIKeywordMain.groovy:41)
com.kms.katalon.core.webui.keyword.internal.WebUIKeywordMain.runKeywordUntilTimeout(WebUIKeywordMain.groovy:133)
com.kms.katalon.core.webui.keyword.builtin.SetTextKeyword.setText(SetTextKeyword.groovy:106)
com.kms.katalon.core.webui.keyword.builtin.SetTextKeyword.execute(SetTextKeyword.groovy:49)
com.kms.katalon.core.keyword.internal.KeywordExecutor.executeKeywordForPlatform(KeywordExecutor.groovy:99)
com.kms.katalon.core.webui.keyword.WebUiBuiltInKeywords.setText(WebUiBuiltInKeywords.groovy:1082)
Login with SQL-Injection.run(Login with SQL-Injection:28)
</property>
</record>
<record>
  <date>2026-05-08T06:34:03.782845Z</date>
  <millis>1778222043782</millis>
  <nanos>845000</nanos>
  <sequence>1189</sequence>
  <level>END</level>
  <class>com.kms.katalon.core.logging.XmlKeywordLogger</class>
  <method>endKeyword</method>
  <thread>1</thread>
  <message>End action : setText(findTestObject(&amp;quot;Login/password_field&amp;quot;), password)</message>
  <nestedLevel>1</nestedLevel>
  <escapedJava>false</escapedJava>
</record>
<record>
  <date>2026-05-08T06:34:03.782925Z</date>
  <millis>1778222043782</millis>
  <nanos>925000</nanos>
  <sequence>1190</sequence>
  <level>START</level>
  <class>com.kms.katalon.core.logging.XmlKeywordLogger</class>
  <method>startKeyword</method>
  <thread>1</thread>
  <message>Start action : click(findTestObject(&amp;quot;Login/btn_sign_in&amp;quot;), STOP_ON_FAILURE)</message>
  <nestedLevel>1</nestedLevel>
  <escapedJava>false</escapedJava>
  <property name="startLine">30</property>
  <property name="stepIndex">6</property>
</record>
<record>
  <date>2026-05-08T06:34:04.059395Z</date>
  <millis>1778222044059</millis>
  <nanos>395000</nanos>
  <sequence>1201</sequence>
  <level>PASSED</level>
  <class>com.kms.katalon.core.logging.XmlKeywordLogger</class>
  <method>logMessage</method>
  <thread>1</thread>
  <message>Object: &amp;apos;Object Repository/Login/btn_sign_in&amp;apos; is clicked on</message>
  <nestedLevel>1</nestedLevel>
  <escapedJava>false</escapedJava>
  <property name="testops-method-name">com.kms.katalon.core.webui.keyword.internal.WebUIKeywordMain.runKeywordUntilTimeout</property>
  <property name="testops-execution-stacktrace">com.kms.katalon.core.logging.KeywordLogger.logPassed(KeywordLogger.java:350)
com.kms.katalon.core.logging.KeywordLogger.logPassed(KeywordLogger.java:345)
com.kms.katalon.core.webui.keyword.builtin.ClickKeyword$_click_closure1.doCall(ClickKeyword.groovy:66)
java.base/jdk.internal.reflect.DirectMethodHandleAccessor.invoke(DirectMethodHandleAccessor.java:103)
jdk.proxy2/jdk.proxy2.$Proxy56.execute(Unknown Source)
com.kms.katalon.core.webui.model.SeleniumActionRetryController.performAction(SeleniumActionRetryController.java:96)
com.kms.katalon.core.webui.model.SeleniumActionRetryController.performAction(SeleniumActionRetryController.java:83)
com.kms.katalon.core.webui.keyword.internal.WebUIKeywordMain$_runKeywordUntilTimeout_closure1.doCall(WebUIKeywordMain.groovy:135)
com.kms.katalon.core.webui.keyword.internal.WebUIKeywordMain$_runKeywordUntilTimeout_closure1.call(WebUIKeywordMain.groovy)
com.kms.katalon.core.webui.keyword.internal.WebUIKeywordMain.runKeyword(WebUIKeywordMain.groovy:41)
com.kms.katalon.core.webui.keyword.internal.WebUIKeywordMain.runKeywordUntilTimeout(WebUIKeywordMain.groovy:133)
com.kms.katalon.core.webui.keyword.builtin.ClickKeyword.click(ClickKeyword.groovy:72)
com.kms.katalon.core.webui.keyword.builtin.ClickKeyword.execute(ClickKeyword.groovy:38)
com.kms.katalon.core.keyword.internal.KeywordExecutor.executeKeywordForPlatform(KeywordExecutor.groovy:99)
com.kms.katalon.core.webui.keyword.WebUiBuiltInKeywords.click(WebUiBuiltInKeywords.groovy:685)
Login with SQL-Injection.run(Login with SQL-Injection:30)
</property>
</record>
<record>
  <date>2026-05-08T06:34:04.060278Z</date>
  <millis>1778222044060</millis>
  <nanos>278000</nanos>
  <sequence>1202</sequence>
  <level>END</level>
  <class>com.kms.katalon.core.logging.XmlKeywordLogger</class>
  <method>endKeyword</method>
  <thread>1</thread>
  <message>End action : click(findTestObject(&amp;quot;Login/btn_sign_in&amp;quot;), STOP_ON_FAILURE)</message>
  <nestedLevel>1</nestedLevel>
  <escapedJava>false</escapedJava>
</record>
<record>
  <date>2026-05-08T06:34:04.060589Z</date>
  <millis>1778222044060</millis>
  <nanos>589000</nanos>
  <sequence>1203</sequence>
  <level>START</level>
  <class>com.kms.katalon.core.logging.XmlKeywordLogger</class>
  <method>startKeyword</method>
  <thread>1</thread>
  <message>Start action : click(findTestObject(&amp;quot;Login/page_login&amp;quot;))</message>
  <nestedLevel>1</nestedLevel>
  <escapedJava>false</escapedJava>
  <property name="startLine">32</property>
  <property name="stepIndex">7</property>
</record>
<record>
  <date>2026-05-08T06:34:04.327101Z</date>
  <millis>1778222044327</millis>
  <nanos>101000</nanos>
  <sequence>1214</sequence>
  <level>PASSED</level>
  <class>com.kms.katalon.core.logging.XmlKeywordLogger</class>
  <method>logMessage</method>
  <thread>1</thread>
  <message>Object: &amp;apos;Object Repository/Login/page_login&amp;apos; is clicked on</message>
  <nestedLevel>1</nestedLevel>
  <escapedJava>false</escapedJava>
  <property name="testops-method-name">com.kms.katalon.core.webui.keyword.internal.WebUIKeywordMain.runKeywordUntilTimeout</property>
  <property name="testops-execution-stacktrace">com.kms.katalon.core.logging.KeywordLogger.logPassed(KeywordLogger.java:350)
com.kms.katalon.core.logging.KeywordLogger.logPassed(KeywordLogger.java:345)
com.kms.katalon.core.webui.keyword.builtin.ClickKeyword$_click_closure1.doCall(ClickKeyword.groovy:66)
java.base/jdk.internal.reflect.DirectMethodHandleAccessor.invoke(DirectMethodHandleAccessor.java:103)
jdk.proxy2/jdk.proxy2.$Proxy56.execute(Unknown Source)
com.kms.katalon.core.webui.model.SeleniumActionRetryController.performAction(SeleniumActionRetryController.java:96)
com.kms.katalon.core.webui.model.SeleniumActionRetryController.performAction(SeleniumActionRetryController.java:83)
com.kms.katalon.core.webui.keyword.internal.WebUIKeywordMain$_runKeywordUntilTimeout_closure1.doCall(WebUIKeywordMain.groovy:135)
com.kms.katalon.core.webui.keyword.internal.WebUIKeywordMain$_runKeywordUntilTimeout_closure1.call(WebUIKeywordMain.groovy)
com.kms.katalon.core.webui.keyword.internal.WebUIKeywordMain.runKeyword(WebUIKeywordMain.groovy:41)
com.kms.katalon.core.webui.keyword.internal.WebUIKeywordMain.runKeywordUntilTimeout(WebUIKeywordMain.groovy:133)
com.kms.katalon.core.webui.keyword.builtin.ClickKeyword.click(ClickKeyword.groovy:72)
com.kms.katalon.core.webui.keyword.builtin.ClickKeyword.execute(ClickKeyword.groovy:38)
com.kms.katalon.core.keyword.internal.KeywordExecutor.executeKeywordForPlatform(KeywordExecutor.groovy:99)
com.kms.katalon.core.webui.keyword.WebUiBuiltInKeywords.click(WebUiBuiltInKeywords.groovy:722)
Login with SQL-Injection.run(Login with SQL-Injection:32)
</property>
</record>
<record>
  <date>2026-05-08T06:34:04.327903Z</date>
  <millis>1778222044327</millis>
  <nanos>903000</nanos>
  <sequence>1215</sequence>
  <level>END</level>
  <class>com.kms.katalon.core.logging.XmlKeywordLogger</class>
  <method>endKeyword</method>
  <thread>1</thread>
  <message>End action : click(findTestObject(&amp;quot;Login/page_login&amp;quot;))</message>
  <nestedLevel>1</nestedLevel>
  <escapedJava>false</escapedJava>
</record>
<record>
  <date>2026-05-08T06:34:04.327991Z</date>
  <millis>1778222044327</millis>
  <nanos>991000</nanos>
  <sequence>1216</sequence>
  <level>START</level>
  <class>com.kms.katalon.core.logging.XmlKeywordLogger</class>
  <method>startKeyword</method>
  <thread>1</thread>
  <message>Start action : closeBrowser()</message>
  <nestedLevel>1</nestedLevel>
  <escapedJava>false</escapedJava>
  <property name="startLine">34</property>
  <property name="stepIndex">8</property>
</record>
<record>
  <date>2026-05-08T06:34:04.429226Z</date>
  <millis>1778222044429</millis>
  <nanos>226000</nanos>
  <sequence>1219</sequence>
  <level>PASSED</level>
  <class>com.kms.katalon.core.logging.XmlKeywordLogger</class>
  <method>logMessage</method>
  <thread>1</thread>
  <message>Browser is closed</message>
  <nestedLevel>1</nestedLevel>
  <escapedJava>false</escapedJava>
  <property name="testops-method-name">com.kms.katalon.core.webui.keyword.builtin.CloseBrowserKeyword.closeBrowser</property>
  <property name="testops-execution-stacktrace"></property>
</record>
<record>
  <date>2026-05-08T06:34:04.429443Z</date>
  <millis>1778222044429</millis>
  <nanos>443000</nanos>
  <sequence>1220</sequence>
  <level>END</level>
  <class>com.kms.katalon.core.logging.XmlKeywordLogger</class>
  <method>endKeyword</method>
  <thread>1</thread>
  <message>End action : closeBrowser()</message>
  <nestedLevel>1</nestedLevel>
  <escapedJava>false</escapedJava>
</record>
<record>
  <date>2026-05-08T06:34:04.429524Z</date>
  <millis>1778222044429</millis>
  <nanos>524000</nanos>
  <sequence>1221</sequence>
  <level>PASSED</level>
  <class>com.kms.katalon.core.logging.XmlKeywordLogger</class>
  <method>logMessage</method>
  <thread>1</thread>
  <message>Test Cases/Login Verification/Login with SQL-Injection</message>
  <nestedLevel>1</nestedLevel>
  <escapedJava>false</escapedJava>
</record>
<record>
  <date>2026-05-08T06:34:04.429942Z</date>
  <millis>1778222044429</millis>
  <nanos>942000</nanos>
  <sequence>1222</sequence>
  <level>END</level>
  <class>com.kms.katalon.core.logging.XmlKeywordLogger</class>
  <method>endTest</method>
  <thread>1</thread>
  <message>End Test Case : Test Cases/Login Verification/Login with SQL-Injection</message>
  <nestedLevel>0</nestedLevel>
  <escapedJava>false</escapedJava>
  <property name="executionBindingVariables">[
  {
    &quot;value&quot;: &quot; UNION SELECT NULL, NULL --&quot;,
    &quot;isDefault&quot;: false,
    &quot;name&quot;: &quot;email&quot;,
    &quot;masked&quot;: false
  },
  {
    &quot;value&quot;: &quot;(bebas)&quot;,
    &quot;isDefault&quot;: false,
    &quot;name&quot;: &quot;password&quot;,
    &quot;masked&quot;: false
  }
]</property>
  <property name="applitools">false</property>
  <property name="remainingRetryCount">3</property>
  <property name="executedKeywords">{
  &quot;WebUI.closeBrowser&quot;: 1,
  &quot;WebUI.navigateToUrl&quot;: 1,
  &quot;WebUI.click&quot;: 3,
  &quot;WebUI.openBrowser&quot;: 1,
  &quot;WebUI.setText&quot;: 2
}</property>
  <property name="currentRetryCount">0</property>
  <property name="keywordsUsage">{
  &quot;web_ui&quot;: true,
  &quot;web_service&quot;: false,
  &quot;cucumber&quot;: false,
  &quot;builtin&quot;: false,
  &quot;mobile&quot;: false,
  &quot;windows&quot;: false,
  &quot;testng&quot;: false
}</property>
</record>
<record>
  <date>2026-05-08T06:34:04.437732Z</date>
  <millis>1778222044437</millis>
  <nanos>732000</nanos>
  <sequence>1223</sequence>
  <level>START</level>
  <class>com.kms.katalon.core.logging.XmlKeywordLogger</class>
  <method>startTest</method>
  <thread>1</thread>
  <message>Start Test Case : Test Cases/Login Verification/Login with SQL-Injection</message>
  <nestedLevel>1</nestedLevel>
  <escapedJava>false</escapedJava>
  <property name="remainingRetryCount">3</property>
  <property name="origin">WEB_RECORDER</property>
  <property name="name">Test Cases/Login Verification/Login with SQL-Injection</property>
  <property name="description"></property>
  <property name="iteration">(bebas)</property>
  <property name="id">Test Cases/Login Verification/Login with SQL-Injection</property>
  <property name="source">\Users\fazza_abiyyu\Documents\Projects\Hobby\KATALON_QWERTY\Test Cases\Login Verification\Login with SQL-Injection.tc</property>
  <property name="tag">auth</property>
  <property name="isOptional">false</property>
  <property name="uuid">888dd4bd-e206-4dd3-9ee2-cac72cd9c734</property>
  <property name="currentRetryCount">0</property>
</record>
<record>
  <date>2026-05-08T06:34:04.442897Z</date>
  <millis>1778222044442</millis>
  <nanos>897000</nanos>
  <sequence>1225</sequence>
  <level>INFO</level>
  <class>com.kms.katalon.core.logging.XmlKeywordLogger</class>
  <method>logMessage</method>
  <thread>1</thread>
  <message>email = 1&amp;apos; AND SLEEP(5) --</message>
  <nestedLevel>1</nestedLevel>
  <escapedJava>false</escapedJava>
</record>
<record>
  <date>2026-05-08T06:34:04.443169Z</date>
  <millis>1778222044443</millis>
  <nanos>169000</nanos>
  <sequence>1226</sequence>
  <level>INFO</level>
  <class>com.kms.katalon.core.logging.XmlKeywordLogger</class>
  <method>logMessage</method>
  <thread>1</thread>
  <message>password = (bebas)</message>
  <nestedLevel>1</nestedLevel>
  <escapedJava>false</escapedJava>
</record>
<record>
  <date>2026-05-08T06:34:04.443462Z</date>
  <millis>1778222044443</millis>
  <nanos>462000</nanos>
  <sequence>1227</sequence>
  <level>RUN_DATA</level>
  <class>com.kms.katalon.core.logging.XmlKeywordLogger</class>
  <method>logMessage</method>
  <thread>1</thread>
  <message>executionBindingVariables = [
  {
    &amp;quot;value&amp;quot;: &amp;quot;1\u0027 AND SLEEP(5) --&amp;quot;,
    &amp;quot;isDefault&amp;quot;: false,
    &amp;quot;name&amp;quot;: &amp;quot;email&amp;quot;,
    &amp;quot;masked&amp;quot;: false
  },
  {
    &amp;quot;value&amp;quot;: &amp;quot;(bebas)&amp;quot;,
    &amp;quot;isDefault&amp;quot;: false,
    &amp;quot;name&amp;quot;: &amp;quot;password&amp;quot;,
    &amp;quot;masked&amp;quot;: false
  }
]</message>
  <nestedLevel>1</nestedLevel>
  <escapedJava>false</escapedJava>
  <property name="executionBindingVariables">[
  {
    &quot;value&quot;: &quot;1\u0027 AND SLEEP(5) --&quot;,
    &quot;isDefault&quot;: false,
    &quot;name&quot;: &quot;email&quot;,
    &quot;masked&quot;: false
  },
  {
    &quot;value&quot;: &quot;(bebas)&quot;,
    &quot;isDefault&quot;: false,
    &quot;name&quot;: &quot;password&quot;,
    &quot;masked&quot;: false
  }
]</property>
</record>
<record>
  <date>2026-05-08T06:34:04.444164Z</date>
  <millis>1778222044444</millis>
  <nanos>164000</nanos>
  <sequence>1228</sequence>
  <level>START</level>
  <class>com.kms.katalon.core.logging.XmlKeywordLogger</class>
  <method>startKeyword</method>
  <thread>1</thread>
  <message>Start action : openBrowser(&amp;quot;&amp;quot;)</message>
  <nestedLevel>1</nestedLevel>
  <escapedJava>false</escapedJava>
  <property name="startLine">20</property>
  <property name="stepIndex">1</property>
</record>
<record>
  <date>2026-05-08T06:34:04.444710Z</date>
  <millis>1778222044444</millis>
  <nanos>710000</nanos>
  <sequence>1231</sequence>
  <level>INFO</level>
  <class>com.kms.katalon.core.logging.XmlKeywordLogger</class>
  <method>logMessage</method>
  <thread>1</thread>
  <message>Starting &amp;apos;Chrome&amp;apos; driver</message>
  <nestedLevel>1</nestedLevel>
  <escapedJava>false</escapedJava>
</record>
<record>
  <date>2026-05-08T06:34:04.445401Z</date>
  <millis>1778222044445</millis>
  <nanos>401000</nanos>
  <sequence>1232</sequence>
  <level>INFO</level>
  <class>com.kms.katalon.core.logging.XmlKeywordLogger</class>
  <method>logMessage</method>
  <thread>1</thread>
  <message>Action delay is set to 0 milliseconds</message>
  <nestedLevel>1</nestedLevel>
  <escapedJava>false</escapedJava>
</record>
<record>
  <date>2026-05-08T06:34:06.190296Z</date>
  <millis>1778222046190</millis>
  <nanos>296000</nanos>
  <sequence>1234</sequence>
  <level>RUN_DATA</level>
  <class>com.kms.katalon.core.logging.XmlKeywordLogger</class>
  <method>logMessage</method>
  <thread>1</thread>
  <message>sessionId = 6eab307a0c6dfaa01f163931d818f443</message>
  <nestedLevel>1</nestedLevel>
  <escapedJava>false</escapedJava>
  <property name="sessionId">6eab307a0c6dfaa01f163931d818f443</property>
</record>
<record>
  <date>2026-05-08T06:34:06.190718Z</date>
  <millis>1778222046190</millis>
  <nanos>718000</nanos>
  <sequence>1235</sequence>
  <level>RUN_DATA</level>
  <class>com.kms.katalon.core.logging.XmlKeywordLogger</class>
  <method>logMessage</method>
  <thread>1</thread>
  <message>browser = Chrome 147.0.7727.138</message>
  <nestedLevel>1</nestedLevel>
  <escapedJava>false</escapedJava>
  <property name="browser">Chrome 147.0.7727.138</property>
</record>
<record>
  <date>2026-05-08T06:34:06.191031Z</date>
  <millis>1778222046191</millis>
  <nanos>31000</nanos>
  <sequence>1236</sequence>
  <level>RUN_DATA</level>
  <class>com.kms.katalon.core.logging.XmlKeywordLogger</class>
  <method>logMessage</method>
  <thread>1</thread>
  <message>platform = Mac OS X</message>
  <nestedLevel>1</nestedLevel>
  <escapedJava>false</escapedJava>
  <property name="platform">Mac OS X</property>
</record>
<record>
  <date>2026-05-08T06:34:06.191588Z</date>
  <millis>1778222046191</millis>
  <nanos>588000</nanos>
  <sequence>1237</sequence>
  <level>RUN_DATA</level>
  <class>com.kms.katalon.core.logging.XmlKeywordLogger</class>
  <method>logMessage</method>
  <thread>1</thread>
  <message>seleniumVersion = 4.39.0</message>
  <nestedLevel>1</nestedLevel>
  <escapedJava>false</escapedJava>
  <property name="seleniumVersion">4.39.0</property>
</record>
<record>
  <date>2026-05-08T06:34:06.191978Z</date>
  <millis>1778222046191</millis>
  <nanos>978000</nanos>
  <sequence>1238</sequence>
  <level>RUN_DATA</level>
  <class>com.kms.katalon.core.logging.XmlKeywordLogger</class>
  <method>logMessage</method>
  <thread>1</thread>
  <message>proxyInformation = ProxyInformation { proxyOption=NO_PROXY, proxyServerType=HTTP, username=, password=********, proxyServerAddress=, proxyServerPort=0, executionList=&amp;quot;&amp;quot;, isApplyToDesiredCapabilities=true }</message>
  <nestedLevel>1</nestedLevel>
  <escapedJava>false</escapedJava>
  <property name="proxyInformation">ProxyInformation { proxyOption=NO_PROXY, proxyServerType=HTTP, username=, password=********, proxyServerAddress=, proxyServerPort=0, executionList=&quot;&quot;, isApplyToDesiredCapabilities=true }</property>
</record>
<record>
  <date>2026-05-08T06:34:06.197088Z</date>
  <millis>1778222046197</millis>
  <nanos>88000</nanos>
  <sequence>1239</sequence>
  <level>PASSED</level>
  <class>com.kms.katalon.core.logging.XmlKeywordLogger</class>
  <method>logMessage</method>
  <thread>1</thread>
  <message>Browser is opened with url: &amp;apos;&amp;apos;</message>
  <nestedLevel>1</nestedLevel>
  <escapedJava>false</escapedJava>
  <property name="testops-method-name">com.kms.katalon.core.webui.keyword.builtin.OpenBrowserKeyword.openBrowser</property>
  <property name="testops-execution-stacktrace"></property>
</record>
<record>
  <date>2026-05-08T06:34:06.197378Z</date>
  <millis>1778222046197</millis>
  <nanos>378000</nanos>
  <sequence>1240</sequence>
  <level>END</level>
  <class>com.kms.katalon.core.logging.XmlKeywordLogger</class>
  <method>endKeyword</method>
  <thread>1</thread>
  <message>End action : openBrowser(&amp;quot;&amp;quot;)</message>
  <nestedLevel>1</nestedLevel>
  <escapedJava>false</escapedJava>
</record>
<record>
  <date>2026-05-08T06:34:06.197434Z</date>
  <millis>1778222046197</millis>
  <nanos>434000</nanos>
  <sequence>1241</sequence>
  <level>START</level>
  <class>com.kms.katalon.core.logging.XmlKeywordLogger</class>
  <method>startKeyword</method>
  <thread>1</thread>
  <message>Start action : navigateToUrl(&amp;quot;https://qwerty.abiyyu.xyz/&amp;quot;)</message>
  <nestedLevel>1</nestedLevel>
  <escapedJava>false</escapedJava>
  <property name="startLine">22</property>
  <property name="stepIndex">2</property>
</record>
<record>
  <date>2026-05-08T06:34:07.102457Z</date>
  <millis>1778222047102</millis>
  <nanos>457000</nanos>
  <sequence>1245</sequence>
  <level>PASSED</level>
  <class>com.kms.katalon.core.logging.XmlKeywordLogger</class>
  <method>logMessage</method>
  <thread>1</thread>
  <message>Navigate to &amp;apos;https://qwerty.abiyyu.xyz/&amp;apos; successfully</message>
  <nestedLevel>1</nestedLevel>
  <escapedJava>false</escapedJava>
  <property name="testops-method-name">com.kms.katalon.core.webui.keyword.builtin.NavigateToUrlKeyword.navigateToUrl</property>
  <property name="testops-execution-stacktrace"></property>
</record>
<record>
  <date>2026-05-08T06:34:07.103536Z</date>
  <millis>1778222047103</millis>
  <nanos>536000</nanos>
  <sequence>1246</sequence>
  <level>END</level>
  <class>com.kms.katalon.core.logging.XmlKeywordLogger</class>
  <method>endKeyword</method>
  <thread>1</thread>
  <message>End action : navigateToUrl(&amp;quot;https://qwerty.abiyyu.xyz/&amp;quot;)</message>
  <nestedLevel>1</nestedLevel>
  <escapedJava>false</escapedJava>
</record>
<record>
  <date>2026-05-08T06:34:07.103756Z</date>
  <millis>1778222047103</millis>
  <nanos>756000</nanos>
  <sequence>1247</sequence>
  <level>START</level>
  <class>com.kms.katalon.core.logging.XmlKeywordLogger</class>
  <method>startKeyword</method>
  <thread>1</thread>
  <message>Start action : click(findTestObject(&amp;quot;Login/icon_sign_in&amp;quot;))</message>
  <nestedLevel>1</nestedLevel>
  <escapedJava>false</escapedJava>
  <property name="startLine">24</property>
  <property name="stepIndex">3</property>
</record>
<record>
  <date>2026-05-08T06:34:07.790214Z</date>
  <millis>1778222047790</millis>
  <nanos>214000</nanos>
  <sequence>1258</sequence>
  <level>PASSED</level>
  <class>com.kms.katalon.core.logging.XmlKeywordLogger</class>
  <method>logMessage</method>
  <thread>1</thread>
  <message>Object: &amp;apos;Object Repository/Login/icon_sign_in&amp;apos; is clicked on</message>
  <nestedLevel>1</nestedLevel>
  <escapedJava>false</escapedJava>
  <property name="testops-method-name">com.kms.katalon.core.webui.keyword.internal.WebUIKeywordMain.runKeywordUntilTimeout</property>
  <property name="testops-execution-stacktrace">com.kms.katalon.core.logging.KeywordLogger.logPassed(KeywordLogger.java:350)
com.kms.katalon.core.logging.KeywordLogger.logPassed(KeywordLogger.java:345)
com.kms.katalon.core.webui.keyword.builtin.ClickKeyword$_click_closure1.doCall(ClickKeyword.groovy:66)
java.base/jdk.internal.reflect.DirectMethodHandleAccessor.invoke(DirectMethodHandleAccessor.java:103)
jdk.proxy2/jdk.proxy2.$Proxy56.execute(Unknown Source)
com.kms.katalon.core.webui.model.SeleniumActionRetryController.performAction(SeleniumActionRetryController.java:96)
com.kms.katalon.core.webui.model.SeleniumActionRetryController.performAction(SeleniumActionRetryController.java:83)
com.kms.katalon.core.webui.keyword.internal.WebUIKeywordMain$_runKeywordUntilTimeout_closure1.doCall(WebUIKeywordMain.groovy:135)
com.kms.katalon.core.webui.keyword.internal.WebUIKeywordMain$_runKeywordUntilTimeout_closure1.call(WebUIKeywordMain.groovy)
com.kms.katalon.core.webui.keyword.internal.WebUIKeywordMain.runKeyword(WebUIKeywordMain.groovy:41)
com.kms.katalon.core.webui.keyword.internal.WebUIKeywordMain.runKeywordUntilTimeout(WebUIKeywordMain.groovy:133)
com.kms.katalon.core.webui.keyword.builtin.ClickKeyword.click(ClickKeyword.groovy:72)
com.kms.katalon.core.webui.keyword.builtin.ClickKeyword.execute(ClickKeyword.groovy:38)
com.kms.katalon.core.keyword.internal.KeywordExecutor.executeKeywordForPlatform(KeywordExecutor.groovy:99)
com.kms.katalon.core.webui.keyword.WebUiBuiltInKeywords.click(WebUiBuiltInKeywords.groovy:722)
Login with SQL-Injection.run(Login with SQL-Injection:24)
</property>
</record>
<record>
  <date>2026-05-08T06:34:07.790875Z</date>
  <millis>1778222047790</millis>
  <nanos>875000</nanos>
  <sequence>1259</sequence>
  <level>END</level>
  <class>com.kms.katalon.core.logging.XmlKeywordLogger</class>
  <method>endKeyword</method>
  <thread>1</thread>
  <message>End action : click(findTestObject(&amp;quot;Login/icon_sign_in&amp;quot;))</message>
  <nestedLevel>1</nestedLevel>
  <escapedJava>false</escapedJava>
</record>
<record>
  <date>2026-05-08T06:34:07.791090Z</date>
  <millis>1778222047791</millis>
  <nanos>90000</nanos>
  <sequence>1260</sequence>
  <level>START</level>
  <class>com.kms.katalon.core.logging.XmlKeywordLogger</class>
  <method>startKeyword</method>
  <thread>1</thread>
  <message>Start action : setText(findTestObject(&amp;quot;Login/email_field&amp;quot;), email)</message>
  <nestedLevel>1</nestedLevel>
  <escapedJava>false</escapedJava>
  <property name="startLine">26</property>
  <property name="stepIndex">4</property>
</record>
<record>
  <date>2026-05-08T06:34:08.939844Z</date>
  <millis>1778222048939</millis>
  <nanos>844000</nanos>
  <sequence>1274</sequence>
  <level>PASSED</level>
  <class>com.kms.katalon.core.logging.XmlKeywordLogger</class>
  <method>logMessage</method>
  <thread>1</thread>
  <message>Text &amp;apos;1&amp;apos; AND SLEEP(5) --&amp;apos; is set on object &amp;apos;Object Repository/Login/email_field&amp;apos;</message>
  <nestedLevel>1</nestedLevel>
  <escapedJava>false</escapedJava>
  <property name="testops-method-name">com.kms.katalon.core.webui.keyword.internal.WebUIKeywordMain.runKeywordUntilTimeout</property>
  <property name="testops-execution-stacktrace">com.kms.katalon.core.logging.KeywordLogger.logPassed(KeywordLogger.java:350)
com.kms.katalon.core.logging.KeywordLogger.logPassed(KeywordLogger.java:345)
com.kms.katalon.core.webui.keyword.builtin.SetTextKeyword$_setText_closure1.doCall(SetTextKeyword.groovy:99)
java.base/jdk.internal.reflect.DirectMethodHandleAccessor.invoke(DirectMethodHandleAccessor.java:103)
jdk.proxy2/jdk.proxy2.$Proxy56.execute(Unknown Source)
com.kms.katalon.core.webui.model.SeleniumActionRetryController.performAction(SeleniumActionRetryController.java:96)
com.kms.katalon.core.webui.model.SeleniumActionRetryController.performAction(SeleniumActionRetryController.java:83)
com.kms.katalon.core.webui.keyword.internal.WebUIKeywordMain$_runKeywordUntilTimeout_closure1.doCall(WebUIKeywordMain.groovy:135)
com.kms.katalon.core.webui.keyword.internal.WebUIKeywordMain$_runKeywordUntilTimeout_closure1.call(WebUIKeywordMain.groovy)
com.kms.katalon.core.webui.keyword.internal.WebUIKeywordMain.runKeyword(WebUIKeywordMain.groovy:41)
com.kms.katalon.core.webui.keyword.internal.WebUIKeywordMain.runKeywordUntilTimeout(WebUIKeywordMain.groovy:133)
com.kms.katalon.core.webui.keyword.builtin.SetTextKeyword.setText(SetTextKeyword.groovy:106)
com.kms.katalon.core.webui.keyword.builtin.SetTextKeyword.execute(SetTextKeyword.groovy:49)
com.kms.katalon.core.keyword.internal.KeywordExecutor.executeKeywordForPlatform(KeywordExecutor.groovy:99)
com.kms.katalon.core.webui.keyword.WebUiBuiltInKeywords.setText(WebUiBuiltInKeywords.groovy:1082)
Login with SQL-Injection.run(Login with SQL-Injection:26)
</property>
</record>
<record>
  <date>2026-05-08T06:34:08.940266Z</date>
  <millis>1778222048940</millis>
  <nanos>266000</nanos>
  <sequence>1275</sequence>
  <level>END</level>
  <class>com.kms.katalon.core.logging.XmlKeywordLogger</class>
  <method>endKeyword</method>
  <thread>1</thread>
  <message>End action : setText(findTestObject(&amp;quot;Login/email_field&amp;quot;), email)</message>
  <nestedLevel>1</nestedLevel>
  <escapedJava>false</escapedJava>
</record>
<record>
  <date>2026-05-08T06:34:08.940346Z</date>
  <millis>1778222048940</millis>
  <nanos>346000</nanos>
  <sequence>1276</sequence>
  <level>START</level>
  <class>com.kms.katalon.core.logging.XmlKeywordLogger</class>
  <method>startKeyword</method>
  <thread>1</thread>
  <message>Start action : setText(findTestObject(&amp;quot;Login/password_field&amp;quot;), password)</message>
  <nestedLevel>1</nestedLevel>
  <escapedJava>false</escapedJava>
  <property name="startLine">28</property>
  <property name="stepIndex">5</property>
</record>
<record>
  <date>2026-05-08T06:34:09.464274Z</date>
  <millis>1778222049464</millis>
  <nanos>274000</nanos>
  <sequence>1290</sequence>
  <level>PASSED</level>
  <class>com.kms.katalon.core.logging.XmlKeywordLogger</class>
  <method>logMessage</method>
  <thread>1</thread>
  <message>Text &amp;apos;(bebas)&amp;apos; is set on object &amp;apos;Object Repository/Login/password_field&amp;apos;</message>
  <nestedLevel>1</nestedLevel>
  <escapedJava>false</escapedJava>
  <property name="testops-method-name">com.kms.katalon.core.webui.keyword.internal.WebUIKeywordMain.runKeywordUntilTimeout</property>
  <property name="testops-execution-stacktrace">com.kms.katalon.core.logging.KeywordLogger.logPassed(KeywordLogger.java:350)
com.kms.katalon.core.logging.KeywordLogger.logPassed(KeywordLogger.java:345)
com.kms.katalon.core.webui.keyword.builtin.SetTextKeyword$_setText_closure1.doCall(SetTextKeyword.groovy:99)
java.base/jdk.internal.reflect.DirectMethodHandleAccessor.invoke(DirectMethodHandleAccessor.java:103)
jdk.proxy2/jdk.proxy2.$Proxy56.execute(Unknown Source)
com.kms.katalon.core.webui.model.SeleniumActionRetryController.performAction(SeleniumActionRetryController.java:96)
com.kms.katalon.core.webui.model.SeleniumActionRetryController.performAction(SeleniumActionRetryController.java:83)
com.kms.katalon.core.webui.keyword.internal.WebUIKeywordMain$_runKeywordUntilTimeout_closure1.doCall(WebUIKeywordMain.groovy:135)
com.kms.katalon.core.webui.keyword.internal.WebUIKeywordMain$_runKeywordUntilTimeout_closure1.call(WebUIKeywordMain.groovy)
com.kms.katalon.core.webui.keyword.internal.WebUIKeywordMain.runKeyword(WebUIKeywordMain.groovy:41)
com.kms.katalon.core.webui.keyword.internal.WebUIKeywordMain.runKeywordUntilTimeout(WebUIKeywordMain.groovy:133)
com.kms.katalon.core.webui.keyword.builtin.SetTextKeyword.setText(SetTextKeyword.groovy:106)
com.kms.katalon.core.webui.keyword.builtin.SetTextKeyword.execute(SetTextKeyword.groovy:49)
com.kms.katalon.core.keyword.internal.KeywordExecutor.executeKeywordForPlatform(KeywordExecutor.groovy:99)
com.kms.katalon.core.webui.keyword.WebUiBuiltInKeywords.setText(WebUiBuiltInKeywords.groovy:1082)
Login with SQL-Injection.run(Login with SQL-Injection:28)
</property>
</record>
<record>
  <date>2026-05-08T06:34:09.464755Z</date>
  <millis>1778222049464</millis>
  <nanos>755000</nanos>
  <sequence>1291</sequence>
  <level>END</level>
  <class>com.kms.katalon.core.logging.XmlKeywordLogger</class>
  <method>endKeyword</method>
  <thread>1</thread>
  <message>End action : setText(findTestObject(&amp;quot;Login/password_field&amp;quot;), password)</message>
  <nestedLevel>1</nestedLevel>
  <escapedJava>false</escapedJava>
</record>
<record>
  <date>2026-05-08T06:34:09.464828Z</date>
  <millis>1778222049464</millis>
  <nanos>828000</nanos>
  <sequence>1292</sequence>
  <level>START</level>
  <class>com.kms.katalon.core.logging.XmlKeywordLogger</class>
  <method>startKeyword</method>
  <thread>1</thread>
  <message>Start action : click(findTestObject(&amp;quot;Login/btn_sign_in&amp;quot;), STOP_ON_FAILURE)</message>
  <nestedLevel>1</nestedLevel>
  <escapedJava>false</escapedJava>
  <property name="startLine">30</property>
  <property name="stepIndex">6</property>
</record>
<record>
  <date>2026-05-08T06:34:09.729746Z</date>
  <millis>1778222049729</millis>
  <nanos>746000</nanos>
  <sequence>1303</sequence>
  <level>PASSED</level>
  <class>com.kms.katalon.core.logging.XmlKeywordLogger</class>
  <method>logMessage</method>
  <thread>1</thread>
  <message>Object: &amp;apos;Object Repository/Login/btn_sign_in&amp;apos; is clicked on</message>
  <nestedLevel>1</nestedLevel>
  <escapedJava>false</escapedJava>
  <property name="testops-method-name">com.kms.katalon.core.webui.keyword.internal.WebUIKeywordMain.runKeywordUntilTimeout</property>
  <property name="testops-execution-stacktrace">com.kms.katalon.core.logging.KeywordLogger.logPassed(KeywordLogger.java:350)
com.kms.katalon.core.logging.KeywordLogger.logPassed(KeywordLogger.java:345)
com.kms.katalon.core.webui.keyword.builtin.ClickKeyword$_click_closure1.doCall(ClickKeyword.groovy:66)
java.base/jdk.internal.reflect.DirectMethodHandleAccessor.invoke(DirectMethodHandleAccessor.java:103)
jdk.proxy2/jdk.proxy2.$Proxy56.execute(Unknown Source)
com.kms.katalon.core.webui.model.SeleniumActionRetryController.performAction(SeleniumActionRetryController.java:96)
com.kms.katalon.core.webui.model.SeleniumActionRetryController.performAction(SeleniumActionRetryController.java:83)
com.kms.katalon.core.webui.keyword.internal.WebUIKeywordMain$_runKeywordUntilTimeout_closure1.doCall(WebUIKeywordMain.groovy:135)
com.kms.katalon.core.webui.keyword.internal.WebUIKeywordMain$_runKeywordUntilTimeout_closure1.call(WebUIKeywordMain.groovy)
com.kms.katalon.core.webui.keyword.internal.WebUIKeywordMain.runKeyword(WebUIKeywordMain.groovy:41)
com.kms.katalon.core.webui.keyword.internal.WebUIKeywordMain.runKeywordUntilTimeout(WebUIKeywordMain.groovy:133)
com.kms.katalon.core.webui.keyword.builtin.ClickKeyword.click(ClickKeyword.groovy:72)
com.kms.katalon.core.webui.keyword.builtin.ClickKeyword.execute(ClickKeyword.groovy:38)
com.kms.katalon.core.keyword.internal.KeywordExecutor.executeKeywordForPlatform(KeywordExecutor.groovy:99)
com.kms.katalon.core.webui.keyword.WebUiBuiltInKeywords.click(WebUiBuiltInKeywords.groovy:685)
Login with SQL-Injection.run(Login with SQL-Injection:30)
</property>
</record>
<record>
  <date>2026-05-08T06:34:09.730379Z</date>
  <millis>1778222049730</millis>
  <nanos>379000</nanos>
  <sequence>1304</sequence>
  <level>END</level>
  <class>com.kms.katalon.core.logging.XmlKeywordLogger</class>
  <method>endKeyword</method>
  <thread>1</thread>
  <message>End action : click(findTestObject(&amp;quot;Login/btn_sign_in&amp;quot;), STOP_ON_FAILURE)</message>
  <nestedLevel>1</nestedLevel>
  <escapedJava>false</escapedJava>
</record>
<record>
  <date>2026-05-08T06:34:09.730483Z</date>
  <millis>1778222049730</millis>
  <nanos>483000</nanos>
  <sequence>1305</sequence>
  <level>START</level>
  <class>com.kms.katalon.core.logging.XmlKeywordLogger</class>
  <method>startKeyword</method>
  <thread>1</thread>
  <message>Start action : click(findTestObject(&amp;quot;Login/page_login&amp;quot;))</message>
  <nestedLevel>1</nestedLevel>
  <escapedJava>false</escapedJava>
  <property name="startLine">32</property>
  <property name="stepIndex">7</property>
</record>
<record>
  <date>2026-05-08T06:34:10.000220Z</date>
  <millis>1778222050000</millis>
  <nanos>220000</nanos>
  <sequence>1316</sequence>
  <level>PASSED</level>
  <class>com.kms.katalon.core.logging.XmlKeywordLogger</class>
  <method>logMessage</method>
  <thread>1</thread>
  <message>Object: &amp;apos;Object Repository/Login/page_login&amp;apos; is clicked on</message>
  <nestedLevel>1</nestedLevel>
  <escapedJava>false</escapedJava>
  <property name="testops-method-name">com.kms.katalon.core.webui.keyword.internal.WebUIKeywordMain.runKeywordUntilTimeout</property>
  <property name="testops-execution-stacktrace">com.kms.katalon.core.logging.KeywordLogger.logPassed(KeywordLogger.java:350)
com.kms.katalon.core.logging.KeywordLogger.logPassed(KeywordLogger.java:345)
com.kms.katalon.core.webui.keyword.builtin.ClickKeyword$_click_closure1.doCall(ClickKeyword.groovy:66)
java.base/jdk.internal.reflect.DirectMethodHandleAccessor.invoke(DirectMethodHandleAccessor.java:103)
jdk.proxy2/jdk.proxy2.$Proxy56.execute(Unknown Source)
com.kms.katalon.core.webui.model.SeleniumActionRetryController.performAction(SeleniumActionRetryController.java:96)
com.kms.katalon.core.webui.model.SeleniumActionRetryController.performAction(SeleniumActionRetryController.java:83)
com.kms.katalon.core.webui.keyword.internal.WebUIKeywordMain$_runKeywordUntilTimeout_closure1.doCall(WebUIKeywordMain.groovy:135)
com.kms.katalon.core.webui.keyword.internal.WebUIKeywordMain$_runKeywordUntilTimeout_closure1.call(WebUIKeywordMain.groovy)
com.kms.katalon.core.webui.keyword.internal.WebUIKeywordMain.runKeyword(WebUIKeywordMain.groovy:41)
com.kms.katalon.core.webui.keyword.internal.WebUIKeywordMain.runKeywordUntilTimeout(WebUIKeywordMain.groovy:133)
com.kms.katalon.core.webui.keyword.builtin.ClickKeyword.click(ClickKeyword.groovy:72)
com.kms.katalon.core.webui.keyword.builtin.ClickKeyword.execute(ClickKeyword.groovy:38)
com.kms.katalon.core.keyword.internal.KeywordExecutor.executeKeywordForPlatform(KeywordExecutor.groovy:99)
com.kms.katalon.core.webui.keyword.WebUiBuiltInKeywords.click(WebUiBuiltInKeywords.groovy:722)
Login with SQL-Injection.run(Login with SQL-Injection:32)
</property>
</record>
<record>
  <date>2026-05-08T06:34:10.000744Z</date>
  <millis>1778222050000</millis>
  <nanos>744000</nanos>
  <sequence>1317</sequence>
  <level>END</level>
  <class>com.kms.katalon.core.logging.XmlKeywordLogger</class>
  <method>endKeyword</method>
  <thread>1</thread>
  <message>End action : click(findTestObject(&amp;quot;Login/page_login&amp;quot;))</message>
  <nestedLevel>1</nestedLevel>
  <escapedJava>false</escapedJava>
</record>
<record>
  <date>2026-05-08T06:34:10.000832Z</date>
  <millis>1778222050000</millis>
  <nanos>832000</nanos>
  <sequence>1318</sequence>
  <level>START</level>
  <class>com.kms.katalon.core.logging.XmlKeywordLogger</class>
  <method>startKeyword</method>
  <thread>1</thread>
  <message>Start action : closeBrowser()</message>
  <nestedLevel>1</nestedLevel>
  <escapedJava>false</escapedJava>
  <property name="startLine">34</property>
  <property name="stepIndex">8</property>
</record>
<record>
  <date>2026-05-08T06:34:10.100125Z</date>
  <millis>1778222050100</millis>
  <nanos>125000</nanos>
  <sequence>1321</sequence>
  <level>PASSED</level>
  <class>com.kms.katalon.core.logging.XmlKeywordLogger</class>
  <method>logMessage</method>
  <thread>1</thread>
  <message>Browser is closed</message>
  <nestedLevel>1</nestedLevel>
  <escapedJava>false</escapedJava>
  <property name="testops-method-name">com.kms.katalon.core.webui.keyword.builtin.CloseBrowserKeyword.closeBrowser</property>
  <property name="testops-execution-stacktrace"></property>
</record>
<record>
  <date>2026-05-08T06:34:10.100348Z</date>
  <millis>1778222050100</millis>
  <nanos>348000</nanos>
  <sequence>1322</sequence>
  <level>END</level>
  <class>com.kms.katalon.core.logging.XmlKeywordLogger</class>
  <method>endKeyword</method>
  <thread>1</thread>
  <message>End action : closeBrowser()</message>
  <nestedLevel>1</nestedLevel>
  <escapedJava>false</escapedJava>
</record>
<record>
  <date>2026-05-08T06:34:10.100462Z</date>
  <millis>1778222050100</millis>
  <nanos>462000</nanos>
  <sequence>1323</sequence>
  <level>PASSED</level>
  <class>com.kms.katalon.core.logging.XmlKeywordLogger</class>
  <method>logMessage</method>
  <thread>1</thread>
  <message>Test Cases/Login Verification/Login with SQL-Injection</message>
  <nestedLevel>1</nestedLevel>
  <escapedJava>false</escapedJava>
</record>
<record>
  <date>2026-05-08T06:34:10.100891Z</date>
  <millis>1778222050100</millis>
  <nanos>891000</nanos>
  <sequence>1324</sequence>
  <level>END</level>
  <class>com.kms.katalon.core.logging.XmlKeywordLogger</class>
  <method>endTest</method>
  <thread>1</thread>
  <message>End Test Case : Test Cases/Login Verification/Login with SQL-Injection</message>
  <nestedLevel>0</nestedLevel>
  <escapedJava>false</escapedJava>
  <property name="executionBindingVariables">[
  {
    &quot;value&quot;: &quot;1\u0027 AND SLEEP(5) --&quot;,
    &quot;isDefault&quot;: false,
    &quot;name&quot;: &quot;email&quot;,
    &quot;masked&quot;: false
  },
  {
    &quot;value&quot;: &quot;(bebas)&quot;,
    &quot;isDefault&quot;: false,
    &quot;name&quot;: &quot;password&quot;,
    &quot;masked&quot;: false
  }
]</property>
  <property name="applitools">false</property>
  <property name="remainingRetryCount">3</property>
  <property name="executedKeywords">{
  &quot;WebUI.closeBrowser&quot;: 1,
  &quot;WebUI.navigateToUrl&quot;: 1,
  &quot;WebUI.click&quot;: 3,
  &quot;WebUI.openBrowser&quot;: 1,
  &quot;WebUI.setText&quot;: 2
}</property>
  <property name="currentRetryCount">0</property>
  <property name="keywordsUsage">{
  &quot;web_ui&quot;: true,
  &quot;web_service&quot;: false,
  &quot;cucumber&quot;: false,
  &quot;builtin&quot;: false,
  &quot;mobile&quot;: false,
  &quot;windows&quot;: false,
  &quot;testng&quot;: false
}</property>
</record>
<record>
  <date>2026-05-08T06:34:10.116134Z</date>
  <millis>1778222050116</millis>
  <nanos>134000</nanos>
  <sequence>1325</sequence>
  <level>END</level>
  <class>com.kms.katalon.core.logging.XmlKeywordLogger</class>
  <method>endSuite</method>
  <thread>1</thread>
  <message>End Test Suite : Test Suites/Login</message>
  <nestedLevel>0</nestedLevel>
  <escapedJava>false</escapedJava>
</record>
<record>
  <date>2026-05-08T07:06:08.713017Z</date>
  <millis>1778223968713</millis>
  <nanos>17000</nanos>
  <sequence>1274</sequence>
  <level>INFO</level>
  <class>com.kms.katalon.core.logging.XmlKeywordLogger</class>
  <method>logMessage</method>
  <thread>1721</thread>
  <message>Action delay is set to 0 milliseconds</message>
  <nestedLevel>0</nestedLevel>
  <escapedJava>false</escapedJava>
</record>
<record>
  <date>2026-05-08T07:06:50.695763Z</date>
  <millis>1778224010695</millis>
  <nanos>763000</nanos>
  <sequence>1277</sequence>
  <level>INFO</level>
  <class>com.kms.katalon.core.logging.XmlKeywordLogger</class>
  <method>logMessage</method>
  <thread>1780</thread>
  <message>Action delay is set to 0 milliseconds</message>
  <nestedLevel>0</nestedLevel>
  <escapedJava>false</escapedJava>
</record>
<record>
  <date>2026-05-08T08:00:20.398034Z</date>
  <millis>1778227220398</millis>
  <nanos>34000</nanos>
  <sequence>4292</sequence>
  <level>INFO</level>
  <class>com.kms.katalon.core.logging.XmlKeywordLogger</class>
  <method>logMessage</method>
  <thread>9639</thread>
  <message>Action delay is set to 0 milliseconds</message>
  <nestedLevel>0</nestedLevel>
  <escapedJava>false</escapedJava>
</record>
<record>
  <date>2026-05-08T08:02:03.285865Z</date>
  <millis>1778227323285</millis>
  <nanos>865000</nanos>
  <sequence>4347</sequence>
  <level>INFO</level>
  <class>com.kms.katalon.core.logging.XmlKeywordLogger</class>
  <method>logMessage</method>
  <thread>10303</thread>
  <message>Action delay is set to 0 milliseconds</message>
  <nestedLevel>0</nestedLevel>
  <escapedJava>false</escapedJava>
</record>
<record>
  <date>2026-05-08T08:04:11.173133Z</date>
  <millis>1778227451173</millis>
  <nanos>133000</nanos>
  <sequence>4395</sequence>
  <level>INFO</level>
  <class>com.kms.katalon.core.logging.XmlKeywordLogger</class>
  <method>logMessage</method>
  <thread>11251</thread>
  <message>Action delay is set to 0 milliseconds</message>
  <nestedLevel>0</nestedLevel>
  <escapedJava>false</escapedJava>
</record>
<record>
  <date>2026-05-08T08:06:27.367766Z</date>
  <millis>1778227587367</millis>
  <nanos>766000</nanos>
  <sequence>4428</sequence>
  <level>INFO</level>
  <class>com.kms.katalon.core.logging.XmlKeywordLogger</class>
  <method>logMessage</method>
  <thread>11469</thread>
  <message>Action delay is set to 0 milliseconds</message>
  <nestedLevel>0</nestedLevel>
  <escapedJava>false</escapedJava>
</record>
<record>
  <date>2026-05-08T08:06:31.642074Z</date>
  <millis>1778227591642</millis>
  <nanos>74000</nanos>
  <sequence>4431</sequence>
  <level>INFO</level>
  <class>com.kms.katalon.core.logging.XmlKeywordLogger</class>
  <method>logMessage</method>
  <thread>11508</thread>
  <message>Action delay is set to 0 milliseconds</message>
  <nestedLevel>0</nestedLevel>
  <escapedJava>false</escapedJava>
</record>
<record>
  <date>2026-05-08T08:32:49.673259Z</date>
  <millis>1778229169673</millis>
  <nanos>259000</nanos>
  <sequence>4478</sequence>
  <level>INFO</level>
  <class>com.kms.katalon.core.logging.XmlKeywordLogger</class>
  <method>logMessage</method>
  <thread>12978</thread>
  <message>Action delay is set to 0 milliseconds</message>
  <nestedLevel>0</nestedLevel>
  <escapedJava>false</escapedJava>
</record>
<record>
  <date>2026-05-08T08:32:53.404627Z</date>
  <millis>1778229173404</millis>
  <nanos>627000</nanos>
  <sequence>4481</sequence>
  <level>INFO</level>
  <class>com.kms.katalon.core.logging.XmlKeywordLogger</class>
  <method>logMessage</method>
  <thread>13011</thread>
  <message>Action delay is set to 0 milliseconds</message>
  <nestedLevel>0</nestedLevel>
  <escapedJava>false</escapedJava>
</record>
<record>
  <date>2026-05-08T08:51:28.306419Z</date>
  <millis>1778230288306</millis>
  <nanos>419000</nanos>
  <sequence>5152</sequence>
  <level>INFO</level>
  <class>com.kms.katalon.core.logging.XmlKeywordLogger</class>
  <method>logMessage</method>
  <thread>18019</thread>
  <message>Action delay is set to 0 milliseconds</message>
  <nestedLevel>0</nestedLevel>
  <escapedJava>false</escapedJava>
</record>
<record>
  <date>2026-05-08T08:51:29.639994Z</date>
  <millis>1778230289639</millis>
  <nanos>994000</nanos>
  <sequence>5155</sequence>
  <level>INFO</level>
  <class>com.kms.katalon.core.logging.XmlKeywordLogger</class>
  <method>logMessage</method>
  <thread>18036</thread>
  <message>Action delay is set to 0 milliseconds</message>
  <nestedLevel>0</nestedLevel>
  <escapedJava>false</escapedJava>
</record>
<record>
  <date>2026-05-08T23:10:06.249887Z</date>
  <millis>1778281806249</millis>
  <nanos>887000</nanos>
  <sequence>5158</sequence>
  <level>INFO</level>
  <class>com.kms.katalon.core.logging.XmlKeywordLogger</class>
  <method>logMessage</method>
  <thread>18939</thread>
  <message>Action delay is set to 0 milliseconds</message>
  <nestedLevel>0</nestedLevel>
  <escapedJava>false</escapedJava>
</record>
<record>
  <date>2026-05-08T23:29:10.724643Z</date>
  <millis>1778282950724</millis>
  <nanos>643000</nanos>
  <sequence>5640</sequence>
  <level>INFO</level>
  <class>com.kms.katalon.core.logging.XmlKeywordLogger</class>
  <method>logMessage</method>
  <thread>21508</thread>
  <message>Action delay is set to 0 milliseconds</message>
  <nestedLevel>0</nestedLevel>
  <escapedJava>false</escapedJava>
</record>
<record>
  <date>2026-05-09T00:30:15.930726Z</date>
  <millis>1778286615930</millis>
  <nanos>726000</nanos>
  <sequence>8079</sequence>
  <level>INFO</level>
  <class>com.kms.katalon.core.logging.XmlKeywordLogger</class>
  <method>logMessage</method>
  <thread>30744</thread>
  <message>Action delay is set to 0 milliseconds</message>
  <nestedLevel>0</nestedLevel>
  <escapedJava>false</escapedJava>
</record>
<record>
  <date>2026-05-09T00:44:55.920135Z</date>
  <millis>1778287495920</millis>
  <nanos>135000</nanos>
  <sequence>8590</sequence>
  <level>INFO</level>
  <class>com.kms.katalon.core.logging.XmlKeywordLogger</class>
  <method>logMessage</method>
  <thread>32778</thread>
  <message>Action delay is set to 0 milliseconds</message>
  <nestedLevel>0</nestedLevel>
  <escapedJava>false</escapedJava>
</record>
<record>
  <date>2026-05-09T01:01:36.929038Z</date>
  <millis>1778288496929</millis>
  <nanos>38000</nanos>
  <sequence>9016</sequence>
  <level>INFO</level>
  <class>com.kms.katalon.core.logging.XmlKeywordLogger</class>
  <method>logMessage</method>
  <thread>34044</thread>
  <message>Action delay is set to 0 milliseconds</message>
  <nestedLevel>0</nestedLevel>
  <escapedJava>false</escapedJava>
</record>
<record>
  <date>2026-05-09T01:12:28.354827Z</date>
  <millis>1778289148354</millis>
  <nanos>827000</nanos>
  <sequence>9019</sequence>
  <level>INFO</level>
  <class>com.kms.katalon.core.logging.XmlKeywordLogger</class>
  <method>logMessage</method>
  <thread>34371</thread>
  <message>Action delay is set to 0 milliseconds</message>
  <nestedLevel>0</nestedLevel>
  <escapedJava>false</escapedJava>
</record>
<record>
  <date>2026-05-09T01:22:02.931102Z</date>
  <millis>1778289722931</millis>
  <nanos>102000</nanos>
  <sequence>9047</sequence>
  <level>INFO</level>
  <class>com.kms.katalon.core.logging.XmlKeywordLogger</class>
  <method>logMessage</method>
  <thread>35199</thread>
  <message>Action delay is set to 0 milliseconds</message>
  <nestedLevel>0</nestedLevel>
  <escapedJava>false</escapedJava>
</record>
<record>
  <date>2026-05-09T01:54:01.120016Z</date>
  <millis>1778291641120</millis>
  <nanos>16000</nanos>
  <sequence>10301</sequence>
  <level>INFO</level>
  <class>com.kms.katalon.core.logging.XmlKeywordLogger</class>
  <method>logMessage</method>
  <thread>41750</thread>
  <message>Action delay is set to 0 milliseconds</message>
  <nestedLevel>0</nestedLevel>
  <escapedJava>false</escapedJava>
</record>
<record>
  <date>2026-05-09T01:54:36.601851Z</date>
  <millis>1778291676601</millis>
  <nanos>851000</nanos>
  <sequence>10304</sequence>
  <level>INFO</level>
  <class>com.kms.katalon.core.logging.XmlKeywordLogger</class>
  <method>logMessage</method>
  <thread>41835</thread>
  <message>Action delay is set to 0 milliseconds</message>
  <nestedLevel>0</nestedLevel>
  <escapedJava>false</escapedJava>
</record>
</log>