<?xml version="1.0" encoding="UTF-8" standalone="no"?>
<!DOCTYPE log SYSTEM "logger.dtd">
<log>
<record>
  <date>2026-05-07T05:19:46.913191Z</date>
  <millis>1778131186913</millis>
  <nanos>191000</nanos>
  <sequence>0</sequence>
  <level>START</level>
  <class>com.kms.katalon.core.logging.XmlKeywordLogger</class>
  <method>startSuite</method>
  <thread>1</thread>
  <message>Start Test Suite : Test Suites/Login</message>
  <nestedLevel>0</nestedLevel>
  <escapedJava>false</escapedJava>
  <property name="rerunTestFailImmediately">true</property>
  <property name="retryCount">3</property>
  <property name="name">Login</property>
  <property name="description"></property>
  <property name="id">Test Suites/Login</property>
</record>
<record>
  <date>2026-05-07T05:19:46.919006Z</date>
  <millis>1778131186919</millis>
  <nanos>6000</nanos>
  <sequence>1</sequence>
  <level>RUN_DATA</level>
  <class>com.kms.katalon.core.logging.XmlKeywordLogger</class>
  <method>logMessage</method>
  <thread>1</thread>
  <message>userFullName = Muhammad Faza Abiyyu</message>
  <nestedLevel>0</nestedLevel>
  <escapedJava>false</escapedJava>
  <property name="userFullName">Muhammad Faza Abiyyu</property>
</record>
<record>
  <date>2026-05-07T05:19:46.919256Z</date>
  <millis>1778131186919</millis>
  <nanos>256000</nanos>
  <sequence>2</sequence>
  <level>RUN_DATA</level>
  <class>com.kms.katalon.core.logging.XmlKeywordLogger</class>
  <method>logMessage</method>
  <thread>1</thread>
  <message>projectName = KATALON_QWERTY</message>
  <nestedLevel>0</nestedLevel>
  <escapedJava>false</escapedJava>
  <property name="projectName">KATALON_QWERTY</property>
</record>
<record>
  <date>2026-05-07T05:19:46.919451Z</date>
  <millis>1778131186919</millis>
  <nanos>451000</nanos>
  <sequence>3</sequence>
  <level>RUN_DATA</level>
  <class>com.kms.katalon.core.logging.XmlKeywordLogger</class>
  <method>logMessage</method>
  <thread>1</thread>
  <message>hostName = fazza_abiyyu - 192.168.18.56</message>
  <nestedLevel>0</nestedLevel>
  <escapedJava>false</escapedJava>
  <property name="hostName">fazza_abiyyu - 192.168.18.56</property>
</record>
<record>
  <date>2026-05-07T05:19:46.919644Z</date>
  <millis>1778131186919</millis>
  <nanos>644000</nanos>
  <sequence>4</sequence>
  <level>RUN_DATA</level>
  <class>com.kms.katalon.core.logging.XmlKeywordLogger</class>
  <method>logMessage</method>
  <thread>1</thread>
  <message>os = Mac OS X 64bit</message>
  <nestedLevel>0</nestedLevel>
  <escapedJava>false</escapedJava>
  <property name="os">Mac OS X 64bit</property>
</record>
<record>
  <date>2026-05-07T05:19:46.919820Z</date>
  <millis>1778131186919</millis>
  <nanos>820000</nanos>
  <sequence>5</sequence>
  <level>RUN_DATA</level>
  <class>com.kms.katalon.core.logging.XmlKeywordLogger</class>
  <method>logMessage</method>
  <thread>1</thread>
  <message>hostAddress = 192.168.18.56</message>
  <nestedLevel>0</nestedLevel>
  <escapedJava>false</escapedJava>
  <property name="hostAddress">192.168.18.56</property>
</record>
<record>
  <date>2026-05-07T05:19:46.920067Z</date>
  <millis>1778131186920</millis>
  <nanos>67000</nanos>
  <sequence>6</sequence>
  <level>RUN_DATA</level>
  <class>com.kms.katalon.core.logging.XmlKeywordLogger</class>
  <method>logMessage</method>
  <thread>1</thread>
  <message>katalonVersion = 11.1.2.0</message>
  <nestedLevel>0</nestedLevel>
  <escapedJava>false</escapedJava>
  <property name="katalonVersion">11.1.2.0</property>
</record>
<record>
  <date>2026-05-07T05:19:46.961403Z</date>
  <millis>1778131186961</millis>
  <nanos>403000</nanos>
  <sequence>7</sequence>
  <level>START</level>
  <class>com.kms.katalon.core.logging.XmlKeywordLogger</class>
  <method>startTest</method>
  <thread>1</thread>
  <message>Start Test Case : Test Cases/Login Verification/Login with valid credentials</message>
  <nestedLevel>1</nestedLevel>
  <escapedJava>false</escapedJava>
  <property name="remainingRetryCount">3</property>
  <property name="origin">WEB_RECORDER</property>
  <property name="name">Test Cases/Login Verification/Login with valid credentials</property>
  <property name="description"></property>
  <property name="iteration"></property>
  <property name="id">Test Cases/Login Verification/Login with valid credentials</property>
  <property name="source">\Users\fazza_abiyyu\Documents\Projects\Hobby\KATALON_QWERTY\Test Cases\Login Verification\Login with valid credentials.tc</property>
  <property name="tag">auth</property>
  <property name="isOptional">false</property>
  <property name="uuid">c166f1f0-54fe-4bb9-ba34-62658504a508</property>
  <property name="currentRetryCount">0</property>
</record>
<record>
  <date>2026-05-07T05:19:46.970872Z</date>
  <millis>1778131186970</millis>
  <nanos>872000</nanos>
  <sequence>9</sequence>
  <level>INFO</level>
  <class>com.kms.katalon.core.logging.XmlKeywordLogger</class>
  <method>logMessage</method>
  <thread>1</thread>
  <message>email = test01@qwerty.com</message>
  <nestedLevel>1</nestedLevel>
  <escapedJava>false</escapedJava>
</record>
<record>
  <date>2026-05-07T05:19:46.971183Z</date>
  <millis>1778131186971</millis>
  <nanos>183000</nanos>
  <sequence>10</sequence>
  <level>INFO</level>
  <class>com.kms.katalon.core.logging.XmlKeywordLogger</class>
  <method>logMessage</method>
  <thread>1</thread>
  <message>password = User@001</message>
  <nestedLevel>1</nestedLevel>
  <escapedJava>false</escapedJava>
</record>
<record>
  <date>2026-05-07T05:19:46.971916Z</date>
  <millis>1778131186971</millis>
  <nanos>916000</nanos>
  <sequence>11</sequence>
  <level>RUN_DATA</level>
  <class>com.kms.katalon.core.logging.XmlKeywordLogger</class>
  <method>logMessage</method>
  <thread>1</thread>
  <message>executionBindingVariables = [
  {
    &amp;quot;value&amp;quot;: &amp;quot;test01@qwerty.com&amp;quot;,
    &amp;quot;isDefault&amp;quot;: false,
    &amp;quot;name&amp;quot;: &amp;quot;email&amp;quot;,
    &amp;quot;masked&amp;quot;: false
  },
  {
    &amp;quot;value&amp;quot;: &amp;quot;User@001&amp;quot;,
    &amp;quot;isDefault&amp;quot;: false,
    &amp;quot;name&amp;quot;: &amp;quot;password&amp;quot;,
    &amp;quot;masked&amp;quot;: false
  }
]</message>
  <nestedLevel>1</nestedLevel>
  <escapedJava>false</escapedJava>
  <property name="executionBindingVariables">[
  {
    &quot;value&quot;: &quot;test01@qwerty.com&quot;,
    &quot;isDefault&quot;: false,
    &quot;name&quot;: &quot;email&quot;,
    &quot;masked&quot;: false
  },
  {
    &quot;value&quot;: &quot;User@001&quot;,
    &quot;isDefault&quot;: false,
    &quot;name&quot;: &quot;password&quot;,
    &quot;masked&quot;: false
  }
]</property>
</record>
<record>
  <date>2026-05-07T05:19:47.072053Z</date>
  <millis>1778131187072</millis>
  <nanos>53000</nanos>
  <sequence>12</sequence>
  <level>START</level>
  <class>com.kms.katalon.core.logging.XmlKeywordLogger</class>
  <method>startKeyword</method>
  <thread>1</thread>
  <message>Start action : openBrowser(&amp;quot;&amp;quot;)</message>
  <nestedLevel>1</nestedLevel>
  <escapedJava>false</escapedJava>
  <property name="startLine">20</property>
  <property name="stepIndex">1</property>
</record>
<record>
  <date>2026-05-07T05:19:47.136106Z</date>
  <millis>1778131187136</millis>
  <nanos>106000</nanos>
  <sequence>15</sequence>
  <level>INFO</level>
  <class>com.kms.katalon.core.logging.XmlKeywordLogger</class>
  <method>logMessage</method>
  <thread>1</thread>
  <message>Starting &amp;apos;Chrome&amp;apos; driver</message>
  <nestedLevel>1</nestedLevel>
  <escapedJava>false</escapedJava>
</record>
<record>
  <date>2026-05-07T05:19:47.147254Z</date>
  <millis>1778131187147</millis>
  <nanos>254000</nanos>
  <sequence>16</sequence>
  <level>INFO</level>
  <class>com.kms.katalon.core.logging.XmlKeywordLogger</class>
  <method>logMessage</method>
  <thread>1</thread>
  <message>Action delay is set to 0 milliseconds</message>
  <nestedLevel>1</nestedLevel>
  <escapedJava>false</escapedJava>
</record>
<record>
  <date>2026-05-07T05:19:48.712456Z</date>
  <millis>1778131188712</millis>
  <nanos>456000</nanos>
  <sequence>18</sequence>
  <level>RUN_DATA</level>
  <class>com.kms.katalon.core.logging.XmlKeywordLogger</class>
  <method>logMessage</method>
  <thread>1</thread>
  <message>sessionId = 13c960a10acf7a2987cd3714a4d040d1</message>
  <nestedLevel>1</nestedLevel>
  <escapedJava>false</escapedJava>
  <property name="sessionId">13c960a10acf7a2987cd3714a4d040d1</property>
</record>
<record>
  <date>2026-05-07T05:19:48.712813Z</date>
  <millis>1778131188712</millis>
  <nanos>813000</nanos>
  <sequence>19</sequence>
  <level>RUN_DATA</level>
  <class>com.kms.katalon.core.logging.XmlKeywordLogger</class>
  <method>logMessage</method>
  <thread>1</thread>
  <message>browser = Chrome 147.0.7727.138</message>
  <nestedLevel>1</nestedLevel>
  <escapedJava>false</escapedJava>
  <property name="browser">Chrome 147.0.7727.138</property>
</record>
<record>
  <date>2026-05-07T05:19:48.712967Z</date>
  <millis>1778131188712</millis>
  <nanos>967000</nanos>
  <sequence>20</sequence>
  <level>RUN_DATA</level>
  <class>com.kms.katalon.core.logging.XmlKeywordLogger</class>
  <method>logMessage</method>
  <thread>1</thread>
  <message>platform = Mac OS X</message>
  <nestedLevel>1</nestedLevel>
  <escapedJava>false</escapedJava>
  <property name="platform">Mac OS X</property>
</record>
<record>
  <date>2026-05-07T05:19:48.713208Z</date>
  <millis>1778131188713</millis>
  <nanos>208000</nanos>
  <sequence>21</sequence>
  <level>RUN_DATA</level>
  <class>com.kms.katalon.core.logging.XmlKeywordLogger</class>
  <method>logMessage</method>
  <thread>1</thread>
  <message>seleniumVersion = 4.39.0</message>
  <nestedLevel>1</nestedLevel>
  <escapedJava>false</escapedJava>
  <property name="seleniumVersion">4.39.0</property>
</record>
<record>
  <date>2026-05-07T05:19:48.714790Z</date>
  <millis>1778131188714</millis>
  <nanos>790000</nanos>
  <sequence>22</sequence>
  <level>RUN_DATA</level>
  <class>com.kms.katalon.core.logging.XmlKeywordLogger</class>
  <method>logMessage</method>
  <thread>1</thread>
  <message>proxyInformation = ProxyInformation { proxyOption=NO_PROXY, proxyServerType=HTTP, username=, password=********, proxyServerAddress=, proxyServerPort=0, executionList=&amp;quot;&amp;quot;, isApplyToDesiredCapabilities=true }</message>
  <nestedLevel>1</nestedLevel>
  <escapedJava>false</escapedJava>
  <property name="proxyInformation">ProxyInformation { proxyOption=NO_PROXY, proxyServerType=HTTP, username=, password=********, proxyServerAddress=, proxyServerPort=0, executionList=&quot;&quot;, isApplyToDesiredCapabilities=true }</property>
</record>
<record>
  <date>2026-05-07T05:19:48.725190Z</date>
  <millis>1778131188725</millis>
  <nanos>190000</nanos>
  <sequence>23</sequence>
  <level>PASSED</level>
  <class>com.kms.katalon.core.logging.XmlKeywordLogger</class>
  <method>logMessage</method>
  <thread>1</thread>
  <message>Browser is opened with url: &amp;apos;&amp;apos;</message>
  <nestedLevel>1</nestedLevel>
  <escapedJava>false</escapedJava>
  <property name="testops-method-name">com.kms.katalon.core.webui.keyword.builtin.OpenBrowserKeyword.openBrowser</property>
  <property name="testops-execution-stacktrace"></property>
</record>
<record>
  <date>2026-05-07T05:19:48.725907Z</date>
  <millis>1778131188725</millis>
  <nanos>907000</nanos>
  <sequence>24</sequence>
  <level>END</level>
  <class>com.kms.katalon.core.logging.XmlKeywordLogger</class>
  <method>endKeyword</method>
  <thread>1</thread>
  <message>End action : openBrowser(&amp;quot;&amp;quot;)</message>
  <nestedLevel>1</nestedLevel>
  <escapedJava>false</escapedJava>
</record>
<record>
  <date>2026-05-07T05:19:48.726019Z</date>
  <millis>1778131188726</millis>
  <nanos>19000</nanos>
  <sequence>25</sequence>
  <level>START</level>
  <class>com.kms.katalon.core.logging.XmlKeywordLogger</class>
  <method>startKeyword</method>
  <thread>1</thread>
  <message>Start action : navigateToUrl(&amp;quot;https://qwerty.abiyyu.xyz/&amp;quot;)</message>
  <nestedLevel>1</nestedLevel>
  <escapedJava>false</escapedJava>
  <property name="startLine">22</property>
  <property name="stepIndex">2</property>
</record>
<record>
  <date>2026-05-07T05:19:51.128464Z</date>
  <millis>1778131191128</millis>
  <nanos>464000</nanos>
  <sequence>29</sequence>
  <level>PASSED</level>
  <class>com.kms.katalon.core.logging.XmlKeywordLogger</class>
  <method>logMessage</method>
  <thread>1</thread>
  <message>Navigate to &amp;apos;https://qwerty.abiyyu.xyz/&amp;apos; successfully</message>
  <nestedLevel>1</nestedLevel>
  <escapedJava>false</escapedJava>
  <property name="testops-method-name">com.kms.katalon.core.webui.keyword.builtin.NavigateToUrlKeyword.navigateToUrl</property>
  <property name="testops-execution-stacktrace"></property>
</record>
<record>
  <date>2026-05-07T05:19:51.133104Z</date>
  <millis>1778131191133</millis>
  <nanos>104000</nanos>
  <sequence>30</sequence>
  <level>END</level>
  <class>com.kms.katalon.core.logging.XmlKeywordLogger</class>
  <method>endKeyword</method>
  <thread>1</thread>
  <message>End action : navigateToUrl(&amp;quot;https://qwerty.abiyyu.xyz/&amp;quot;)</message>
  <nestedLevel>1</nestedLevel>
  <escapedJava>false</escapedJava>
</record>
<record>
  <date>2026-05-07T05:19:51.135569Z</date>
  <millis>1778131191135</millis>
  <nanos>569000</nanos>
  <sequence>31</sequence>
  <level>START</level>
  <class>com.kms.katalon.core.logging.XmlKeywordLogger</class>
  <method>startKeyword</method>
  <thread>1</thread>
  <message>Start action : click(findTestObject(&amp;quot;Login with valid credentials/Page_QWERTY E-Commerce/icon_sign_in&amp;quot;))</message>
  <nestedLevel>1</nestedLevel>
  <escapedJava>false</escapedJava>
  <property name="startLine">24</property>
  <property name="stepIndex">3</property>
</record>
<record>
  <date>2026-05-07T05:19:51.636915Z</date>
  <millis>1778131191636</millis>
  <nanos>915000</nanos>
  <sequence>42</sequence>
  <level>PASSED</level>
  <class>com.kms.katalon.core.logging.XmlKeywordLogger</class>
  <method>logMessage</method>
  <thread>1</thread>
  <message>Object: &amp;apos;Object Repository/Login with valid credentials/Page_QWERTY E-Commerce/icon_sign_in&amp;apos; is clicked on</message>
  <nestedLevel>1</nestedLevel>
  <escapedJava>false</escapedJava>
  <property name="testops-method-name">com.kms.katalon.core.webui.keyword.internal.WebUIKeywordMain.runKeywordUntilTimeout</property>
  <property name="testops-execution-stacktrace">com.kms.katalon.core.logging.KeywordLogger.logPassed(KeywordLogger.java:350)
com.kms.katalon.core.logging.KeywordLogger.logPassed(KeywordLogger.java:345)
com.kms.katalon.core.webui.keyword.builtin.ClickKeyword$_click_closure1.doCall(ClickKeyword.groovy:66)
java.base/jdk.internal.reflect.DirectMethodHandleAccessor.invoke(DirectMethodHandleAccessor.java:103)
jdk.proxy2/jdk.proxy2.$Proxy56.execute(Unknown Source)
com.kms.katalon.core.webui.model.SeleniumActionRetryController.performAction(SeleniumActionRetryController.java:96)
com.kms.katalon.core.webui.model.SeleniumActionRetryController.performAction(SeleniumActionRetryController.java:83)
com.kms.katalon.core.webui.keyword.internal.WebUIKeywordMain$_runKeywordUntilTimeout_closure1.doCall(WebUIKeywordMain.groovy:135)
com.kms.katalon.core.webui.keyword.internal.WebUIKeywordMain$_runKeywordUntilTimeout_closure1.call(WebUIKeywordMain.groovy)
com.kms.katalon.core.webui.keyword.internal.WebUIKeywordMain.runKeyword(WebUIKeywordMain.groovy:41)
com.kms.katalon.core.webui.keyword.internal.WebUIKeywordMain.runKeywordUntilTimeout(WebUIKeywordMain.groovy:133)
com.kms.katalon.core.webui.keyword.builtin.ClickKeyword.click(ClickKeyword.groovy:72)
com.kms.katalon.core.webui.keyword.builtin.ClickKeyword.execute(ClickKeyword.groovy:38)
com.kms.katalon.core.keyword.internal.KeywordExecutor.executeKeywordForPlatform(KeywordExecutor.groovy:99)
com.kms.katalon.core.webui.keyword.WebUiBuiltInKeywords.click(WebUiBuiltInKeywords.groovy:722)
Login with valid credentials.run(Login with valid credentials:24)
</property>
</record>
<record>
  <date>2026-05-07T05:19:51.637827Z</date>
  <millis>1778131191637</millis>
  <nanos>827000</nanos>
  <sequence>43</sequence>
  <level>END</level>
  <class>com.kms.katalon.core.logging.XmlKeywordLogger</class>
  <method>endKeyword</method>
  <thread>1</thread>
  <message>End action : click(findTestObject(&amp;quot;Login with valid credentials/Page_QWERTY E-Commerce/icon_sign_in&amp;quot;))</message>
  <nestedLevel>1</nestedLevel>
  <escapedJava>false</escapedJava>
</record>
<record>
  <date>2026-05-07T05:19:51.637953Z</date>
  <millis>1778131191637</millis>
  <nanos>953000</nanos>
  <sequence>44</sequence>
  <level>START</level>
  <class>com.kms.katalon.core.logging.XmlKeywordLogger</class>
  <method>startKeyword</method>
  <thread>1</thread>
  <message>Start action : setText(findTestObject(&amp;quot;Login with valid credentials/Page_QWERTY E-Commerce/email_field&amp;quot;), email)</message>
  <nestedLevel>1</nestedLevel>
  <escapedJava>false</escapedJava>
  <property name="startLine">26</property>
  <property name="stepIndex">4</property>
</record>
<record>
  <date>2026-05-07T05:19:54.191359Z</date>
  <millis>1778131194191</millis>
  <nanos>359000</nanos>
  <sequence>58</sequence>
  <level>PASSED</level>
  <class>com.kms.katalon.core.logging.XmlKeywordLogger</class>
  <method>logMessage</method>
  <thread>1</thread>
  <message>Text &amp;apos;test01@qwerty.com&amp;apos; is set on object &amp;apos;Object Repository/Login with valid credentials/Page_QWERTY E-Commerce/email_field&amp;apos;</message>
  <nestedLevel>1</nestedLevel>
  <escapedJava>false</escapedJava>
  <property name="testops-method-name">com.kms.katalon.core.webui.keyword.internal.WebUIKeywordMain.runKeywordUntilTimeout</property>
  <property name="testops-execution-stacktrace">com.kms.katalon.core.logging.KeywordLogger.logPassed(KeywordLogger.java:350)
com.kms.katalon.core.logging.KeywordLogger.logPassed(KeywordLogger.java:345)
com.kms.katalon.core.webui.keyword.builtin.SetTextKeyword$_setText_closure1.doCall(SetTextKeyword.groovy:99)
java.base/jdk.internal.reflect.DirectMethodHandleAccessor.invoke(DirectMethodHandleAccessor.java:103)
jdk.proxy2/jdk.proxy2.$Proxy56.execute(Unknown Source)
com.kms.katalon.core.webui.model.SeleniumActionRetryController.performAction(SeleniumActionRetryController.java:96)
com.kms.katalon.core.webui.model.SeleniumActionRetryController.performAction(SeleniumActionRetryController.java:83)
com.kms.katalon.core.webui.keyword.internal.WebUIKeywordMain$_runKeywordUntilTimeout_closure1.doCall(WebUIKeywordMain.groovy:135)
com.kms.katalon.core.webui.keyword.internal.WebUIKeywordMain$_runKeywordUntilTimeout_closure1.call(WebUIKeywordMain.groovy)
com.kms.katalon.core.webui.keyword.internal.WebUIKeywordMain.runKeyword(WebUIKeywordMain.groovy:41)
com.kms.katalon.core.webui.keyword.internal.WebUIKeywordMain.runKeywordUntilTimeout(WebUIKeywordMain.groovy:133)
com.kms.katalon.core.webui.keyword.builtin.SetTextKeyword.setText(SetTextKeyword.groovy:106)
com.kms.katalon.core.webui.keyword.builtin.SetTextKeyword.execute(SetTextKeyword.groovy:49)
com.kms.katalon.core.keyword.internal.KeywordExecutor.executeKeywordForPlatform(KeywordExecutor.groovy:99)
com.kms.katalon.core.webui.keyword.WebUiBuiltInKeywords.setText(WebUiBuiltInKeywords.groovy:1082)
Login with valid credentials.run(Login with valid credentials:26)
</property>
</record>
<record>
  <date>2026-05-07T05:19:54.192271Z</date>
  <millis>1778131194192</millis>
  <nanos>271000</nanos>
  <sequence>59</sequence>
  <level>END</level>
  <class>com.kms.katalon.core.logging.XmlKeywordLogger</class>
  <method>endKeyword</method>
  <thread>1</thread>
  <message>End action : setText(findTestObject(&amp;quot;Login with valid credentials/Page_QWERTY E-Commerce/email_field&amp;quot;), email)</message>
  <nestedLevel>1</nestedLevel>
  <escapedJava>false</escapedJava>
</record>
<record>
  <date>2026-05-07T05:19:54.192392Z</date>
  <millis>1778131194192</millis>
  <nanos>392000</nanos>
  <sequence>60</sequence>
  <level>START</level>
  <class>com.kms.katalon.core.logging.XmlKeywordLogger</class>
  <method>startKeyword</method>
  <thread>1</thread>
  <message>Start action : setText(findTestObject(&amp;quot;Login with valid credentials/Page_QWERTY E-Commerce/password_field&amp;quot;), password)</message>
  <nestedLevel>1</nestedLevel>
  <escapedJava>false</escapedJava>
  <property name="startLine">28</property>
  <property name="stepIndex">5</property>
</record>
<record>
  <date>2026-05-07T05:19:55.387705Z</date>
  <millis>1778131195387</millis>
  <nanos>705000</nanos>
  <sequence>74</sequence>
  <level>PASSED</level>
  <class>com.kms.katalon.core.logging.XmlKeywordLogger</class>
  <method>logMessage</method>
  <thread>1</thread>
  <message>Text &amp;apos;User@001&amp;apos; is set on object &amp;apos;Object Repository/Login with valid credentials/Page_QWERTY E-Commerce/password_field&amp;apos;</message>
  <nestedLevel>1</nestedLevel>
  <escapedJava>false</escapedJava>
  <property name="testops-method-name">com.kms.katalon.core.webui.keyword.internal.WebUIKeywordMain.runKeywordUntilTimeout</property>
  <property name="testops-execution-stacktrace">com.kms.katalon.core.logging.KeywordLogger.logPassed(KeywordLogger.java:350)
com.kms.katalon.core.logging.KeywordLogger.logPassed(KeywordLogger.java:345)
com.kms.katalon.core.webui.keyword.builtin.SetTextKeyword$_setText_closure1.doCall(SetTextKeyword.groovy:99)
java.base/jdk.internal.reflect.DirectMethodHandleAccessor.invoke(DirectMethodHandleAccessor.java:103)
jdk.proxy2/jdk.proxy2.$Proxy56.execute(Unknown Source)
com.kms.katalon.core.webui.model.SeleniumActionRetryController.performAction(SeleniumActionRetryController.java:96)
com.kms.katalon.core.webui.model.SeleniumActionRetryController.performAction(SeleniumActionRetryController.java:83)
com.kms.katalon.core.webui.keyword.internal.WebUIKeywordMain$_runKeywordUntilTimeout_closure1.doCall(WebUIKeywordMain.groovy:135)
com.kms.katalon.core.webui.keyword.internal.WebUIKeywordMain$_runKeywordUntilTimeout_closure1.call(WebUIKeywordMain.groovy)
com.kms.katalon.core.webui.keyword.internal.WebUIKeywordMain.runKeyword(WebUIKeywordMain.groovy:41)
com.kms.katalon.core.webui.keyword.internal.WebUIKeywordMain.runKeywordUntilTimeout(WebUIKeywordMain.groovy:133)
com.kms.katalon.core.webui.keyword.builtin.SetTextKeyword.setText(SetTextKeyword.groovy:106)
com.kms.katalon.core.webui.keyword.builtin.SetTextKeyword.execute(SetTextKeyword.groovy:49)
com.kms.katalon.core.keyword.internal.KeywordExecutor.executeKeywordForPlatform(KeywordExecutor.groovy:99)
com.kms.katalon.core.webui.keyword.WebUiBuiltInKeywords.setText(WebUiBuiltInKeywords.groovy:1082)
Login with valid credentials.run(Login with valid credentials:28)
</property>
</record>
<record>
  <date>2026-05-07T05:19:55.388527Z</date>
  <millis>1778131195388</millis>
  <nanos>527000</nanos>
  <sequence>75</sequence>
  <level>END</level>
  <class>com.kms.katalon.core.logging.XmlKeywordLogger</class>
  <method>endKeyword</method>
  <thread>1</thread>
  <message>End action : setText(findTestObject(&amp;quot;Login with valid credentials/Page_QWERTY E-Commerce/password_field&amp;quot;), password)</message>
  <nestedLevel>1</nestedLevel>
  <escapedJava>false</escapedJava>
</record>
<record>
  <date>2026-05-07T05:19:55.388633Z</date>
  <millis>1778131195388</millis>
  <nanos>633000</nanos>
  <sequence>76</sequence>
  <level>START</level>
  <class>com.kms.katalon.core.logging.XmlKeywordLogger</class>
  <method>startKeyword</method>
  <thread>1</thread>
  <message>Start action : click(findTestObject(&amp;quot;Login with valid credentials/Page_QWERTY E-Commerce/btn_sign_in&amp;quot;))</message>
  <nestedLevel>1</nestedLevel>
  <escapedJava>false</escapedJava>
  <property name="startLine">30</property>
  <property name="stepIndex">6</property>
</record>
<record>
  <date>2026-05-07T05:19:56.167989Z</date>
  <millis>1778131196167</millis>
  <nanos>989000</nanos>
  <sequence>87</sequence>
  <level>PASSED</level>
  <class>com.kms.katalon.core.logging.XmlKeywordLogger</class>
  <method>logMessage</method>
  <thread>1</thread>
  <message>Object: &amp;apos;Object Repository/Login with valid credentials/Page_QWERTY E-Commerce/btn_sign_in&amp;apos; is clicked on</message>
  <nestedLevel>1</nestedLevel>
  <escapedJava>false</escapedJava>
  <property name="testops-method-name">com.kms.katalon.core.webui.keyword.internal.WebUIKeywordMain.runKeywordUntilTimeout</property>
  <property name="testops-execution-stacktrace">com.kms.katalon.core.logging.KeywordLogger.logPassed(KeywordLogger.java:350)
com.kms.katalon.core.logging.KeywordLogger.logPassed(KeywordLogger.java:345)
com.kms.katalon.core.webui.keyword.builtin.ClickKeyword$_click_closure1.doCall(ClickKeyword.groovy:66)
java.base/jdk.internal.reflect.DirectMethodHandleAccessor.invoke(DirectMethodHandleAccessor.java:103)
jdk.proxy2/jdk.proxy2.$Proxy56.execute(Unknown Source)
com.kms.katalon.core.webui.model.SeleniumActionRetryController.performAction(SeleniumActionRetryController.java:96)
com.kms.katalon.core.webui.model.SeleniumActionRetryController.performAction(SeleniumActionRetryController.java:83)
com.kms.katalon.core.webui.keyword.internal.WebUIKeywordMain$_runKeywordUntilTimeout_closure1.doCall(WebUIKeywordMain.groovy:135)
com.kms.katalon.core.webui.keyword.internal.WebUIKeywordMain$_runKeywordUntilTimeout_closure1.call(WebUIKeywordMain.groovy)
com.kms.katalon.core.webui.keyword.internal.WebUIKeywordMain.runKeyword(WebUIKeywordMain.groovy:41)
com.kms.katalon.core.webui.keyword.internal.WebUIKeywordMain.runKeywordUntilTimeout(WebUIKeywordMain.groovy:133)
com.kms.katalon.core.webui.keyword.builtin.ClickKeyword.click(ClickKeyword.groovy:72)
com.kms.katalon.core.webui.keyword.builtin.ClickKeyword.execute(ClickKeyword.groovy:38)
com.kms.katalon.core.keyword.internal.KeywordExecutor.executeKeywordForPlatform(KeywordExecutor.groovy:99)
com.kms.katalon.core.webui.keyword.WebUiBuiltInKeywords.click(WebUiBuiltInKeywords.groovy:722)
Login with valid credentials.run(Login with valid credentials:30)
</property>
</record>
<record>
  <date>2026-05-07T05:19:56.169158Z</date>
  <millis>1778131196169</millis>
  <nanos>158000</nanos>
  <sequence>88</sequence>
  <level>END</level>
  <class>com.kms.katalon.core.logging.XmlKeywordLogger</class>
  <method>endKeyword</method>
  <thread>1</thread>
  <message>End action : click(findTestObject(&amp;quot;Login with valid credentials/Page_QWERTY E-Commerce/btn_sign_in&amp;quot;))</message>
  <nestedLevel>1</nestedLevel>
  <escapedJava>false</escapedJava>
</record>
<record>
  <date>2026-05-07T05:19:56.169387Z</date>
  <millis>1778131196169</millis>
  <nanos>387000</nanos>
  <sequence>89</sequence>
  <level>START</level>
  <class>com.kms.katalon.core.logging.XmlKeywordLogger</class>
  <method>startKeyword</method>
  <thread>1</thread>
  <message>Start action : click(findTestObject(&amp;quot;Login with valid credentials/Page_QWERTY E-Commerce/box_icon_profile&amp;quot;))</message>
  <nestedLevel>1</nestedLevel>
  <escapedJava>false</escapedJava>
  <property name="startLine">32</property>
  <property name="stepIndex">7</property>
</record>
<record>
  <date>2026-05-07T05:19:58.203706Z</date>
  <millis>1778131198203</millis>
  <nanos>706000</nanos>
  <sequence>100</sequence>
  <level>PASSED</level>
  <class>com.kms.katalon.core.logging.XmlKeywordLogger</class>
  <method>logMessage</method>
  <thread>1</thread>
  <message>Object: &amp;apos;Object Repository/Login with valid credentials/Page_QWERTY E-Commerce/box_icon_profile&amp;apos; is clicked on</message>
  <nestedLevel>1</nestedLevel>
  <escapedJava>false</escapedJava>
  <property name="testops-method-name">com.kms.katalon.core.webui.keyword.internal.WebUIKeywordMain.runKeywordUntilTimeout</property>
  <property name="testops-execution-stacktrace">com.kms.katalon.core.logging.KeywordLogger.logPassed(KeywordLogger.java:350)
com.kms.katalon.core.logging.KeywordLogger.logPassed(KeywordLogger.java:345)
com.kms.katalon.core.webui.keyword.builtin.ClickKeyword$_click_closure1.doCall(ClickKeyword.groovy:66)
java.base/jdk.internal.reflect.DirectMethodHandleAccessor.invoke(DirectMethodHandleAccessor.java:103)
jdk.proxy2/jdk.proxy2.$Proxy56.execute(Unknown Source)
com.kms.katalon.core.webui.model.SeleniumActionRetryController.performAction(SeleniumActionRetryController.java:96)
com.kms.katalon.core.webui.model.SeleniumActionRetryController.performAction(SeleniumActionRetryController.java:83)
com.kms.katalon.core.webui.keyword.internal.WebUIKeywordMain$_runKeywordUntilTimeout_closure1.doCall(WebUIKeywordMain.groovy:135)
com.kms.katalon.core.webui.keyword.internal.WebUIKeywordMain$_runKeywordUntilTimeout_closure1.call(WebUIKeywordMain.groovy)
com.kms.katalon.core.webui.keyword.internal.WebUIKeywordMain.runKeyword(WebUIKeywordMain.groovy:41)
com.kms.katalon.core.webui.keyword.internal.WebUIKeywordMain.runKeywordUntilTimeout(WebUIKeywordMain.groovy:133)
com.kms.katalon.core.webui.keyword.builtin.ClickKeyword.click(ClickKeyword.groovy:72)
com.kms.katalon.core.webui.keyword.builtin.ClickKeyword.execute(ClickKeyword.groovy:38)
com.kms.katalon.core.keyword.internal.KeywordExecutor.executeKeywordForPlatform(KeywordExecutor.groovy:99)
com.kms.katalon.core.webui.keyword.WebUiBuiltInKeywords.click(WebUiBuiltInKeywords.groovy:722)
Login with valid credentials.run(Login with valid credentials:32)
</property>
</record>
<record>
  <date>2026-05-07T05:19:58.204692Z</date>
  <millis>1778131198204</millis>
  <nanos>692000</nanos>
  <sequence>101</sequence>
  <level>END</level>
  <class>com.kms.katalon.core.logging.XmlKeywordLogger</class>
  <method>endKeyword</method>
  <thread>1</thread>
  <message>End action : click(findTestObject(&amp;quot;Login with valid credentials/Page_QWERTY E-Commerce/box_icon_profile&amp;quot;))</message>
  <nestedLevel>1</nestedLevel>
  <escapedJava>false</escapedJava>
</record>
<record>
  <date>2026-05-07T05:19:58.204810Z</date>
  <millis>1778131198204</millis>
  <nanos>810000</nanos>
  <sequence>102</sequence>
  <level>START</level>
  <class>com.kms.katalon.core.logging.XmlKeywordLogger</class>
  <method>startKeyword</method>
  <thread>1</thread>
  <message>Start action : closeBrowser()</message>
  <nestedLevel>1</nestedLevel>
  <escapedJava>false</escapedJava>
  <property name="startLine">34</property>
  <property name="stepIndex">8</property>
</record>
<record>
  <date>2026-05-07T05:19:58.298306Z</date>
  <millis>1778131198298</millis>
  <nanos>306000</nanos>
  <sequence>105</sequence>
  <level>PASSED</level>
  <class>com.kms.katalon.core.logging.XmlKeywordLogger</class>
  <method>logMessage</method>
  <thread>1</thread>
  <message>Browser is closed</message>
  <nestedLevel>1</nestedLevel>
  <escapedJava>false</escapedJava>
  <property name="testops-method-name">com.kms.katalon.core.webui.keyword.builtin.CloseBrowserKeyword.closeBrowser</property>
  <property name="testops-execution-stacktrace"></property>
</record>
<record>
  <date>2026-05-07T05:19:58.298512Z</date>
  <millis>1778131198298</millis>
  <nanos>512000</nanos>
  <sequence>106</sequence>
  <level>END</level>
  <class>com.kms.katalon.core.logging.XmlKeywordLogger</class>
  <method>endKeyword</method>
  <thread>1</thread>
  <message>End action : closeBrowser()</message>
  <nestedLevel>1</nestedLevel>
  <escapedJava>false</escapedJava>
</record>
<record>
  <date>2026-05-07T05:19:58.298635Z</date>
  <millis>1778131198298</millis>
  <nanos>635000</nanos>
  <sequence>107</sequence>
  <level>PASSED</level>
  <class>com.kms.katalon.core.logging.XmlKeywordLogger</class>
  <method>logMessage</method>
  <thread>1</thread>
  <message>Test Cases/Login Verification/Login with valid credentials</message>
  <nestedLevel>1</nestedLevel>
  <escapedJava>false</escapedJava>
</record>
<record>
  <date>2026-05-07T05:19:58.299171Z</date>
  <millis>1778131198299</millis>
  <nanos>171000</nanos>
  <sequence>108</sequence>
  <level>END</level>
  <class>com.kms.katalon.core.logging.XmlKeywordLogger</class>
  <method>endTest</method>
  <thread>1</thread>
  <message>End Test Case : Test Cases/Login Verification/Login with valid credentials</message>
  <nestedLevel>0</nestedLevel>
  <escapedJava>false</escapedJava>
  <property name="executionBindingVariables">[
  {
    &quot;value&quot;: &quot;test01@qwerty.com&quot;,
    &quot;isDefault&quot;: false,
    &quot;name&quot;: &quot;email&quot;,
    &quot;masked&quot;: false
  },
  {
    &quot;value&quot;: &quot;User@001&quot;,
    &quot;isDefault&quot;: false,
    &quot;name&quot;: &quot;password&quot;,
    &quot;masked&quot;: false
  }
]</property>
  <property name="applitools">false</property>
  <property name="remainingRetryCount">3</property>
  <property name="executedKeywords">{
  &quot;WebUI.closeBrowser&quot;: 1,
  &quot;WebUI.navigateToUrl&quot;: 1,
  &quot;WebUI.click&quot;: 3,
  &quot;WebUI.openBrowser&quot;: 1,
  &quot;WebUI.setText&quot;: 2
}</property>
  <property name="currentRetryCount">0</property>
  <property name="keywordsUsage">{
  &quot;web_ui&quot;: true,
  &quot;web_service&quot;: false,
  &quot;cucumber&quot;: false,
  &quot;builtin&quot;: false,
  &quot;mobile&quot;: false,
  &quot;windows&quot;: false,
  &quot;testng&quot;: false
}</property>
</record>
<record>
  <date>2026-05-07T05:19:58.305495Z</date>
  <millis>1778131198305</millis>
  <nanos>495000</nanos>
  <sequence>109</sequence>
  <level>START</level>
  <class>com.kms.katalon.core.logging.XmlKeywordLogger</class>
  <method>startTest</method>
  <thread>1</thread>
  <message>Start Test Case : Test Cases/Login Verification/Login with invalid credentials</message>
  <nestedLevel>1</nestedLevel>
  <escapedJava>false</escapedJava>
  <property name="remainingRetryCount">3</property>
  <property name="origin">WEB_RECORDER</property>
  <property name="name">Test Cases/Login Verification/Login with invalid credentials</property>
  <property name="description"></property>
  <property name="iteration"></property>
  <property name="id">Test Cases/Login Verification/Login with invalid credentials</property>
  <property name="source">\Users\fazza_abiyyu\Documents\Projects\Hobby\KATALON_QWERTY\Test Cases\Login Verification\Login with invalid credentials.tc</property>
  <property name="tag">auth</property>
  <property name="isOptional">false</property>
  <property name="uuid">cdecb164-061b-4bad-ae6d-2efd12f03cee</property>
  <property name="currentRetryCount">0</property>
</record>
<record>
  <date>2026-05-07T05:19:58.309584Z</date>
  <millis>1778131198309</millis>
  <nanos>584000</nanos>
  <sequence>111</sequence>
  <level>INFO</level>
  <class>com.kms.katalon.core.logging.XmlKeywordLogger</class>
  <method>logMessage</method>
  <thread>1</thread>
  <message>email = test01@qwerty.com</message>
  <nestedLevel>1</nestedLevel>
  <escapedJava>false</escapedJava>
</record>
<record>
  <date>2026-05-07T05:19:58.309887Z</date>
  <millis>1778131198309</millis>
  <nanos>887000</nanos>
  <sequence>112</sequence>
  <level>INFO</level>
  <class>com.kms.katalon.core.logging.XmlKeywordLogger</class>
  <method>logMessage</method>
  <thread>1</thread>
  <message>password = User@000</message>
  <nestedLevel>1</nestedLevel>
  <escapedJava>false</escapedJava>
</record>
<record>
  <date>2026-05-07T05:19:58.310254Z</date>
  <millis>1778131198310</millis>
  <nanos>254000</nanos>
  <sequence>113</sequence>
  <level>RUN_DATA</level>
  <class>com.kms.katalon.core.logging.XmlKeywordLogger</class>
  <method>logMessage</method>
  <thread>1</thread>
  <message>executionBindingVariables = [
  {
    &amp;quot;value&amp;quot;: &amp;quot;test01@qwerty.com&amp;quot;,
    &amp;quot;isDefault&amp;quot;: false,
    &amp;quot;name&amp;quot;: &amp;quot;email&amp;quot;,
    &amp;quot;masked&amp;quot;: false
  },
  {
    &amp;quot;value&amp;quot;: &amp;quot;User@000&amp;quot;,
    &amp;quot;isDefault&amp;quot;: false,
    &amp;quot;name&amp;quot;: &amp;quot;password&amp;quot;,
    &amp;quot;masked&amp;quot;: false
  }
]</message>
  <nestedLevel>1</nestedLevel>
  <escapedJava>false</escapedJava>
  <property name="executionBindingVariables">[
  {
    &quot;value&quot;: &quot;test01@qwerty.com&quot;,
    &quot;isDefault&quot;: false,
    &quot;name&quot;: &quot;email&quot;,
    &quot;masked&quot;: false
  },
  {
    &quot;value&quot;: &quot;User@000&quot;,
    &quot;isDefault&quot;: false,
    &quot;name&quot;: &quot;password&quot;,
    &quot;masked&quot;: false
  }
]</property>
</record>
<record>
  <date>2026-05-07T05:19:58.322854Z</date>
  <millis>1778131198322</millis>
  <nanos>854000</nanos>
  <sequence>114</sequence>
  <level>START</level>
  <class>com.kms.katalon.core.logging.XmlKeywordLogger</class>
  <method>startKeyword</method>
  <thread>1</thread>
  <message>Start action : openBrowser(&amp;quot;&amp;quot;)</message>
  <nestedLevel>1</nestedLevel>
  <escapedJava>false</escapedJava>
  <property name="startLine">20</property>
  <property name="stepIndex">1</property>
</record>
<record>
  <date>2026-05-07T05:19:58.323748Z</date>
  <millis>1778131198323</millis>
  <nanos>748000</nanos>
  <sequence>117</sequence>
  <level>INFO</level>
  <class>com.kms.katalon.core.logging.XmlKeywordLogger</class>
  <method>logMessage</method>
  <thread>1</thread>
  <message>Starting &amp;apos;Chrome&amp;apos; driver</message>
  <nestedLevel>1</nestedLevel>
  <escapedJava>false</escapedJava>
</record>
<record>
  <date>2026-05-07T05:19:58.324728Z</date>
  <millis>1778131198324</millis>
  <nanos>728000</nanos>
  <sequence>118</sequence>
  <level>INFO</level>
  <class>com.kms.katalon.core.logging.XmlKeywordLogger</class>
  <method>logMessage</method>
  <thread>1</thread>
  <message>Action delay is set to 0 milliseconds</message>
  <nestedLevel>1</nestedLevel>
  <escapedJava>false</escapedJava>
</record>
<record>
  <date>2026-05-07T05:19:59.324845Z</date>
  <millis>1778131199324</millis>
  <nanos>845000</nanos>
  <sequence>120</sequence>
  <level>RUN_DATA</level>
  <class>com.kms.katalon.core.logging.XmlKeywordLogger</class>
  <method>logMessage</method>
  <thread>1</thread>
  <message>sessionId = 97336812625bd585686c52a9f0439b80</message>
  <nestedLevel>1</nestedLevel>
  <escapedJava>false</escapedJava>
  <property name="sessionId">97336812625bd585686c52a9f0439b80</property>
</record>
<record>
  <date>2026-05-07T05:19:59.325213Z</date>
  <millis>1778131199325</millis>
  <nanos>213000</nanos>
  <sequence>121</sequence>
  <level>RUN_DATA</level>
  <class>com.kms.katalon.core.logging.XmlKeywordLogger</class>
  <method>logMessage</method>
  <thread>1</thread>
  <message>browser = Chrome 147.0.7727.138</message>
  <nestedLevel>1</nestedLevel>
  <escapedJava>false</escapedJava>
  <property name="browser">Chrome 147.0.7727.138</property>
</record>
<record>
  <date>2026-05-07T05:19:59.325337Z</date>
  <millis>1778131199325</millis>
  <nanos>337000</nanos>
  <sequence>122</sequence>
  <level>RUN_DATA</level>
  <class>com.kms.katalon.core.logging.XmlKeywordLogger</class>
  <method>logMessage</method>
  <thread>1</thread>
  <message>platform = Mac OS X</message>
  <nestedLevel>1</nestedLevel>
  <escapedJava>false</escapedJava>
  <property name="platform">Mac OS X</property>
</record>
<record>
  <date>2026-05-07T05:19:59.325432Z</date>
  <millis>1778131199325</millis>
  <nanos>432000</nanos>
  <sequence>123</sequence>
  <level>RUN_DATA</level>
  <class>com.kms.katalon.core.logging.XmlKeywordLogger</class>
  <method>logMessage</method>
  <thread>1</thread>
  <message>seleniumVersion = 4.39.0</message>
  <nestedLevel>1</nestedLevel>
  <escapedJava>false</escapedJava>
  <property name="seleniumVersion">4.39.0</property>
</record>
<record>
  <date>2026-05-07T05:19:59.325691Z</date>
  <millis>1778131199325</millis>
  <nanos>691000</nanos>
  <sequence>124</sequence>
  <level>RUN_DATA</level>
  <class>com.kms.katalon.core.logging.XmlKeywordLogger</class>
  <method>logMessage</method>
  <thread>1</thread>
  <message>proxyInformation = ProxyInformation { proxyOption=NO_PROXY, proxyServerType=HTTP, username=, password=********, proxyServerAddress=, proxyServerPort=0, executionList=&amp;quot;&amp;quot;, isApplyToDesiredCapabilities=true }</message>
  <nestedLevel>1</nestedLevel>
  <escapedJava>false</escapedJava>
  <property name="proxyInformation">ProxyInformation { proxyOption=NO_PROXY, proxyServerType=HTTP, username=, password=********, proxyServerAddress=, proxyServerPort=0, executionList=&quot;&quot;, isApplyToDesiredCapabilities=true }</property>
</record>
<record>
  <date>2026-05-07T05:19:59.331327Z</date>
  <millis>1778131199331</millis>
  <nanos>327000</nanos>
  <sequence>125</sequence>
  <level>PASSED</level>
  <class>com.kms.katalon.core.logging.XmlKeywordLogger</class>
  <method>logMessage</method>
  <thread>1</thread>
  <message>Browser is opened with url: &amp;apos;&amp;apos;</message>
  <nestedLevel>1</nestedLevel>
  <escapedJava>false</escapedJava>
  <property name="testops-method-name">com.kms.katalon.core.webui.keyword.builtin.OpenBrowserKeyword.openBrowser</property>
  <property name="testops-execution-stacktrace"></property>
</record>
<record>
  <date>2026-05-07T05:19:59.331896Z</date>
  <millis>1778131199331</millis>
  <nanos>896000</nanos>
  <sequence>126</sequence>
  <level>END</level>
  <class>com.kms.katalon.core.logging.XmlKeywordLogger</class>
  <method>endKeyword</method>
  <thread>1</thread>
  <message>End action : openBrowser(&amp;quot;&amp;quot;)</message>
  <nestedLevel>1</nestedLevel>
  <escapedJava>false</escapedJava>
</record>
<record>
  <date>2026-05-07T05:19:59.331978Z</date>
  <millis>1778131199331</millis>
  <nanos>978000</nanos>
  <sequence>127</sequence>
  <level>START</level>
  <class>com.kms.katalon.core.logging.XmlKeywordLogger</class>
  <method>startKeyword</method>
  <thread>1</thread>
  <message>Start action : navigateToUrl(&amp;quot;https://qwerty.abiyyu.xyz/&amp;quot;)</message>
  <nestedLevel>1</nestedLevel>
  <escapedJava>false</escapedJava>
  <property name="startLine">22</property>
  <property name="stepIndex">2</property>
</record>
<record>
  <date>2026-05-07T05:20:00.825079Z</date>
  <millis>1778131200825</millis>
  <nanos>79000</nanos>
  <sequence>131</sequence>
  <level>PASSED</level>
  <class>com.kms.katalon.core.logging.XmlKeywordLogger</class>
  <method>logMessage</method>
  <thread>1</thread>
  <message>Navigate to &amp;apos;https://qwerty.abiyyu.xyz/&amp;apos; successfully</message>
  <nestedLevel>1</nestedLevel>
  <escapedJava>false</escapedJava>
  <property name="testops-method-name">com.kms.katalon.core.webui.keyword.builtin.NavigateToUrlKeyword.navigateToUrl</property>
  <property name="testops-execution-stacktrace"></property>
</record>
<record>
  <date>2026-05-07T05:20:00.825922Z</date>
  <millis>1778131200825</millis>
  <nanos>922000</nanos>
  <sequence>132</sequence>
  <level>END</level>
  <class>com.kms.katalon.core.logging.XmlKeywordLogger</class>
  <method>endKeyword</method>
  <thread>1</thread>
  <message>End action : navigateToUrl(&amp;quot;https://qwerty.abiyyu.xyz/&amp;quot;)</message>
  <nestedLevel>1</nestedLevel>
  <escapedJava>false</escapedJava>
</record>
<record>
  <date>2026-05-07T05:20:00.828141Z</date>
  <millis>1778131200828</millis>
  <nanos>141000</nanos>
  <sequence>133</sequence>
  <level>START</level>
  <class>com.kms.katalon.core.logging.XmlKeywordLogger</class>
  <method>startKeyword</method>
  <thread>1</thread>
  <message>Start action : click(findTestObject(&amp;quot;Login with invalid credentials/Page_QWERTY E-Commerce/icon_sign_in&amp;quot;))</message>
  <nestedLevel>1</nestedLevel>
  <escapedJava>false</escapedJava>
  <property name="startLine">24</property>
  <property name="stepIndex">3</property>
</record>
<record>
  <date>2026-05-07T05:20:01.298586Z</date>
  <millis>1778131201298</millis>
  <nanos>586000</nanos>
  <sequence>144</sequence>
  <level>PASSED</level>
  <class>com.kms.katalon.core.logging.XmlKeywordLogger</class>
  <method>logMessage</method>
  <thread>1</thread>
  <message>Object: &amp;apos;Object Repository/Login with invalid credentials/Page_QWERTY E-Commerce/icon_sign_in&amp;apos; is clicked on</message>
  <nestedLevel>1</nestedLevel>
  <escapedJava>false</escapedJava>
  <property name="testops-method-name">com.kms.katalon.core.webui.keyword.internal.WebUIKeywordMain.runKeywordUntilTimeout</property>
  <property name="testops-execution-stacktrace">com.kms.katalon.core.logging.KeywordLogger.logPassed(KeywordLogger.java:350)
com.kms.katalon.core.logging.KeywordLogger.logPassed(KeywordLogger.java:345)
com.kms.katalon.core.webui.keyword.builtin.ClickKeyword$_click_closure1.doCall(ClickKeyword.groovy:66)
java.base/jdk.internal.reflect.DirectMethodHandleAccessor.invoke(DirectMethodHandleAccessor.java:103)
jdk.proxy2/jdk.proxy2.$Proxy56.execute(Unknown Source)
com.kms.katalon.core.webui.model.SeleniumActionRetryController.performAction(SeleniumActionRetryController.java:96)
com.kms.katalon.core.webui.model.SeleniumActionRetryController.performAction(SeleniumActionRetryController.java:83)
com.kms.katalon.core.webui.keyword.internal.WebUIKeywordMain$_runKeywordUntilTimeout_closure1.doCall(WebUIKeywordMain.groovy:135)
com.kms.katalon.core.webui.keyword.internal.WebUIKeywordMain$_runKeywordUntilTimeout_closure1.call(WebUIKeywordMain.groovy)
com.kms.katalon.core.webui.keyword.internal.WebUIKeywordMain.runKeyword(WebUIKeywordMain.groovy:41)
com.kms.katalon.core.webui.keyword.internal.WebUIKeywordMain.runKeywordUntilTimeout(WebUIKeywordMain.groovy:133)
com.kms.katalon.core.webui.keyword.builtin.ClickKeyword.click(ClickKeyword.groovy:72)
com.kms.katalon.core.webui.keyword.builtin.ClickKeyword.execute(ClickKeyword.groovy:38)
com.kms.katalon.core.keyword.internal.KeywordExecutor.executeKeywordForPlatform(KeywordExecutor.groovy:99)
com.kms.katalon.core.webui.keyword.WebUiBuiltInKeywords.click(WebUiBuiltInKeywords.groovy:722)
Login with invalid credentials.run(Login with invalid credentials:24)
</property>
</record>
<record>
  <date>2026-05-07T05:20:01.299970Z</date>
  <millis>1778131201299</millis>
  <nanos>970000</nanos>
  <sequence>145</sequence>
  <level>END</level>
  <class>com.kms.katalon.core.logging.XmlKeywordLogger</class>
  <method>endKeyword</method>
  <thread>1</thread>
  <message>End action : click(findTestObject(&amp;quot;Login with invalid credentials/Page_QWERTY E-Commerce/icon_sign_in&amp;quot;))</message>
  <nestedLevel>1</nestedLevel>
  <escapedJava>false</escapedJava>
</record>
<record>
  <date>2026-05-07T05:20:01.300728Z</date>
  <millis>1778131201300</millis>
  <nanos>728000</nanos>
  <sequence>146</sequence>
  <level>START</level>
  <class>com.kms.katalon.core.logging.XmlKeywordLogger</class>
  <method>startKeyword</method>
  <thread>1</thread>
  <message>Start action : setText(findTestObject(&amp;quot;Login with invalid credentials/Page_QWERTY E-Commerce/email_field&amp;quot;), email)</message>
  <nestedLevel>1</nestedLevel>
  <escapedJava>false</escapedJava>
  <property name="startLine">26</property>
  <property name="stepIndex">4</property>
</record>
<record>
  <date>2026-05-07T05:20:02.393080Z</date>
  <millis>1778131202393</millis>
  <nanos>80000</nanos>
  <sequence>160</sequence>
  <level>PASSED</level>
  <class>com.kms.katalon.core.logging.XmlKeywordLogger</class>
  <method>logMessage</method>
  <thread>1</thread>
  <message>Text &amp;apos;test01@qwerty.com&amp;apos; is set on object &amp;apos;Object Repository/Login with invalid credentials/Page_QWERTY E-Commerce/email_field&amp;apos;</message>
  <nestedLevel>1</nestedLevel>
  <escapedJava>false</escapedJava>
  <property name="testops-method-name">com.kms.katalon.core.webui.keyword.internal.WebUIKeywordMain.runKeywordUntilTimeout</property>
  <property name="testops-execution-stacktrace">com.kms.katalon.core.logging.KeywordLogger.logPassed(KeywordLogger.java:350)
com.kms.katalon.core.logging.KeywordLogger.logPassed(KeywordLogger.java:345)
com.kms.katalon.core.webui.keyword.builtin.SetTextKeyword$_setText_closure1.doCall(SetTextKeyword.groovy:99)
java.base/jdk.internal.reflect.DirectMethodHandleAccessor.invoke(DirectMethodHandleAccessor.java:103)
jdk.proxy2/jdk.proxy2.$Proxy56.execute(Unknown Source)
com.kms.katalon.core.webui.model.SeleniumActionRetryController.performAction(SeleniumActionRetryController.java:96)
com.kms.katalon.core.webui.model.SeleniumActionRetryController.performAction(SeleniumActionRetryController.java:83)
com.kms.katalon.core.webui.keyword.internal.WebUIKeywordMain$_runKeywordUntilTimeout_closure1.doCall(WebUIKeywordMain.groovy:135)
com.kms.katalon.core.webui.keyword.internal.WebUIKeywordMain$_runKeywordUntilTimeout_closure1.call(WebUIKeywordMain.groovy)
com.kms.katalon.core.webui.keyword.internal.WebUIKeywordMain.runKeyword(WebUIKeywordMain.groovy:41)
com.kms.katalon.core.webui.keyword.internal.WebUIKeywordMain.runKeywordUntilTimeout(WebUIKeywordMain.groovy:133)
com.kms.katalon.core.webui.keyword.builtin.SetTextKeyword.setText(SetTextKeyword.groovy:106)
com.kms.katalon.core.webui.keyword.builtin.SetTextKeyword.execute(SetTextKeyword.groovy:49)
com.kms.katalon.core.keyword.internal.KeywordExecutor.executeKeywordForPlatform(KeywordExecutor.groovy:99)
com.kms.katalon.core.webui.keyword.WebUiBuiltInKeywords.setText(WebUiBuiltInKeywords.groovy:1082)
Login with invalid credentials.run(Login with invalid credentials:26)
</property>
</record>
<record>
  <date>2026-05-07T05:20:02.393797Z</date>
  <millis>1778131202393</millis>
  <nanos>797000</nanos>
  <sequence>161</sequence>
  <level>END</level>
  <class>com.kms.katalon.core.logging.XmlKeywordLogger</class>
  <method>endKeyword</method>
  <thread>1</thread>
  <message>End action : setText(findTestObject(&amp;quot;Login with invalid credentials/Page_QWERTY E-Commerce/email_field&amp;quot;), email)</message>
  <nestedLevel>1</nestedLevel>
  <escapedJava>false</escapedJava>
</record>
<record>
  <date>2026-05-07T05:20:02.393887Z</date>
  <millis>1778131202393</millis>
  <nanos>887000</nanos>
  <sequence>162</sequence>
  <level>START</level>
  <class>com.kms.katalon.core.logging.XmlKeywordLogger</class>
  <method>startKeyword</method>
  <thread>1</thread>
  <message>Start action : setEncryptedText(findTestObject(&amp;quot;Login with invalid credentials/Page_QWERTY E-Commerce/password_field&amp;quot;), password)</message>
  <nestedLevel>1</nestedLevel>
  <escapedJava>false</escapedJava>
  <property name="startLine">28</property>
  <property name="stepIndex">5</property>
</record>
<record>
  <date>2026-05-07T05:20:02.505132Z</date>
  <millis>1778131202505</millis>
  <nanos>132000</nanos>
  <sequence>172</sequence>
  <level>FAILED</level>
  <class>com.kms.katalon.core.logging.XmlKeywordLogger</class>
  <method>logMessage</method>
  <thread>1</thread>
  <message>Unable to set encrypted text for object &amp;apos;Object Repository/Login with invalid credentials/Page_QWERTY E-Commerce/password_field&amp;apos; (Root cause: com.kms.katalon.core.exception.StepFailedException: Unable to set encrypted text for object &amp;apos;Object Repository/Login with invalid credentials/Page_QWERTY E-Commerce/password_field&amp;apos;
	at com.kms.katalon.core.webui.keyword.internal.WebUIKeywordMain.stepFailed(WebUIKeywordMain.groovy:177)
	at com.kms.katalon.core.webui.keyword.internal.WebUIKeywordMain.runKeyword(WebUIKeywordMain.groovy:49)
	at com.kms.katalon.core.webui.keyword.internal.WebUIKeywordMain.runKeywordUntilTimeout(WebUIKeywordMain.groovy:133)
	at com.kms.katalon.core.webui.keyword.builtin.SetEncryptedTextKeyword.setEncryptedText(SetEncryptedTextKeyword.groovy:88)
	at com.kms.katalon.core.webui.keyword.builtin.SetEncryptedTextKeyword.execute(SetEncryptedTextKeyword.groovy:48)
	at com.kms.katalon.core.keyword.internal.KeywordExecutor.executeKeywordForPlatform(KeywordExecutor.groovy:99)
	at com.kms.katalon.core.webui.keyword.WebUiBuiltInKeywords.setEncryptedText(WebUiBuiltInKeywords.groovy:1113)
	at Login with invalid credentials.run(Login with invalid credentials:28)
	at com.kms.katalon.core.main.ScriptEngine.run(ScriptEngine.java:203)
	at com.kms.katalon.core.main.ScriptEngine.runScriptAsRawText(ScriptEngine.java:115)
	at com.kms.katalon.core.main.TestCaseExecutor.runScript(TestCaseExecutor.java:504)
	at com.kms.katalon.core.main.TestCaseExecutor.doExecute(TestCaseExecutor.java:495)
	at com.kms.katalon.core.main.TestCaseExecutor.processExecutionPhase(TestCaseExecutor.java:474)
	at com.kms.katalon.core.main.TestCaseExecutor.accessMainPhase(TestCaseExecutor.java:466)
	at com.kms.katalon.core.main.TestCaseExecutor.execute(TestCaseExecutor.java:336)
	at com.kms.katalon.core.common.CommonExecutor.accessTestCaseMainPhase(CommonExecutor.java:71)
	at com.kms.katalon.core.main.TestSuiteExecutor.accessTestSuiteMainPhase(TestSuiteExecutor.java:153)
	at com.kms.katalon.core.main.TestSuiteExecutor.execute(TestSuiteExecutor.java:110)
	at com.kms.katalon.core.main.TestCaseMain.startTestSuite(TestCaseMain.java:206)
	at S0507_1.run(S0507_1.groovy:40)
	at java.base/jdk.internal.reflect.DirectMethodHandleAccessor.invoke(DirectMethodHandleAccessor.java:103)
Caused by: java.lang.IllegalArgumentException: Illegal base64 character 40
	at com.kms.katalon.util.CryptoUtil.decode(CryptoUtil.java:86)
	at com.kms.katalon.core.webui.keyword.builtin.SetEncryptedTextKeyword$_setEncryptedText_closure1.doCall(SetEncryptedTextKeyword.groovy:66)
	at java.base/jdk.internal.reflect.DirectMethodHandleAccessor.invoke(DirectMethodHandleAccessor.java:103)
	at jdk.proxy2/jdk.proxy2.$Proxy56.execute(Unknown Source)
	at com.kms.katalon.core.webui.model.SeleniumActionRetryController.performAction(SeleniumActionRetryController.java:96)
	at com.kms.katalon.core.webui.model.SeleniumActionRetryController.performAction(SeleniumActionRetryController.java:83)
	at com.kms.katalon.core.webui.keyword.internal.WebUIKeywordMain$_runKeywordUntilTimeout_closure1.doCall(WebUIKeywordMain.groovy:135)
	at com.kms.katalon.core.webui.keyword.internal.WebUIKeywordMain$_runKeywordUntilTimeout_closure1.call(WebUIKeywordMain.groovy)
	at com.kms.katalon.core.webui.keyword.internal.WebUIKeywordMain.runKeyword(WebUIKeywordMain.groovy:41)
	at com.kms.katalon.core.webui.keyword.internal.WebUIKeywordMain.runKeywordUntilTimeout(WebUIKeywordMain.groovy:133)
	at com.kms.katalon.core.webui.keyword.builtin.SetEncryptedTextKeyword.setEncryptedText(SetEncryptedTextKeyword.groovy:88)
	at com.kms.katalon.core.webui.keyword.builtin.SetEncryptedTextKeyword.execute(SetEncryptedTextKeyword.groovy:48)
	at com.kms.katalon.core.keyword.internal.KeywordExecutor.executeKeywordForPlatform(KeywordExecutor.groovy:99)
	at com.kms.katalon.core.webui.keyword.WebUiBuiltInKeywords.setEncryptedText(WebUiBuiltInKeywords.groovy:1113)
	at Script1778128744249.run(Script1778128744249.groovy:28)
	... 13 more
)</message>
  <nestedLevel>1</nestedLevel>
  <escapedJava>false</escapedJava>
  <property name="failed.exception.class">java.lang.IllegalArgumentException</property>
  <property name="attachment">1778131202401.png</property>
  <property name="failed.exception.stacktrace">java.lang.IllegalArgumentException: Illegal base64 character 40
	at com.kms.katalon.util.CryptoUtil.decode(CryptoUtil.java:86)
	at com.kms.katalon.core.webui.keyword.builtin.SetEncryptedTextKeyword$_setEncryptedText_closure1.doCall(SetEncryptedTextKeyword.groovy:66)
	at java.base/jdk.internal.reflect.DirectMethodHandleAccessor.invoke(DirectMethodHandleAccessor.java:103)
	at jdk.proxy2/jdk.proxy2.$Proxy56.execute(Unknown Source)
	at com.kms.katalon.core.webui.model.SeleniumActionRetryController.performAction(SeleniumActionRetryController.java:96)
	at com.kms.katalon.core.webui.model.SeleniumActionRetryController.performAction(SeleniumActionRetryController.java:83)
	at com.kms.katalon.core.webui.keyword.internal.WebUIKeywordMain$_runKeywordUntilTimeout_closure1.doCall(WebUIKeywordMain.groovy:135)
	at com.kms.katalon.core.webui.keyword.internal.WebUIKeywordMain$_runKeywordUntilTimeout_closure1.call(WebUIKeywordMain.groovy)
	at com.kms.katalon.core.webui.keyword.internal.WebUIKeywordMain.runKeyword(WebUIKeywordMain.groovy:41)
	at com.kms.katalon.core.webui.keyword.internal.WebUIKeywordMain.runKeywordUntilTimeout(WebUIKeywordMain.groovy:133)
	at com.kms.katalon.core.webui.keyword.builtin.SetEncryptedTextKeyword.setEncryptedText(SetEncryptedTextKeyword.groovy:88)
	at com.kms.katalon.core.webui.keyword.builtin.SetEncryptedTextKeyword.execute(SetEncryptedTextKeyword.groovy:48)
	at com.kms.katalon.core.keyword.internal.KeywordExecutor.executeKeywordForPlatform(KeywordExecutor.groovy:99)
	at com.kms.katalon.core.webui.keyword.WebUiBuiltInKeywords.setEncryptedText(WebUiBuiltInKeywords.groovy:1113)
	at Login with invalid credentials.run(Login with invalid credentials:28)
	at com.kms.katalon.core.main.ScriptEngine.run(ScriptEngine.java:203)
	at com.kms.katalon.core.main.ScriptEngine.runScriptAsRawText(ScriptEngine.java:115)
	at com.kms.katalon.core.main.TestCaseExecutor.runScript(TestCaseExecutor.java:504)
	at com.kms.katalon.core.main.TestCaseExecutor.doExecute(TestCaseExecutor.java:495)
	at com.kms.katalon.core.main.TestCaseExecutor.processExecutionPhase(TestCaseExecutor.java:474)
	at com.kms.katalon.core.main.TestCaseExecutor.accessMainPhase(TestCaseExecutor.java:466)
	at com.kms.katalon.core.main.TestCaseExecutor.execute(TestCaseExecutor.java:336)
	at com.kms.katalon.core.common.CommonExecutor.accessTestCaseMainPhase(CommonExecutor.java:71)
	at com.kms.katalon.core.main.TestSuiteExecutor.accessTestSuiteMainPhase(TestSuiteExecutor.java:153)
	at com.kms.katalon.core.main.TestSuiteExecutor.execute(TestSuiteExecutor.java:110)
	at com.kms.katalon.core.main.TestCaseMain.startTestSuite(TestCaseMain.java:206)
	at S0507_1.run(S0507_1.groovy:40)
	at java.base/jdk.internal.reflect.DirectMethodHandleAccessor.invoke(DirectMethodHandleAccessor.java:103)
</property>
  <property name="failed.exception.message">Illegal base64 character 40</property>
</record>
<record>
  <date>2026-05-07T05:20:02.505767Z</date>
  <millis>1778131202505</millis>
  <nanos>767000</nanos>
  <sequence>175</sequence>
  <level>END</level>
  <class>com.kms.katalon.core.logging.XmlKeywordLogger</class>
  <method>endKeyword</method>
  <thread>1</thread>
  <message>End action : setEncryptedText(findTestObject(&amp;quot;Login with invalid credentials/Page_QWERTY E-Commerce/password_field&amp;quot;), password)</message>
  <nestedLevel>1</nestedLevel>
  <escapedJava>false</escapedJava>
</record>
<record>
  <date>2026-05-07T05:20:02.506171Z</date>
  <millis>1778131202506</millis>
  <nanos>171000</nanos>
  <sequence>178</sequence>
  <level>FAILED</level>
  <class>com.kms.katalon.core.logging.XmlKeywordLogger</class>
  <method>logMessage</method>
  <thread>1</thread>
  <message>Test Cases/Login Verification/Login with invalid credentials FAILED.
Reason:
com.kms.katalon.core.exception.StepFailedException: Unable to set encrypted text for object &amp;apos;Object Repository/Login with invalid credentials/Page_QWERTY E-Commerce/password_field&amp;apos;
	at com.kms.katalon.core.webui.keyword.internal.WebUIKeywordMain.stepFailed(WebUIKeywordMain.groovy:177)
	at com.kms.katalon.core.webui.keyword.internal.WebUIKeywordMain.runKeyword(WebUIKeywordMain.groovy:49)
	at com.kms.katalon.core.webui.keyword.internal.WebUIKeywordMain.runKeywordUntilTimeout(WebUIKeywordMain.groovy:133)
	at com.kms.katalon.core.webui.keyword.builtin.SetEncryptedTextKeyword.setEncryptedText(SetEncryptedTextKeyword.groovy:88)
	at com.kms.katalon.core.webui.keyword.builtin.SetEncryptedTextKeyword.execute(SetEncryptedTextKeyword.groovy:48)
	at com.kms.katalon.core.keyword.internal.KeywordExecutor.executeKeywordForPlatform(KeywordExecutor.groovy:99)
	at com.kms.katalon.core.webui.keyword.WebUiBuiltInKeywords.setEncryptedText(WebUiBuiltInKeywords.groovy:1113)
	at Login with invalid credentials.run(Login with invalid credentials:28)
	at com.kms.katalon.core.main.ScriptEngine.run(ScriptEngine.java:203)
	at com.kms.katalon.core.main.ScriptEngine.runScriptAsRawText(ScriptEngine.java:115)
	at com.kms.katalon.core.main.TestCaseExecutor.runScript(TestCaseExecutor.java:504)
	at com.kms.katalon.core.main.TestCaseExecutor.doExecute(TestCaseExecutor.java:495)
	at com.kms.katalon.core.main.TestCaseExecutor.processExecutionPhase(TestCaseExecutor.java:474)
	at com.kms.katalon.core.main.TestCaseExecutor.accessMainPhase(TestCaseExecutor.java:466)
	at com.kms.katalon.core.main.TestCaseExecutor.execute(TestCaseExecutor.java:336)
	at com.kms.katalon.core.common.CommonExecutor.accessTestCaseMainPhase(CommonExecutor.java:71)
	at com.kms.katalon.core.main.TestSuiteExecutor.accessTestSuiteMainPhase(TestSuiteExecutor.java:153)
	at com.kms.katalon.core.main.TestSuiteExecutor.execute(TestSuiteExecutor.java:110)
	at com.kms.katalon.core.main.TestCaseMain.startTestSuite(TestCaseMain.java:206)
	at S0507_1.run(S0507_1.groovy:40)
	at java.base/jdk.internal.reflect.DirectMethodHandleAccessor.invoke(DirectMethodHandleAccessor.java:103)
Caused by: java.lang.IllegalArgumentException: Illegal base64 character 40
	at com.kms.katalon.util.CryptoUtil.decode(CryptoUtil.java:86)
	at com.kms.katalon.core.webui.keyword.builtin.SetEncryptedTextKeyword$_setEncryptedText_closure1.doCall(SetEncryptedTextKeyword.groovy:66)
	at java.base/jdk.internal.reflect.DirectMethodHandleAccessor.invoke(DirectMethodHandleAccessor.java:103)
	at jdk.proxy2/jdk.proxy2.$Proxy56.execute(Unknown Source)
	at com.kms.katalon.core.webui.model.SeleniumActionRetryController.performAction(SeleniumActionRetryController.java:96)
	at com.kms.katalon.core.webui.model.SeleniumActionRetryController.performAction(SeleniumActionRetryController.java:83)
	at com.kms.katalon.core.webui.keyword.internal.WebUIKeywordMain$_runKeywordUntilTimeout_closure1.doCall(WebUIKeywordMain.groovy:135)
	at com.kms.katalon.core.webui.keyword.internal.WebUIKeywordMain$_runKeywordUntilTimeout_closure1.call(WebUIKeywordMain.groovy)
	at com.kms.katalon.core.webui.keyword.internal.WebUIKeywordMain.runKeyword(WebUIKeywordMain.groovy:41)
	... 19 more
</message>
  <exception>
    <message>com.kms.katalon.core.exception.StepFailedException: Unable to set encrypted text for object 'Object Repository/Login with invalid credentials/Page_QWERTY E-Commerce/password_field'</message>
    <frame>
      <class>com.kms.katalon.core.logging.XmlKeywordLogger</class>
      <method>logMessage</method>
      <line>518</line>
    </frame>
    <frame>
      <class>com.kms.katalon.core.logging.KeywordLogger</class>
      <method>logMessage</method>
      <line>475</line>
    </frame>
    <frame>
      <class>com.kms.katalon.core.main.TestCaseExecutor</class>
      <method>logError</method>
      <line>621</line>
    </frame>
    <frame>
      <class>com.kms.katalon.core.main.TestCaseExecutor</class>
      <method>onExecutionError</method>
      <line>199</line>
    </frame>
    <frame>
      <class>com.kms.katalon.core.main.TestCaseExecutor</class>
      <method>processExecutionPhase</method>
      <line>484</line>
    </frame>
    <frame>
      <class>com.kms.katalon.core.main.TestCaseExecutor</class>
      <method>accessMainPhase</method>
      <line>466</line>
    </frame>
    <frame>
      <class>com.kms.katalon.core.main.TestCaseExecutor</class>
      <method>execute</method>
      <line>336</line>
    </frame>
    <frame>
      <class>com.kms.katalon.core.common.CommonExecutor</class>
      <method>accessTestCaseMainPhase</method>
      <line>71</line>
    </frame>
    <frame>
      <class>com.kms.katalon.core.main.TestSuiteExecutor</class>
      <method>accessTestSuiteMainPhase</method>
      <line>153</line>
    </frame>
    <frame>
      <class>com.kms.katalon.core.main.TestSuiteExecutor</class>
      <method>execute</method>
      <line>110</line>
    </frame>
    <frame>
      <class>com.kms.katalon.core.main.TestCaseMain</class>
      <method>startTestSuite</method>
      <line>206</line>
    </frame>
    <frame>
      <class>org.codehaus.groovy.vmplugin.v8.IndyInterface</class>
      <method>fromCache</method>
      <line>318</line>
    </frame>
    <frame>
      <class>S0507_1</class>
      <method>run</method>
      <line>40</line>
    </frame>
    <frame>
      <class>groovy.lang.GroovyShell</class>
      <method>runScriptOrMainOrTestOrRunnable</method>
      <line>254</line>
    </frame>
    <frame>
      <class>groovy.lang.GroovyShell</class>
      <method>run</method>
      <line>360</line>
    </frame>
    <frame>
      <class>groovy.lang.GroovyShell</class>
      <method>run</method>
      <line>349</line>
    </frame>
    <frame>
      <class>groovy.ui.GroovyMain</class>
      <method>processOnce</method>
      <line>652</line>
    </frame>
    <frame>
      <class>groovy.ui.GroovyMain</class>
      <method>run</method>
      <line>398</line>
    </frame>
    <frame>
      <class>groovy.ui.GroovyMain</class>
      <method>access$1400</method>
      <line>68</line>
    </frame>
    <frame>
      <class>groovy.ui.GroovyMain$GroovyCommand</class>
      <method>process</method>
      <line>322</line>
    </frame>
    <frame>
      <class>groovy.ui.GroovyMain</class>
      <method>processArgs</method>
      <line>142</line>
    </frame>
    <frame>
      <class>groovy.ui.GroovyMain</class>
      <method>main</method>
      <line>115</line>
    </frame>
    <frame>
      <class>jdk.internal.reflect.DirectMethodHandleAccessor</class>
      <method>invoke</method>
      <line>103</line>
    </frame>
    <frame>
      <class>java.lang.reflect.Method</class>
      <method>invoke</method>
      <line>580</line>
    </frame>
    <frame>
      <class>org.codehaus.groovy.tools.GroovyStarter</class>
      <method>rootLoader</method>
      <line>117</line>
    </frame>
    <frame>
      <class>org.codehaus.groovy.tools.GroovyStarter</class>
      <method>main</method>
      <line>39</line>
    </frame>
  </exception>
  <nestedLevel>0</nestedLevel>
  <escapedJava>false</escapedJava>
  <property name="failed.exception.stacktrace">java.lang.IllegalArgumentException: Illegal base64 character 40
	at com.kms.katalon.util.CryptoUtil.decode(CryptoUtil.java:86)
	at com.kms.katalon.core.webui.keyword.builtin.SetEncryptedTextKeyword$_setEncryptedText_closure1.doCall(SetEncryptedTextKeyword.groovy:66)
	at java.base/jdk.internal.reflect.DirectMethodHandleAccessor.invoke(DirectMethodHandleAccessor.java:103)
	at jdk.proxy2/jdk.proxy2.$Proxy56.execute(Unknown Source)
	at com.kms.katalon.core.webui.model.SeleniumActionRetryController.performAction(SeleniumActionRetryController.java:96)
	at com.kms.katalon.core.webui.model.SeleniumActionRetryController.performAction(SeleniumActionRetryController.java:83)
	at com.kms.katalon.core.webui.keyword.internal.WebUIKeywordMain$_runKeywordUntilTimeout_closure1.doCall(WebUIKeywordMain.groovy:135)
	at com.kms.katalon.core.webui.keyword.internal.WebUIKeywordMain$_runKeywordUntilTimeout_closure1.call(WebUIKeywordMain.groovy)
	at com.kms.katalon.core.webui.keyword.internal.WebUIKeywordMain.runKeyword(WebUIKeywordMain.groovy:41)
	at com.kms.katalon.core.webui.keyword.internal.WebUIKeywordMain.runKeywordUntilTimeout(WebUIKeywordMain.groovy:133)
	at com.kms.katalon.core.webui.keyword.builtin.SetEncryptedTextKeyword.setEncryptedText(SetEncryptedTextKeyword.groovy:88)
	at com.kms.katalon.core.webui.keyword.builtin.SetEncryptedTextKeyword.execute(SetEncryptedTextKeyword.groovy:48)
	at com.kms.katalon.core.keyword.internal.KeywordExecutor.executeKeywordForPlatform(KeywordExecutor.groovy:99)
	at com.kms.katalon.core.webui.keyword.WebUiBuiltInKeywords.setEncryptedText(WebUiBuiltInKeywords.groovy:1113)
	at Login with invalid credentials.run(Login with invalid credentials:28)
	at com.kms.katalon.core.main.ScriptEngine.run(ScriptEngine.java:203)
	at com.kms.katalon.core.main.ScriptEngine.runScriptAsRawText(ScriptEngine.java:115)
	at com.kms.katalon.core.main.TestCaseExecutor.runScript(TestCaseExecutor.java:504)
	at com.kms.katalon.core.main.TestCaseExecutor.doExecute(TestCaseExecutor.java:495)
	at com.kms.katalon.core.main.TestCaseExecutor.processExecutionPhase(TestCaseExecutor.java:474)
	at com.kms.katalon.core.main.TestCaseExecutor.accessMainPhase(TestCaseExecutor.java:466)
	at com.kms.katalon.core.main.TestCaseExecutor.execute(TestCaseExecutor.java:336)
	at com.kms.katalon.core.common.CommonExecutor.accessTestCaseMainPhase(CommonExecutor.java:71)
	at com.kms.katalon.core.main.TestSuiteExecutor.accessTestSuiteMainPhase(TestSuiteExecutor.java:153)
	at com.kms.katalon.core.main.TestSuiteExecutor.execute(TestSuiteExecutor.java:110)
	at com.kms.katalon.core.main.TestCaseMain.startTestSuite(TestCaseMain.java:206)
	at S0507_1.run(S0507_1.groovy:40)
	at java.base/jdk.internal.reflect.DirectMethodHandleAccessor.invoke(DirectMethodHandleAccessor.java:103)
</property>
  <property name="failed.exception.class">java.lang.IllegalArgumentException</property>
  <property name="failed.exception.message">Illegal base64 character 40</property>
</record>
<record>
  <date>2026-05-07T05:20:02.507087Z</date>
  <millis>1778131202507</millis>
  <nanos>87000</nanos>
  <sequence>180</sequence>
  <level>END</level>
  <class>com.kms.katalon.core.logging.XmlKeywordLogger</class>
  <method>endTest</method>
  <thread>1</thread>
  <message>End Test Case : Test Cases/Login Verification/Login with invalid credentials</message>
  <nestedLevel>0</nestedLevel>
  <escapedJava>false</escapedJava>
  <property name="executionBindingVariables">[
  {
    &quot;value&quot;: &quot;test01@qwerty.com&quot;,
    &quot;isDefault&quot;: false,
    &quot;name&quot;: &quot;email&quot;,
    &quot;masked&quot;: false
  },
  {
    &quot;value&quot;: &quot;User@000&quot;,
    &quot;isDefault&quot;: false,
    &quot;name&quot;: &quot;password&quot;,
    &quot;masked&quot;: false
  }
]</property>
  <property name="applitools">false</property>
  <property name="remainingRetryCount">3</property>
  <property name="executedKeywords">{
  &quot;WebUI.setEncryptedText&quot;: 1,
  &quot;WebUI.navigateToUrl&quot;: 1,
  &quot;WebUI.click&quot;: 1,
  &quot;WebUI.openBrowser&quot;: 1,
  &quot;WebUI.setText&quot;: 1
}</property>
  <property name="currentRetryCount">0</property>
  <property name="keywordsUsage">{
  &quot;web_ui&quot;: true,
  &quot;web_service&quot;: false,
  &quot;cucumber&quot;: false,
  &quot;builtin&quot;: false,
  &quot;mobile&quot;: false,
  &quot;windows&quot;: false,
  &quot;testng&quot;: false
}</property>
</record>
<record>
  <date>2026-05-07T05:20:02.508203Z</date>
  <millis>1778131202508</millis>
  <nanos>203000</nanos>
  <sequence>181</sequence>
  <level>START</level>
  <class>com.kms.katalon.core.logging.XmlKeywordLogger</class>
  <method>startTest</method>
  <thread>1</thread>
  <message>Start Test Case : Test Cases/Login Verification/Login with invalid credentials</message>
  <nestedLevel>1</nestedLevel>
  <escapedJava>false</escapedJava>
  <property name="remainingRetryCount">2</property>
  <property name="origin">WEB_RECORDER</property>
  <property name="name">Test Cases/Login Verification/Login with invalid credentials</property>
  <property name="description"></property>
  <property name="iteration"></property>
  <property name="id">Test Cases/Login Verification/Login with invalid credentials</property>
  <property name="source">\Users\fazza_abiyyu\Documents\Projects\Hobby\KATALON_QWERTY\Test Cases\Login Verification\Login with invalid credentials.tc</property>
  <property name="tag">auth</property>
  <property name="isOptional">false</property>
  <property name="uuid">cdecb164-061b-4bad-ae6d-2efd12f03cee</property>
  <property name="currentRetryCount">1</property>
</record>
<record>
  <date>2026-05-07T05:20:02.511776Z</date>
  <millis>1778131202511</millis>
  <nanos>776000</nanos>
  <sequence>183</sequence>
  <level>INFO</level>
  <class>com.kms.katalon.core.logging.XmlKeywordLogger</class>
  <method>logMessage</method>
  <thread>1</thread>
  <message>email = test01@qwerty.com</message>
  <nestedLevel>1</nestedLevel>
  <escapedJava>false</escapedJava>
</record>
<record>
  <date>2026-05-07T05:20:02.512073Z</date>
  <millis>1778131202512</millis>
  <nanos>73000</nanos>
  <sequence>184</sequence>
  <level>INFO</level>
  <class>com.kms.katalon.core.logging.XmlKeywordLogger</class>
  <method>logMessage</method>
  <thread>1</thread>
  <message>password = User@000</message>
  <nestedLevel>1</nestedLevel>
  <escapedJava>false</escapedJava>
</record>
<record>
  <date>2026-05-07T05:20:02.512592Z</date>
  <millis>1778131202512</millis>
  <nanos>592000</nanos>
  <sequence>185</sequence>
  <level>RUN_DATA</level>
  <class>com.kms.katalon.core.logging.XmlKeywordLogger</class>
  <method>logMessage</method>
  <thread>1</thread>
  <message>executionBindingVariables = [
  {
    &amp;quot;value&amp;quot;: &amp;quot;test01@qwerty.com&amp;quot;,
    &amp;quot;isDefault&amp;quot;: false,
    &amp;quot;name&amp;quot;: &amp;quot;email&amp;quot;,
    &amp;quot;masked&amp;quot;: false
  },
  {
    &amp;quot;value&amp;quot;: &amp;quot;User@000&amp;quot;,
    &amp;quot;isDefault&amp;quot;: false,
    &amp;quot;name&amp;quot;: &amp;quot;password&amp;quot;,
    &amp;quot;masked&amp;quot;: false
  }
]</message>
  <nestedLevel>1</nestedLevel>
  <escapedJava>false</escapedJava>
  <property name="executionBindingVariables">[
  {
    &quot;value&quot;: &quot;test01@qwerty.com&quot;,
    &quot;isDefault&quot;: false,
    &quot;name&quot;: &quot;email&quot;,
    &quot;masked&quot;: false
  },
  {
    &quot;value&quot;: &quot;User@000&quot;,
    &quot;isDefault&quot;: false,
    &quot;name&quot;: &quot;password&quot;,
    &quot;masked&quot;: false
  }
]</property>
</record>
<record>
  <date>2026-05-07T05:20:02.513177Z</date>
  <millis>1778131202513</millis>
  <nanos>177000</nanos>
  <sequence>186</sequence>
  <level>START</level>
  <class>com.kms.katalon.core.logging.XmlKeywordLogger</class>
  <method>startKeyword</method>
  <thread>1</thread>
  <message>Start action : openBrowser(&amp;quot;&amp;quot;)</message>
  <nestedLevel>1</nestedLevel>
  <escapedJava>false</escapedJava>
  <property name="startLine">20</property>
  <property name="stepIndex">1</property>
</record>
<record>
  <date>2026-05-07T05:20:02.513762Z</date>
  <millis>1778131202513</millis>
  <nanos>762000</nanos>
  <sequence>189</sequence>
  <level>WARNING</level>
  <class>com.kms.katalon.core.logging.XmlKeywordLogger</class>
  <method>logMessage</method>
  <thread>1</thread>
  <message>A browser is already opened. Closing browser and opening a new one</message>
  <nestedLevel>1</nestedLevel>
  <escapedJava>false</escapedJava>
</record>
<record>
  <date>2026-05-07T05:20:02.598712Z</date>
  <millis>1778131202598</millis>
  <nanos>712000</nanos>
  <sequence>190</sequence>
  <level>INFO</level>
  <class>com.kms.katalon.core.logging.XmlKeywordLogger</class>
  <method>logMessage</method>
  <thread>1</thread>
  <message>Starting &amp;apos;Chrome&amp;apos; driver</message>
  <nestedLevel>1</nestedLevel>
  <escapedJava>false</escapedJava>
</record>
<record>
  <date>2026-05-07T05:20:02.600474Z</date>
  <millis>1778131202600</millis>
  <nanos>474000</nanos>
  <sequence>191</sequence>
  <level>INFO</level>
  <class>com.kms.katalon.core.logging.XmlKeywordLogger</class>
  <method>logMessage</method>
  <thread>1</thread>
  <message>Action delay is set to 0 milliseconds</message>
  <nestedLevel>1</nestedLevel>
  <escapedJava>false</escapedJava>
</record>
<record>
  <date>2026-05-07T05:20:03.489925Z</date>
  <millis>1778131203489</millis>
  <nanos>925000</nanos>
  <sequence>193</sequence>
  <level>RUN_DATA</level>
  <class>com.kms.katalon.core.logging.XmlKeywordLogger</class>
  <method>logMessage</method>
  <thread>1</thread>
  <message>sessionId = eff82b82bdc4237766b5c42d122154ee</message>
  <nestedLevel>1</nestedLevel>
  <escapedJava>false</escapedJava>
  <property name="sessionId">eff82b82bdc4237766b5c42d122154ee</property>
</record>
<record>
  <date>2026-05-07T05:20:03.490358Z</date>
  <millis>1778131203490</millis>
  <nanos>358000</nanos>
  <sequence>194</sequence>
  <level>RUN_DATA</level>
  <class>com.kms.katalon.core.logging.XmlKeywordLogger</class>
  <method>logMessage</method>
  <thread>1</thread>
  <message>browser = Chrome 147.0.7727.138</message>
  <nestedLevel>1</nestedLevel>
  <escapedJava>false</escapedJava>
  <property name="browser">Chrome 147.0.7727.138</property>
</record>
<record>
  <date>2026-05-07T05:20:03.490594Z</date>
  <millis>1778131203490</millis>
  <nanos>594000</nanos>
  <sequence>195</sequence>
  <level>RUN_DATA</level>
  <class>com.kms.katalon.core.logging.XmlKeywordLogger</class>
  <method>logMessage</method>
  <thread>1</thread>
  <message>platform = Mac OS X</message>
  <nestedLevel>1</nestedLevel>
  <escapedJava>false</escapedJava>
  <property name="platform">Mac OS X</property>
</record>
<record>
  <date>2026-05-07T05:20:03.490695Z</date>
  <millis>1778131203490</millis>
  <nanos>695000</nanos>
  <sequence>196</sequence>
  <level>RUN_DATA</level>
  <class>com.kms.katalon.core.logging.XmlKeywordLogger</class>
  <method>logMessage</method>
  <thread>1</thread>
  <message>seleniumVersion = 4.39.0</message>
  <nestedLevel>1</nestedLevel>
  <escapedJava>false</escapedJava>
  <property name="seleniumVersion">4.39.0</property>
</record>
<record>
  <date>2026-05-07T05:20:03.490915Z</date>
  <millis>1778131203490</millis>
  <nanos>915000</nanos>
  <sequence>197</sequence>
  <level>RUN_DATA</level>
  <class>com.kms.katalon.core.logging.XmlKeywordLogger</class>
  <method>logMessage</method>
  <thread>1</thread>
  <message>proxyInformation = ProxyInformation { proxyOption=NO_PROXY, proxyServerType=HTTP, username=, password=********, proxyServerAddress=, proxyServerPort=0, executionList=&amp;quot;&amp;quot;, isApplyToDesiredCapabilities=true }</message>
  <nestedLevel>1</nestedLevel>
  <escapedJava>false</escapedJava>
  <property name="proxyInformation">ProxyInformation { proxyOption=NO_PROXY, proxyServerType=HTTP, username=, password=********, proxyServerAddress=, proxyServerPort=0, executionList=&quot;&quot;, isApplyToDesiredCapabilities=true }</property>
</record>
<record>
  <date>2026-05-07T05:20:03.495646Z</date>
  <millis>1778131203495</millis>
  <nanos>646000</nanos>
  <sequence>198</sequence>
  <level>PASSED</level>
  <class>com.kms.katalon.core.logging.XmlKeywordLogger</class>
  <method>logMessage</method>
  <thread>1</thread>
  <message>Browser is opened with url: &amp;apos;&amp;apos;</message>
  <nestedLevel>1</nestedLevel>
  <escapedJava>false</escapedJava>
  <property name="testops-method-name">com.kms.katalon.core.webui.keyword.builtin.OpenBrowserKeyword.openBrowser</property>
  <property name="testops-execution-stacktrace"></property>
</record>
<record>
  <date>2026-05-07T05:20:03.495914Z</date>
  <millis>1778131203495</millis>
  <nanos>914000</nanos>
  <sequence>199</sequence>
  <level>END</level>
  <class>com.kms.katalon.core.logging.XmlKeywordLogger</class>
  <method>endKeyword</method>
  <thread>1</thread>
  <message>End action : openBrowser(&amp;quot;&amp;quot;)</message>
  <nestedLevel>1</nestedLevel>
  <escapedJava>false</escapedJava>
</record>
<record>
  <date>2026-05-07T05:20:03.495990Z</date>
  <millis>1778131203495</millis>
  <nanos>990000</nanos>
  <sequence>200</sequence>
  <level>START</level>
  <class>com.kms.katalon.core.logging.XmlKeywordLogger</class>
  <method>startKeyword</method>
  <thread>1</thread>
  <message>Start action : navigateToUrl(&amp;quot;https://qwerty.abiyyu.xyz/&amp;quot;)</message>
  <nestedLevel>1</nestedLevel>
  <escapedJava>false</escapedJava>
  <property name="startLine">22</property>
  <property name="stepIndex">2</property>
</record>
<record>
  <date>2026-05-07T05:20:04.023250Z</date>
  <millis>1778131204023</millis>
  <nanos>250000</nanos>
  <sequence>204</sequence>
  <level>PASSED</level>
  <class>com.kms.katalon.core.logging.XmlKeywordLogger</class>
  <method>logMessage</method>
  <thread>1</thread>
  <message>Navigate to &amp;apos;https://qwerty.abiyyu.xyz/&amp;apos; successfully</message>
  <nestedLevel>1</nestedLevel>
  <escapedJava>false</escapedJava>
  <property name="testops-method-name">com.kms.katalon.core.webui.keyword.builtin.NavigateToUrlKeyword.navigateToUrl</property>
  <property name="testops-execution-stacktrace"></property>
</record>
<record>
  <date>2026-05-07T05:20:04.024408Z</date>
  <millis>1778131204024</millis>
  <nanos>408000</nanos>
  <sequence>205</sequence>
  <level>END</level>
  <class>com.kms.katalon.core.logging.XmlKeywordLogger</class>
  <method>endKeyword</method>
  <thread>1</thread>
  <message>End action : navigateToUrl(&amp;quot;https://qwerty.abiyyu.xyz/&amp;quot;)</message>
  <nestedLevel>1</nestedLevel>
  <escapedJava>false</escapedJava>
</record>
<record>
  <date>2026-05-07T05:20:04.024731Z</date>
  <millis>1778131204024</millis>
  <nanos>731000</nanos>
  <sequence>206</sequence>
  <level>START</level>
  <class>com.kms.katalon.core.logging.XmlKeywordLogger</class>
  <method>startKeyword</method>
  <thread>1</thread>
  <message>Start action : click(findTestObject(&amp;quot;Login with invalid credentials/Page_QWERTY E-Commerce/icon_sign_in&amp;quot;))</message>
  <nestedLevel>1</nestedLevel>
  <escapedJava>false</escapedJava>
  <property name="startLine">24</property>
  <property name="stepIndex">3</property>
</record>
<record>
  <date>2026-05-07T05:20:05.367604Z</date>
  <millis>1778131205367</millis>
  <nanos>604000</nanos>
  <sequence>217</sequence>
  <level>PASSED</level>
  <class>com.kms.katalon.core.logging.XmlKeywordLogger</class>
  <method>logMessage</method>
  <thread>1</thread>
  <message>Object: &amp;apos;Object Repository/Login with invalid credentials/Page_QWERTY E-Commerce/icon_sign_in&amp;apos; is clicked on</message>
  <nestedLevel>1</nestedLevel>
  <escapedJava>false</escapedJava>
  <property name="testops-method-name">com.kms.katalon.core.webui.keyword.internal.WebUIKeywordMain.runKeywordUntilTimeout</property>
  <property name="testops-execution-stacktrace">com.kms.katalon.core.logging.KeywordLogger.logPassed(KeywordLogger.java:350)
com.kms.katalon.core.logging.KeywordLogger.logPassed(KeywordLogger.java:345)
com.kms.katalon.core.webui.keyword.builtin.ClickKeyword$_click_closure1.doCall(ClickKeyword.groovy:66)
java.base/jdk.internal.reflect.DirectMethodHandleAccessor.invoke(DirectMethodHandleAccessor.java:103)
jdk.proxy2/jdk.proxy2.$Proxy56.execute(Unknown Source)
com.kms.katalon.core.webui.model.SeleniumActionRetryController.performAction(SeleniumActionRetryController.java:96)
com.kms.katalon.core.webui.model.SeleniumActionRetryController.performAction(SeleniumActionRetryController.java:83)
com.kms.katalon.core.webui.keyword.internal.WebUIKeywordMain$_runKeywordUntilTimeout_closure1.doCall(WebUIKeywordMain.groovy:135)
com.kms.katalon.core.webui.keyword.internal.WebUIKeywordMain$_runKeywordUntilTimeout_closure1.call(WebUIKeywordMain.groovy)
com.kms.katalon.core.webui.keyword.internal.WebUIKeywordMain.runKeyword(WebUIKeywordMain.groovy:41)
com.kms.katalon.core.webui.keyword.internal.WebUIKeywordMain.runKeywordUntilTimeout(WebUIKeywordMain.groovy:133)
com.kms.katalon.core.webui.keyword.builtin.ClickKeyword.click(ClickKeyword.groovy:72)
com.kms.katalon.core.webui.keyword.builtin.ClickKeyword.execute(ClickKeyword.groovy:38)
com.kms.katalon.core.keyword.internal.KeywordExecutor.executeKeywordForPlatform(KeywordExecutor.groovy:99)
com.kms.katalon.core.webui.keyword.WebUiBuiltInKeywords.click(WebUiBuiltInKeywords.groovy:722)
Login with invalid credentials.run(Login with invalid credentials:24)
</property>
</record>
<record>
  <date>2026-05-07T05:20:05.368244Z</date>
  <millis>1778131205368</millis>
  <nanos>244000</nanos>
  <sequence>218</sequence>
  <level>END</level>
  <class>com.kms.katalon.core.logging.XmlKeywordLogger</class>
  <method>endKeyword</method>
  <thread>1</thread>
  <message>End action : click(findTestObject(&amp;quot;Login with invalid credentials/Page_QWERTY E-Commerce/icon_sign_in&amp;quot;))</message>
  <nestedLevel>1</nestedLevel>
  <escapedJava>false</escapedJava>
</record>
<record>
  <date>2026-05-07T05:20:05.368351Z</date>
  <millis>1778131205368</millis>
  <nanos>351000</nanos>
  <sequence>219</sequence>
  <level>START</level>
  <class>com.kms.katalon.core.logging.XmlKeywordLogger</class>
  <method>startKeyword</method>
  <thread>1</thread>
  <message>Start action : setText(findTestObject(&amp;quot;Login with invalid credentials/Page_QWERTY E-Commerce/email_field&amp;quot;), email)</message>
  <nestedLevel>1</nestedLevel>
  <escapedJava>false</escapedJava>
  <property name="startLine">26</property>
  <property name="stepIndex">4</property>
</record>
<record>
  <date>2026-05-07T05:20:06.458968Z</date>
  <millis>1778131206458</millis>
  <nanos>968000</nanos>
  <sequence>233</sequence>
  <level>PASSED</level>
  <class>com.kms.katalon.core.logging.XmlKeywordLogger</class>
  <method>logMessage</method>
  <thread>1</thread>
  <message>Text &amp;apos;test01@qwerty.com&amp;apos; is set on object &amp;apos;Object Repository/Login with invalid credentials/Page_QWERTY E-Commerce/email_field&amp;apos;</message>
  <nestedLevel>1</nestedLevel>
  <escapedJava>false</escapedJava>
  <property name="testops-method-name">com.kms.katalon.core.webui.keyword.internal.WebUIKeywordMain.runKeywordUntilTimeout</property>
  <property name="testops-execution-stacktrace">com.kms.katalon.core.logging.KeywordLogger.logPassed(KeywordLogger.java:350)
com.kms.katalon.core.logging.KeywordLogger.logPassed(KeywordLogger.java:345)
com.kms.katalon.core.webui.keyword.builtin.SetTextKeyword$_setText_closure1.doCall(SetTextKeyword.groovy:99)
java.base/jdk.internal.reflect.DirectMethodHandleAccessor.invoke(DirectMethodHandleAccessor.java:103)
jdk.proxy2/jdk.proxy2.$Proxy56.execute(Unknown Source)
com.kms.katalon.core.webui.model.SeleniumActionRetryController.performAction(SeleniumActionRetryController.java:96)
com.kms.katalon.core.webui.model.SeleniumActionRetryController.performAction(SeleniumActionRetryController.java:83)
com.kms.katalon.core.webui.keyword.internal.WebUIKeywordMain$_runKeywordUntilTimeout_closure1.doCall(WebUIKeywordMain.groovy:135)
com.kms.katalon.core.webui.keyword.internal.WebUIKeywordMain$_runKeywordUntilTimeout_closure1.call(WebUIKeywordMain.groovy)
com.kms.katalon.core.webui.keyword.internal.WebUIKeywordMain.runKeyword(WebUIKeywordMain.groovy:41)
com.kms.katalon.core.webui.keyword.internal.WebUIKeywordMain.runKeywordUntilTimeout(WebUIKeywordMain.groovy:133)
com.kms.katalon.core.webui.keyword.builtin.SetTextKeyword.setText(SetTextKeyword.groovy:106)
com.kms.katalon.core.webui.keyword.builtin.SetTextKeyword.execute(SetTextKeyword.groovy:49)
com.kms.katalon.core.keyword.internal.KeywordExecutor.executeKeywordForPlatform(KeywordExecutor.groovy:99)
com.kms.katalon.core.webui.keyword.WebUiBuiltInKeywords.setText(WebUiBuiltInKeywords.groovy:1082)
Login with invalid credentials.run(Login with invalid credentials:26)
</property>
</record>
<record>
  <date>2026-05-07T05:20:06.459425Z</date>
  <millis>1778131206459</millis>
  <nanos>425000</nanos>
  <sequence>234</sequence>
  <level>END</level>
  <class>com.kms.katalon.core.logging.XmlKeywordLogger</class>
  <method>endKeyword</method>
  <thread>1</thread>
  <message>End action : setText(findTestObject(&amp;quot;Login with invalid credentials/Page_QWERTY E-Commerce/email_field&amp;quot;), email)</message>
  <nestedLevel>1</nestedLevel>
  <escapedJava>false</escapedJava>
</record>
<record>
  <date>2026-05-07T05:20:06.459524Z</date>
  <millis>1778131206459</millis>
  <nanos>524000</nanos>
  <sequence>235</sequence>
  <level>START</level>
  <class>com.kms.katalon.core.logging.XmlKeywordLogger</class>
  <method>startKeyword</method>
  <thread>1</thread>
  <message>Start action : setEncryptedText(findTestObject(&amp;quot;Login with invalid credentials/Page_QWERTY E-Commerce/password_field&amp;quot;), password)</message>
  <nestedLevel>1</nestedLevel>
  <escapedJava>false</escapedJava>
  <property name="startLine">28</property>
  <property name="stepIndex">5</property>
</record>
<record>
  <date>2026-05-07T05:20:06.549285Z</date>
  <millis>1778131206549</millis>
  <nanos>285000</nanos>
  <sequence>245</sequence>
  <level>FAILED</level>
  <class>com.kms.katalon.core.logging.XmlKeywordLogger</class>
  <method>logMessage</method>
  <thread>1</thread>
  <message>Unable to set encrypted text for object &amp;apos;Object Repository/Login with invalid credentials/Page_QWERTY E-Commerce/password_field&amp;apos; (Root cause: com.kms.katalon.core.exception.StepFailedException: Unable to set encrypted text for object &amp;apos;Object Repository/Login with invalid credentials/Page_QWERTY E-Commerce/password_field&amp;apos;
	at com.kms.katalon.core.webui.keyword.internal.WebUIKeywordMain.stepFailed(WebUIKeywordMain.groovy:177)
	at com.kms.katalon.core.webui.keyword.internal.WebUIKeywordMain.runKeyword(WebUIKeywordMain.groovy:49)
	at com.kms.katalon.core.webui.keyword.internal.WebUIKeywordMain.runKeywordUntilTimeout(WebUIKeywordMain.groovy:133)
	at com.kms.katalon.core.webui.keyword.builtin.SetEncryptedTextKeyword.setEncryptedText(SetEncryptedTextKeyword.groovy:88)
	at com.kms.katalon.core.webui.keyword.builtin.SetEncryptedTextKeyword.execute(SetEncryptedTextKeyword.groovy:48)
	at com.kms.katalon.core.keyword.internal.KeywordExecutor.executeKeywordForPlatform(KeywordExecutor.groovy:99)
	at com.kms.katalon.core.webui.keyword.WebUiBuiltInKeywords.setEncryptedText(WebUiBuiltInKeywords.groovy:1113)
	at Login with invalid credentials.run(Login with invalid credentials:28)
	at com.kms.katalon.core.main.ScriptEngine.run(ScriptEngine.java:203)
	at com.kms.katalon.core.main.ScriptEngine.runScriptAsRawText(ScriptEngine.java:115)
	at com.kms.katalon.core.main.TestCaseExecutor.runScript(TestCaseExecutor.java:504)
	at com.kms.katalon.core.main.TestCaseExecutor.doExecute(TestCaseExecutor.java:495)
	at com.kms.katalon.core.main.TestCaseExecutor.processExecutionPhase(TestCaseExecutor.java:474)
	at com.kms.katalon.core.main.TestCaseExecutor.accessMainPhase(TestCaseExecutor.java:466)
	at com.kms.katalon.core.main.TestCaseExecutor.execute(TestCaseExecutor.java:336)
	at com.kms.katalon.core.main.TestCaseExecutor.execute(TestCaseExecutor.java:424)
	at com.kms.katalon.core.common.CommonExecutor.accessTestCaseMainPhase(CommonExecutor.java:71)
	at com.kms.katalon.core.main.TestSuiteExecutor.accessTestSuiteMainPhase(TestSuiteExecutor.java:153)
	at com.kms.katalon.core.main.TestSuiteExecutor.execute(TestSuiteExecutor.java:110)
	at com.kms.katalon.core.main.TestCaseMain.startTestSuite(TestCaseMain.java:206)
	at S0507_1.run(S0507_1.groovy:40)
	at java.base/jdk.internal.reflect.DirectMethodHandleAccessor.invoke(DirectMethodHandleAccessor.java:103)
Caused by: java.lang.IllegalArgumentException: Illegal base64 character 40
	at com.kms.katalon.util.CryptoUtil.decode(CryptoUtil.java:86)
	at com.kms.katalon.core.webui.keyword.builtin.SetEncryptedTextKeyword$_setEncryptedText_closure1.doCall(SetEncryptedTextKeyword.groovy:66)
	at java.base/jdk.internal.reflect.DirectMethodHandleAccessor.invoke(DirectMethodHandleAccessor.java:103)
	at jdk.proxy2/jdk.proxy2.$Proxy56.execute(Unknown Source)
	at com.kms.katalon.core.webui.model.SeleniumActionRetryController.performAction(SeleniumActionRetryController.java:96)
	at com.kms.katalon.core.webui.model.SeleniumActionRetryController.performAction(SeleniumActionRetryController.java:83)
	at com.kms.katalon.core.webui.keyword.internal.WebUIKeywordMain$_runKeywordUntilTimeout_closure1.doCall(WebUIKeywordMain.groovy:135)
	at com.kms.katalon.core.webui.keyword.internal.WebUIKeywordMain$_runKeywordUntilTimeout_closure1.call(WebUIKeywordMain.groovy)
	at com.kms.katalon.core.webui.keyword.internal.WebUIKeywordMain.runKeyword(WebUIKeywordMain.groovy:41)
	at com.kms.katalon.core.webui.keyword.internal.WebUIKeywordMain.runKeywordUntilTimeout(WebUIKeywordMain.groovy:133)
	at com.kms.katalon.core.webui.keyword.builtin.SetEncryptedTextKeyword.setEncryptedText(SetEncryptedTextKeyword.groovy:88)
	at com.kms.katalon.core.webui.keyword.builtin.SetEncryptedTextKeyword.execute(SetEncryptedTextKeyword.groovy:48)
	at com.kms.katalon.core.keyword.internal.KeywordExecutor.executeKeywordForPlatform(KeywordExecutor.groovy:99)
	at com.kms.katalon.core.webui.keyword.WebUiBuiltInKeywords.setEncryptedText(WebUiBuiltInKeywords.groovy:1113)
	at Script1778128744249.run(Script1778128744249.groovy:28)
	... 14 more
)</message>
  <nestedLevel>1</nestedLevel>
  <escapedJava>false</escapedJava>
  <property name="failed.exception.class">java.lang.IllegalArgumentException</property>
  <property name="attachment">1778131206461.png</property>
  <property name="failed.exception.stacktrace">java.lang.IllegalArgumentException: Illegal base64 character 40
	at com.kms.katalon.util.CryptoUtil.decode(CryptoUtil.java:86)
	at com.kms.katalon.core.webui.keyword.builtin.SetEncryptedTextKeyword$_setEncryptedText_closure1.doCall(SetEncryptedTextKeyword.groovy:66)
	at java.base/jdk.internal.reflect.DirectMethodHandleAccessor.invoke(DirectMethodHandleAccessor.java:103)
	at jdk.proxy2/jdk.proxy2.$Proxy56.execute(Unknown Source)
	at com.kms.katalon.core.webui.model.SeleniumActionRetryController.performAction(SeleniumActionRetryController.java:96)
	at com.kms.katalon.core.webui.model.SeleniumActionRetryController.performAction(SeleniumActionRetryController.java:83)
	at com.kms.katalon.core.webui.keyword.internal.WebUIKeywordMain$_runKeywordUntilTimeout_closure1.doCall(WebUIKeywordMain.groovy:135)
	at com.kms.katalon.core.webui.keyword.internal.WebUIKeywordMain$_runKeywordUntilTimeout_closure1.call(WebUIKeywordMain.groovy)
	at com.kms.katalon.core.webui.keyword.internal.WebUIKeywordMain.runKeyword(WebUIKeywordMain.groovy:41)
	at com.kms.katalon.core.webui.keyword.internal.WebUIKeywordMain.runKeywordUntilTimeout(WebUIKeywordMain.groovy:133)
	at com.kms.katalon.core.webui.keyword.builtin.SetEncryptedTextKeyword.setEncryptedText(SetEncryptedTextKeyword.groovy:88)
	at com.kms.katalon.core.webui.keyword.builtin.SetEncryptedTextKeyword.execute(SetEncryptedTextKeyword.groovy:48)
	at com.kms.katalon.core.keyword.internal.KeywordExecutor.executeKeywordForPlatform(KeywordExecutor.groovy:99)
	at com.kms.katalon.core.webui.keyword.WebUiBuiltInKeywords.setEncryptedText(WebUiBuiltInKeywords.groovy:1113)
	at Login with invalid credentials.run(Login with invalid credentials:28)
	at com.kms.katalon.core.main.ScriptEngine.run(ScriptEngine.java:203)
	at com.kms.katalon.core.main.ScriptEngine.runScriptAsRawText(ScriptEngine.java:115)
	at com.kms.katalon.core.main.TestCaseExecutor.runScript(TestCaseExecutor.java:504)
	at com.kms.katalon.core.main.TestCaseExecutor.doExecute(TestCaseExecutor.java:495)
	at com.kms.katalon.core.main.TestCaseExecutor.processExecutionPhase(TestCaseExecutor.java:474)
	at com.kms.katalon.core.main.TestCaseExecutor.accessMainPhase(TestCaseExecutor.java:466)
	at com.kms.katalon.core.main.TestCaseExecutor.execute(TestCaseExecutor.java:336)
	at com.kms.katalon.core.main.TestCaseExecutor.execute(TestCaseExecutor.java:424)
	at com.kms.katalon.core.common.CommonExecutor.accessTestCaseMainPhase(CommonExecutor.java:71)
	at com.kms.katalon.core.main.TestSuiteExecutor.accessTestSuiteMainPhase(TestSuiteExecutor.java:153)
	at com.kms.katalon.core.main.TestSuiteExecutor.execute(TestSuiteExecutor.java:110)
	at com.kms.katalon.core.main.TestCaseMain.startTestSuite(TestCaseMain.java:206)
	at S0507_1.run(S0507_1.groovy:40)
	at java.base/jdk.internal.reflect.DirectMethodHandleAccessor.invoke(DirectMethodHandleAccessor.java:103)
</property>
  <property name="failed.exception.message">Illegal base64 character 40</property>
</record>
<record>
  <date>2026-05-07T05:20:06.550501Z</date>
  <millis>1778131206550</millis>
  <nanos>501000</nanos>
  <sequence>248</sequence>
  <level>END</level>
  <class>com.kms.katalon.core.logging.XmlKeywordLogger</class>
  <method>endKeyword</method>
  <thread>1</thread>
  <message>End action : setEncryptedText(findTestObject(&amp;quot;Login with invalid credentials/Page_QWERTY E-Commerce/password_field&amp;quot;), password)</message>
  <nestedLevel>1</nestedLevel>
  <escapedJava>false</escapedJava>
</record>
<record>
  <date>2026-05-07T05:20:06.550913Z</date>
  <millis>1778131206550</millis>
  <nanos>913000</nanos>
  <sequence>251</sequence>
  <level>FAILED</level>
  <class>com.kms.katalon.core.logging.XmlKeywordLogger</class>
  <method>logMessage</method>
  <thread>1</thread>
  <message>Test Cases/Login Verification/Login with invalid credentials FAILED.
Reason:
com.kms.katalon.core.exception.StepFailedException: Unable to set encrypted text for object &amp;apos;Object Repository/Login with invalid credentials/Page_QWERTY E-Commerce/password_field&amp;apos;
	at com.kms.katalon.core.webui.keyword.internal.WebUIKeywordMain.stepFailed(WebUIKeywordMain.groovy:177)
	at com.kms.katalon.core.webui.keyword.internal.WebUIKeywordMain.runKeyword(WebUIKeywordMain.groovy:49)
	at com.kms.katalon.core.webui.keyword.internal.WebUIKeywordMain.runKeywordUntilTimeout(WebUIKeywordMain.groovy:133)
	at com.kms.katalon.core.webui.keyword.builtin.SetEncryptedTextKeyword.setEncryptedText(SetEncryptedTextKeyword.groovy:88)
	at com.kms.katalon.core.webui.keyword.builtin.SetEncryptedTextKeyword.execute(SetEncryptedTextKeyword.groovy:48)
	at com.kms.katalon.core.keyword.internal.KeywordExecutor.executeKeywordForPlatform(KeywordExecutor.groovy:99)
	at com.kms.katalon.core.webui.keyword.WebUiBuiltInKeywords.setEncryptedText(WebUiBuiltInKeywords.groovy:1113)
	at Login with invalid credentials.run(Login with invalid credentials:28)
	at com.kms.katalon.core.main.ScriptEngine.run(ScriptEngine.java:203)
	at com.kms.katalon.core.main.ScriptEngine.runScriptAsRawText(ScriptEngine.java:115)
	at com.kms.katalon.core.main.TestCaseExecutor.runScript(TestCaseExecutor.java:504)
	at com.kms.katalon.core.main.TestCaseExecutor.doExecute(TestCaseExecutor.java:495)
	at com.kms.katalon.core.main.TestCaseExecutor.processExecutionPhase(TestCaseExecutor.java:474)
	at com.kms.katalon.core.main.TestCaseExecutor.accessMainPhase(TestCaseExecutor.java:466)
	at com.kms.katalon.core.main.TestCaseExecutor.execute(TestCaseExecutor.java:336)
	at com.kms.katalon.core.main.TestCaseExecutor.execute(TestCaseExecutor.java:424)
	at com.kms.katalon.core.common.CommonExecutor.accessTestCaseMainPhase(CommonExecutor.java:71)
	at com.kms.katalon.core.main.TestSuiteExecutor.accessTestSuiteMainPhase(TestSuiteExecutor.java:153)
	at com.kms.katalon.core.main.TestSuiteExecutor.execute(TestSuiteExecutor.java:110)
	at com.kms.katalon.core.main.TestCaseMain.startTestSuite(TestCaseMain.java:206)
	at S0507_1.run(S0507_1.groovy:40)
	at java.base/jdk.internal.reflect.DirectMethodHandleAccessor.invoke(DirectMethodHandleAccessor.java:103)
Caused by: java.lang.IllegalArgumentException: Illegal base64 character 40
	at com.kms.katalon.util.CryptoUtil.decode(CryptoUtil.java:86)
	at com.kms.katalon.core.webui.keyword.builtin.SetEncryptedTextKeyword$_setEncryptedText_closure1.doCall(SetEncryptedTextKeyword.groovy:66)
	at java.base/jdk.internal.reflect.DirectMethodHandleAccessor.invoke(DirectMethodHandleAccessor.java:103)
	at jdk.proxy2/jdk.proxy2.$Proxy56.execute(Unknown Source)
	at com.kms.katalon.core.webui.model.SeleniumActionRetryController.performAction(SeleniumActionRetryController.java:96)
	at com.kms.katalon.core.webui.model.SeleniumActionRetryController.performAction(SeleniumActionRetryController.java:83)
	at com.kms.katalon.core.webui.keyword.internal.WebUIKeywordMain$_runKeywordUntilTimeout_closure1.doCall(WebUIKeywordMain.groovy:135)
	at com.kms.katalon.core.webui.keyword.internal.WebUIKeywordMain$_runKeywordUntilTimeout_closure1.call(WebUIKeywordMain.groovy)
	at com.kms.katalon.core.webui.keyword.internal.WebUIKeywordMain.runKeyword(WebUIKeywordMain.groovy:41)
	... 20 more
</message>
  <exception>
    <message>com.kms.katalon.core.exception.StepFailedException: Unable to set encrypted text for object 'Object Repository/Login with invalid credentials/Page_QWERTY E-Commerce/password_field'</message>
    <frame>
      <class>com.kms.katalon.core.logging.XmlKeywordLogger</class>
      <method>logMessage</method>
      <line>518</line>
    </frame>
    <frame>
      <class>com.kms.katalon.core.logging.KeywordLogger</class>
      <method>logMessage</method>
      <line>475</line>
    </frame>
    <frame>
      <class>com.kms.katalon.core.main.TestCaseExecutor</class>
      <method>logError</method>
      <line>621</line>
    </frame>
    <frame>
      <class>com.kms.katalon.core.main.TestCaseExecutor</class>
      <method>onExecutionError</method>
      <line>199</line>
    </frame>
    <frame>
      <class>com.kms.katalon.core.main.TestCaseExecutor</class>
      <method>processExecutionPhase</method>
      <line>484</line>
    </frame>
    <frame>
      <class>com.kms.katalon.core.main.TestCaseExecutor</class>
      <method>accessMainPhase</method>
      <line>466</line>
    </frame>
    <frame>
      <class>com.kms.katalon.core.main.TestCaseExecutor</class>
      <method>execute</method>
      <line>336</line>
    </frame>
    <frame>
      <class>com.kms.katalon.core.main.TestCaseExecutor</class>
      <method>execute</method>
      <line>424</line>
    </frame>
    <frame>
      <class>com.kms.katalon.core.common.CommonExecutor</class>
      <method>accessTestCaseMainPhase</method>
      <line>71</line>
    </frame>
    <frame>
      <class>com.kms.katalon.core.main.TestSuiteExecutor</class>
      <method>accessTestSuiteMainPhase</method>
      <line>153</line>
    </frame>
    <frame>
      <class>com.kms.katalon.core.main.TestSuiteExecutor</class>
      <method>execute</method>
      <line>110</line>
    </frame>
    <frame>
      <class>com.kms.katalon.core.main.TestCaseMain</class>
      <method>startTestSuite</method>
      <line>206</line>
    </frame>
    <frame>
      <class>org.codehaus.groovy.vmplugin.v8.IndyInterface</class>
      <method>fromCache</method>
      <line>318</line>
    </frame>
    <frame>
      <class>S0507_1</class>
      <method>run</method>
      <line>40</line>
    </frame>
    <frame>
      <class>groovy.lang.GroovyShell</class>
      <method>runScriptOrMainOrTestOrRunnable</method>
      <line>254</line>
    </frame>
    <frame>
      <class>groovy.lang.GroovyShell</class>
      <method>run</method>
      <line>360</line>
    </frame>
    <frame>
      <class>groovy.lang.GroovyShell</class>
      <method>run</method>
      <line>349</line>
    </frame>
    <frame>
      <class>groovy.ui.GroovyMain</class>
      <method>processOnce</method>
      <line>652</line>
    </frame>
    <frame>
      <class>groovy.ui.GroovyMain</class>
      <method>run</method>
      <line>398</line>
    </frame>
    <frame>
      <class>groovy.ui.GroovyMain</class>
      <method>access$1400</method>
      <line>68</line>
    </frame>
    <frame>
      <class>groovy.ui.GroovyMain$GroovyCommand</class>
      <method>process</method>
      <line>322</line>
    </frame>
    <frame>
      <class>groovy.ui.GroovyMain</class>
      <method>processArgs</method>
      <line>142</line>
    </frame>
    <frame>
      <class>groovy.ui.GroovyMain</class>
      <method>main</method>
      <line>115</line>
    </frame>
    <frame>
      <class>jdk.internal.reflect.DirectMethodHandleAccessor</class>
      <method>invoke</method>
      <line>103</line>
    </frame>
    <frame>
      <class>java.lang.reflect.Method</class>
      <method>invoke</method>
      <line>580</line>
    </frame>
    <frame>
      <class>org.codehaus.groovy.tools.GroovyStarter</class>
      <method>rootLoader</method>
      <line>117</line>
    </frame>
    <frame>
      <class>org.codehaus.groovy.tools.GroovyStarter</class>
      <method>main</method>
      <line>39</line>
    </frame>
  </exception>
  <nestedLevel>0</nestedLevel>
  <escapedJava>false</escapedJava>
  <property name="failed.exception.stacktrace">java.lang.IllegalArgumentException: Illegal base64 character 40
	at com.kms.katalon.util.CryptoUtil.decode(CryptoUtil.java:86)
	at com.kms.katalon.core.webui.keyword.builtin.SetEncryptedTextKeyword$_setEncryptedText_closure1.doCall(SetEncryptedTextKeyword.groovy:66)
	at java.base/jdk.internal.reflect.DirectMethodHandleAccessor.invoke(DirectMethodHandleAccessor.java:103)
	at jdk.proxy2/jdk.proxy2.$Proxy56.execute(Unknown Source)
	at com.kms.katalon.core.webui.model.SeleniumActionRetryController.performAction(SeleniumActionRetryController.java:96)
	at com.kms.katalon.core.webui.model.SeleniumActionRetryController.performAction(SeleniumActionRetryController.java:83)
	at com.kms.katalon.core.webui.keyword.internal.WebUIKeywordMain$_runKeywordUntilTimeout_closure1.doCall(WebUIKeywordMain.groovy:135)
	at com.kms.katalon.core.webui.keyword.internal.WebUIKeywordMain$_runKeywordUntilTimeout_closure1.call(WebUIKeywordMain.groovy)
	at com.kms.katalon.core.webui.keyword.internal.WebUIKeywordMain.runKeyword(WebUIKeywordMain.groovy:41)
	at com.kms.katalon.core.webui.keyword.internal.WebUIKeywordMain.runKeywordUntilTimeout(WebUIKeywordMain.groovy:133)
	at com.kms.katalon.core.webui.keyword.builtin.SetEncryptedTextKeyword.setEncryptedText(SetEncryptedTextKeyword.groovy:88)
	at com.kms.katalon.core.webui.keyword.builtin.SetEncryptedTextKeyword.execute(SetEncryptedTextKeyword.groovy:48)
	at com.kms.katalon.core.keyword.internal.KeywordExecutor.executeKeywordForPlatform(KeywordExecutor.groovy:99)
	at com.kms.katalon.core.webui.keyword.WebUiBuiltInKeywords.setEncryptedText(WebUiBuiltInKeywords.groovy:1113)
	at Login with invalid credentials.run(Login with invalid credentials:28)
	at com.kms.katalon.core.main.ScriptEngine.run(ScriptEngine.java:203)
	at com.kms.katalon.core.main.ScriptEngine.runScriptAsRawText(ScriptEngine.java:115)
	at com.kms.katalon.core.main.TestCaseExecutor.runScript(TestCaseExecutor.java:504)
	at com.kms.katalon.core.main.TestCaseExecutor.doExecute(TestCaseExecutor.java:495)
	at com.kms.katalon.core.main.TestCaseExecutor.processExecutionPhase(TestCaseExecutor.java:474)
	at com.kms.katalon.core.main.TestCaseExecutor.accessMainPhase(TestCaseExecutor.java:466)
	at com.kms.katalon.core.main.TestCaseExecutor.execute(TestCaseExecutor.java:336)
	at com.kms.katalon.core.main.TestCaseExecutor.execute(TestCaseExecutor.java:424)
	at com.kms.katalon.core.common.CommonExecutor.accessTestCaseMainPhase(CommonExecutor.java:71)
	at com.kms.katalon.core.main.TestSuiteExecutor.accessTestSuiteMainPhase(TestSuiteExecutor.java:153)
	at com.kms.katalon.core.main.TestSuiteExecutor.execute(TestSuiteExecutor.java:110)
	at com.kms.katalon.core.main.TestCaseMain.startTestSuite(TestCaseMain.java:206)
	at S0507_1.run(S0507_1.groovy:40)
	at java.base/jdk.internal.reflect.DirectMethodHandleAccessor.invoke(DirectMethodHandleAccessor.java:103)
</property>
  <property name="failed.exception.class">java.lang.IllegalArgumentException</property>
  <property name="failed.exception.message">Illegal base64 character 40</property>
</record>
<record>
  <date>2026-05-07T05:20:06.551923Z</date>
  <millis>1778131206551</millis>
  <nanos>923000</nanos>
  <sequence>253</sequence>
  <level>END</level>
  <class>com.kms.katalon.core.logging.XmlKeywordLogger</class>
  <method>endTest</method>
  <thread>1</thread>
  <message>End Test Case : Test Cases/Login Verification/Login with invalid credentials</message>
  <nestedLevel>0</nestedLevel>
  <escapedJava>false</escapedJava>
  <property name="executionBindingVariables">[
  {
    &quot;value&quot;: &quot;test01@qwerty.com&quot;,
    &quot;isDefault&quot;: false,
    &quot;name&quot;: &quot;email&quot;,
    &quot;masked&quot;: false
  },
  {
    &quot;value&quot;: &quot;User@000&quot;,
    &quot;isDefault&quot;: false,
    &quot;name&quot;: &quot;password&quot;,
    &quot;masked&quot;: false
  }
]</property>
  <property name="applitools">false</property>
  <property name="remainingRetryCount">2</property>
  <property name="executedKeywords">{
  &quot;WebUI.setEncryptedText&quot;: 1,
  &quot;WebUI.navigateToUrl&quot;: 1,
  &quot;WebUI.click&quot;: 1,
  &quot;WebUI.openBrowser&quot;: 1,
  &quot;WebUI.setText&quot;: 1
}</property>
  <property name="currentRetryCount">1</property>
  <property name="keywordsUsage">{
  &quot;web_ui&quot;: true,
  &quot;web_service&quot;: false,
  &quot;cucumber&quot;: false,
  &quot;builtin&quot;: false,
  &quot;mobile&quot;: false,
  &quot;windows&quot;: false,
  &quot;testng&quot;: false
}</property>
</record>
<record>
  <date>2026-05-07T05:20:06.552847Z</date>
  <millis>1778131206552</millis>
  <nanos>847000</nanos>
  <sequence>254</sequence>
  <level>START</level>
  <class>com.kms.katalon.core.logging.XmlKeywordLogger</class>
  <method>startTest</method>
  <thread>1</thread>
  <message>Start Test Case : Test Cases/Login Verification/Login with invalid credentials</message>
  <nestedLevel>1</nestedLevel>
  <escapedJava>false</escapedJava>
  <property name="remainingRetryCount">1</property>
  <property name="origin">WEB_RECORDER</property>
  <property name="name">Test Cases/Login Verification/Login with invalid credentials</property>
  <property name="description"></property>
  <property name="iteration"></property>
  <property name="id">Test Cases/Login Verification/Login with invalid credentials</property>
  <property name="source">\Users\fazza_abiyyu\Documents\Projects\Hobby\KATALON_QWERTY\Test Cases\Login Verification\Login with invalid credentials.tc</property>
  <property name="tag">auth</property>
  <property name="isOptional">false</property>
  <property name="uuid">cdecb164-061b-4bad-ae6d-2efd12f03cee</property>
  <property name="currentRetryCount">2</property>
</record>
<record>
  <date>2026-05-07T05:20:06.555909Z</date>
  <millis>1778131206555</millis>
  <nanos>909000</nanos>
  <sequence>256</sequence>
  <level>INFO</level>
  <class>com.kms.katalon.core.logging.XmlKeywordLogger</class>
  <method>logMessage</method>
  <thread>1</thread>
  <message>email = test01@qwerty.com</message>
  <nestedLevel>1</nestedLevel>
  <escapedJava>false</escapedJava>
</record>
<record>
  <date>2026-05-07T05:20:06.556071Z</date>
  <millis>1778131206556</millis>
  <nanos>71000</nanos>
  <sequence>257</sequence>
  <level>INFO</level>
  <class>com.kms.katalon.core.logging.XmlKeywordLogger</class>
  <method>logMessage</method>
  <thread>1</thread>
  <message>password = User@000</message>
  <nestedLevel>1</nestedLevel>
  <escapedJava>false</escapedJava>
</record>
<record>
  <date>2026-05-07T05:20:06.556255Z</date>
  <millis>1778131206556</millis>
  <nanos>255000</nanos>
  <sequence>258</sequence>
  <level>RUN_DATA</level>
  <class>com.kms.katalon.core.logging.XmlKeywordLogger</class>
  <method>logMessage</method>
  <thread>1</thread>
  <message>executionBindingVariables = [
  {
    &amp;quot;value&amp;quot;: &amp;quot;test01@qwerty.com&amp;quot;,
    &amp;quot;isDefault&amp;quot;: false,
    &amp;quot;name&amp;quot;: &amp;quot;email&amp;quot;,
    &amp;quot;masked&amp;quot;: false
  },
  {
    &amp;quot;value&amp;quot;: &amp;quot;User@000&amp;quot;,
    &amp;quot;isDefault&amp;quot;: false,
    &amp;quot;name&amp;quot;: &amp;quot;password&amp;quot;,
    &amp;quot;masked&amp;quot;: false
  }
]</message>
  <nestedLevel>1</nestedLevel>
  <escapedJava>false</escapedJava>
  <property name="executionBindingVariables">[
  {
    &quot;value&quot;: &quot;test01@qwerty.com&quot;,
    &quot;isDefault&quot;: false,
    &quot;name&quot;: &quot;email&quot;,
    &quot;masked&quot;: false
  },
  {
    &quot;value&quot;: &quot;User@000&quot;,
    &quot;isDefault&quot;: false,
    &quot;name&quot;: &quot;password&quot;,
    &quot;masked&quot;: false
  }
]</property>
</record>
<record>
  <date>2026-05-07T05:20:06.556728Z</date>
  <millis>1778131206556</millis>
  <nanos>728000</nanos>
  <sequence>259</sequence>
  <level>START</level>
  <class>com.kms.katalon.core.logging.XmlKeywordLogger</class>
  <method>startKeyword</method>
  <thread>1</thread>
  <message>Start action : openBrowser(&amp;quot;&amp;quot;)</message>
  <nestedLevel>1</nestedLevel>
  <escapedJava>false</escapedJava>
  <property name="startLine">20</property>
  <property name="stepIndex">1</property>
</record>
<record>
  <date>2026-05-07T05:20:06.557424Z</date>
  <millis>1778131206557</millis>
  <nanos>424000</nanos>
  <sequence>262</sequence>
  <level>WARNING</level>
  <class>com.kms.katalon.core.logging.XmlKeywordLogger</class>
  <method>logMessage</method>
  <thread>1</thread>
  <message>A browser is already opened. Closing browser and opening a new one</message>
  <nestedLevel>1</nestedLevel>
  <escapedJava>false</escapedJava>
</record>
<record>
  <date>2026-05-07T05:20:06.642529Z</date>
  <millis>1778131206642</millis>
  <nanos>529000</nanos>
  <sequence>263</sequence>
  <level>INFO</level>
  <class>com.kms.katalon.core.logging.XmlKeywordLogger</class>
  <method>logMessage</method>
  <thread>1</thread>
  <message>Starting &amp;apos;Chrome&amp;apos; driver</message>
  <nestedLevel>1</nestedLevel>
  <escapedJava>false</escapedJava>
</record>
<record>
  <date>2026-05-07T05:20:06.643621Z</date>
  <millis>1778131206643</millis>
  <nanos>621000</nanos>
  <sequence>264</sequence>
  <level>INFO</level>
  <class>com.kms.katalon.core.logging.XmlKeywordLogger</class>
  <method>logMessage</method>
  <thread>1</thread>
  <message>Action delay is set to 0 milliseconds</message>
  <nestedLevel>1</nestedLevel>
  <escapedJava>false</escapedJava>
</record>
<record>
  <date>2026-05-07T05:20:07.622894Z</date>
  <millis>1778131207622</millis>
  <nanos>894000</nanos>
  <sequence>266</sequence>
  <level>RUN_DATA</level>
  <class>com.kms.katalon.core.logging.XmlKeywordLogger</class>
  <method>logMessage</method>
  <thread>1</thread>
  <message>sessionId = f76675dcca77a483fe21f09a539a1c6d</message>
  <nestedLevel>1</nestedLevel>
  <escapedJava>false</escapedJava>
  <property name="sessionId">f76675dcca77a483fe21f09a539a1c6d</property>
</record>
<record>
  <date>2026-05-07T05:20:07.623093Z</date>
  <millis>1778131207623</millis>
  <nanos>93000</nanos>
  <sequence>267</sequence>
  <level>RUN_DATA</level>
  <class>com.kms.katalon.core.logging.XmlKeywordLogger</class>
  <method>logMessage</method>
  <thread>1</thread>
  <message>browser = Chrome 147.0.7727.138</message>
  <nestedLevel>1</nestedLevel>
  <escapedJava>false</escapedJava>
  <property name="browser">Chrome 147.0.7727.138</property>
</record>
<record>
  <date>2026-05-07T05:20:07.623182Z</date>
  <millis>1778131207623</millis>
  <nanos>182000</nanos>
  <sequence>268</sequence>
  <level>RUN_DATA</level>
  <class>com.kms.katalon.core.logging.XmlKeywordLogger</class>
  <method>logMessage</method>
  <thread>1</thread>
  <message>platform = Mac OS X</message>
  <nestedLevel>1</nestedLevel>
  <escapedJava>false</escapedJava>
  <property name="platform">Mac OS X</property>
</record>
<record>
  <date>2026-05-07T05:20:07.623258Z</date>
  <millis>1778131207623</millis>
  <nanos>258000</nanos>
  <sequence>269</sequence>
  <level>RUN_DATA</level>
  <class>com.kms.katalon.core.logging.XmlKeywordLogger</class>
  <method>logMessage</method>
  <thread>1</thread>
  <message>seleniumVersion = 4.39.0</message>
  <nestedLevel>1</nestedLevel>
  <escapedJava>false</escapedJava>
  <property name="seleniumVersion">4.39.0</property>
</record>
<record>
  <date>2026-05-07T05:20:07.623448Z</date>
  <millis>1778131207623</millis>
  <nanos>448000</nanos>
  <sequence>270</sequence>
  <level>RUN_DATA</level>
  <class>com.kms.katalon.core.logging.XmlKeywordLogger</class>
  <method>logMessage</method>
  <thread>1</thread>
  <message>proxyInformation = ProxyInformation { proxyOption=NO_PROXY, proxyServerType=HTTP, username=, password=********, proxyServerAddress=, proxyServerPort=0, executionList=&amp;quot;&amp;quot;, isApplyToDesiredCapabilities=true }</message>
  <nestedLevel>1</nestedLevel>
  <escapedJava>false</escapedJava>
  <property name="proxyInformation">ProxyInformation { proxyOption=NO_PROXY, proxyServerType=HTTP, username=, password=********, proxyServerAddress=, proxyServerPort=0, executionList=&quot;&quot;, isApplyToDesiredCapabilities=true }</property>
</record>
<record>
  <date>2026-05-07T05:20:07.627652Z</date>
  <millis>1778131207627</millis>
  <nanos>652000</nanos>
  <sequence>271</sequence>
  <level>PASSED</level>
  <class>com.kms.katalon.core.logging.XmlKeywordLogger</class>
  <method>logMessage</method>
  <thread>1</thread>
  <message>Browser is opened with url: &amp;apos;&amp;apos;</message>
  <nestedLevel>1</nestedLevel>
  <escapedJava>false</escapedJava>
  <property name="testops-method-name">com.kms.katalon.core.webui.keyword.builtin.OpenBrowserKeyword.openBrowser</property>
  <property name="testops-execution-stacktrace"></property>
</record>
<record>
  <date>2026-05-07T05:20:07.627950Z</date>
  <millis>1778131207627</millis>
  <nanos>950000</nanos>
  <sequence>272</sequence>
  <level>END</level>
  <class>com.kms.katalon.core.logging.XmlKeywordLogger</class>
  <method>endKeyword</method>
  <thread>1</thread>
  <message>End action : openBrowser(&amp;quot;&amp;quot;)</message>
  <nestedLevel>1</nestedLevel>
  <escapedJava>false</escapedJava>
</record>
<record>
  <date>2026-05-07T05:20:07.628028Z</date>
  <millis>1778131207628</millis>
  <nanos>28000</nanos>
  <sequence>273</sequence>
  <level>START</level>
  <class>com.kms.katalon.core.logging.XmlKeywordLogger</class>
  <method>startKeyword</method>
  <thread>1</thread>
  <message>Start action : navigateToUrl(&amp;quot;https://qwerty.abiyyu.xyz/&amp;quot;)</message>
  <nestedLevel>1</nestedLevel>
  <escapedJava>false</escapedJava>
  <property name="startLine">22</property>
  <property name="stepIndex">2</property>
</record>
<record>
  <date>2026-05-07T05:20:08.952743Z</date>
  <millis>1778131208952</millis>
  <nanos>743000</nanos>
  <sequence>277</sequence>
  <level>PASSED</level>
  <class>com.kms.katalon.core.logging.XmlKeywordLogger</class>
  <method>logMessage</method>
  <thread>1</thread>
  <message>Navigate to &amp;apos;https://qwerty.abiyyu.xyz/&amp;apos; successfully</message>
  <nestedLevel>1</nestedLevel>
  <escapedJava>false</escapedJava>
  <property name="testops-method-name">com.kms.katalon.core.webui.keyword.builtin.NavigateToUrlKeyword.navigateToUrl</property>
  <property name="testops-execution-stacktrace"></property>
</record>
<record>
  <date>2026-05-07T05:20:08.953410Z</date>
  <millis>1778131208953</millis>
  <nanos>410000</nanos>
  <sequence>278</sequence>
  <level>END</level>
  <class>com.kms.katalon.core.logging.XmlKeywordLogger</class>
  <method>endKeyword</method>
  <thread>1</thread>
  <message>End action : navigateToUrl(&amp;quot;https://qwerty.abiyyu.xyz/&amp;quot;)</message>
  <nestedLevel>1</nestedLevel>
  <escapedJava>false</escapedJava>
</record>
<record>
  <date>2026-05-07T05:20:08.953504Z</date>
  <millis>1778131208953</millis>
  <nanos>504000</nanos>
  <sequence>279</sequence>
  <level>START</level>
  <class>com.kms.katalon.core.logging.XmlKeywordLogger</class>
  <method>startKeyword</method>
  <thread>1</thread>
  <message>Start action : click(findTestObject(&amp;quot;Login with invalid credentials/Page_QWERTY E-Commerce/icon_sign_in&amp;quot;))</message>
  <nestedLevel>1</nestedLevel>
  <escapedJava>false</escapedJava>
  <property name="startLine">24</property>
  <property name="stepIndex">3</property>
</record>
<record>
  <date>2026-05-07T05:20:09.824312Z</date>
  <millis>1778131209824</millis>
  <nanos>312000</nanos>
  <sequence>290</sequence>
  <level>PASSED</level>
  <class>com.kms.katalon.core.logging.XmlKeywordLogger</class>
  <method>logMessage</method>
  <thread>1</thread>
  <message>Object: &amp;apos;Object Repository/Login with invalid credentials/Page_QWERTY E-Commerce/icon_sign_in&amp;apos; is clicked on</message>
  <nestedLevel>1</nestedLevel>
  <escapedJava>false</escapedJava>
  <property name="testops-method-name">com.kms.katalon.core.webui.keyword.internal.WebUIKeywordMain.runKeywordUntilTimeout</property>
  <property name="testops-execution-stacktrace">com.kms.katalon.core.logging.KeywordLogger.logPassed(KeywordLogger.java:350)
com.kms.katalon.core.logging.KeywordLogger.logPassed(KeywordLogger.java:345)
com.kms.katalon.core.webui.keyword.builtin.ClickKeyword$_click_closure1.doCall(ClickKeyword.groovy:66)
java.base/jdk.internal.reflect.DirectMethodHandleAccessor.invoke(DirectMethodHandleAccessor.java:103)
jdk.proxy2/jdk.proxy2.$Proxy56.execute(Unknown Source)
com.kms.katalon.core.webui.model.SeleniumActionRetryController.performAction(SeleniumActionRetryController.java:96)
com.kms.katalon.core.webui.model.SeleniumActionRetryController.performAction(SeleniumActionRetryController.java:83)
com.kms.katalon.core.webui.keyword.internal.WebUIKeywordMain$_runKeywordUntilTimeout_closure1.doCall(WebUIKeywordMain.groovy:135)
com.kms.katalon.core.webui.keyword.internal.WebUIKeywordMain$_runKeywordUntilTimeout_closure1.call(WebUIKeywordMain.groovy)
com.kms.katalon.core.webui.keyword.internal.WebUIKeywordMain.runKeyword(WebUIKeywordMain.groovy:41)
com.kms.katalon.core.webui.keyword.internal.WebUIKeywordMain.runKeywordUntilTimeout(WebUIKeywordMain.groovy:133)
com.kms.katalon.core.webui.keyword.builtin.ClickKeyword.click(ClickKeyword.groovy:72)
com.kms.katalon.core.webui.keyword.builtin.ClickKeyword.execute(ClickKeyword.groovy:38)
com.kms.katalon.core.keyword.internal.KeywordExecutor.executeKeywordForPlatform(KeywordExecutor.groovy:99)
com.kms.katalon.core.webui.keyword.WebUiBuiltInKeywords.click(WebUiBuiltInKeywords.groovy:722)
Login with invalid credentials.run(Login with invalid credentials:24)
</property>
</record>
<record>
  <date>2026-05-07T05:20:09.824812Z</date>
  <millis>1778131209824</millis>
  <nanos>812000</nanos>
  <sequence>291</sequence>
  <level>END</level>
  <class>com.kms.katalon.core.logging.XmlKeywordLogger</class>
  <method>endKeyword</method>
  <thread>1</thread>
  <message>End action : click(findTestObject(&amp;quot;Login with invalid credentials/Page_QWERTY E-Commerce/icon_sign_in&amp;quot;))</message>
  <nestedLevel>1</nestedLevel>
  <escapedJava>false</escapedJava>
</record>
<record>
  <date>2026-05-07T05:20:09.824932Z</date>
  <millis>1778131209824</millis>
  <nanos>932000</nanos>
  <sequence>292</sequence>
  <level>START</level>
  <class>com.kms.katalon.core.logging.XmlKeywordLogger</class>
  <method>startKeyword</method>
  <thread>1</thread>
  <message>Start action : setText(findTestObject(&amp;quot;Login with invalid credentials/Page_QWERTY E-Commerce/email_field&amp;quot;), email)</message>
  <nestedLevel>1</nestedLevel>
  <escapedJava>false</escapedJava>
  <property name="startLine">26</property>
  <property name="stepIndex">4</property>
</record>
<record>
  <date>2026-05-07T05:20:10.909419Z</date>
  <millis>1778131210909</millis>
  <nanos>419000</nanos>
  <sequence>306</sequence>
  <level>PASSED</level>
  <class>com.kms.katalon.core.logging.XmlKeywordLogger</class>
  <method>logMessage</method>
  <thread>1</thread>
  <message>Text &amp;apos;test01@qwerty.com&amp;apos; is set on object &amp;apos;Object Repository/Login with invalid credentials/Page_QWERTY E-Commerce/email_field&amp;apos;</message>
  <nestedLevel>1</nestedLevel>
  <escapedJava>false</escapedJava>
  <property name="testops-method-name">com.kms.katalon.core.webui.keyword.internal.WebUIKeywordMain.runKeywordUntilTimeout</property>
  <property name="testops-execution-stacktrace">com.kms.katalon.core.logging.KeywordLogger.logPassed(KeywordLogger.java:350)
com.kms.katalon.core.logging.KeywordLogger.logPassed(KeywordLogger.java:345)
com.kms.katalon.core.webui.keyword.builtin.SetTextKeyword$_setText_closure1.doCall(SetTextKeyword.groovy:99)
java.base/jdk.internal.reflect.DirectMethodHandleAccessor.invoke(DirectMethodHandleAccessor.java:103)
jdk.proxy2/jdk.proxy2.$Proxy56.execute(Unknown Source)
com.kms.katalon.core.webui.model.SeleniumActionRetryController.performAction(SeleniumActionRetryController.java:96)
com.kms.katalon.core.webui.model.SeleniumActionRetryController.performAction(SeleniumActionRetryController.java:83)
com.kms.katalon.core.webui.keyword.internal.WebUIKeywordMain$_runKeywordUntilTimeout_closure1.doCall(WebUIKeywordMain.groovy:135)
com.kms.katalon.core.webui.keyword.internal.WebUIKeywordMain$_runKeywordUntilTimeout_closure1.call(WebUIKeywordMain.groovy)
com.kms.katalon.core.webui.keyword.internal.WebUIKeywordMain.runKeyword(WebUIKeywordMain.groovy:41)
com.kms.katalon.core.webui.keyword.internal.WebUIKeywordMain.runKeywordUntilTimeout(WebUIKeywordMain.groovy:133)
com.kms.katalon.core.webui.keyword.builtin.SetTextKeyword.setText(SetTextKeyword.groovy:106)
com.kms.katalon.core.webui.keyword.builtin.SetTextKeyword.execute(SetTextKeyword.groovy:49)
com.kms.katalon.core.keyword.internal.KeywordExecutor.executeKeywordForPlatform(KeywordExecutor.groovy:99)
com.kms.katalon.core.webui.keyword.WebUiBuiltInKeywords.setText(WebUiBuiltInKeywords.groovy:1082)
Login with invalid credentials.run(Login with invalid credentials:26)
</property>
</record>
<record>
  <date>2026-05-07T05:20:10.909812Z</date>
  <millis>1778131210909</millis>
  <nanos>812000</nanos>
  <sequence>307</sequence>
  <level>END</level>
  <class>com.kms.katalon.core.logging.XmlKeywordLogger</class>
  <method>endKeyword</method>
  <thread>1</thread>
  <message>End action : setText(findTestObject(&amp;quot;Login with invalid credentials/Page_QWERTY E-Commerce/email_field&amp;quot;), email)</message>
  <nestedLevel>1</nestedLevel>
  <escapedJava>false</escapedJava>
</record>
<record>
  <date>2026-05-07T05:20:10.909908Z</date>
  <millis>1778131210909</millis>
  <nanos>908000</nanos>
  <sequence>308</sequence>
  <level>START</level>
  <class>com.kms.katalon.core.logging.XmlKeywordLogger</class>
  <method>startKeyword</method>
  <thread>1</thread>
  <message>Start action : setEncryptedText(findTestObject(&amp;quot;Login with invalid credentials/Page_QWERTY E-Commerce/password_field&amp;quot;), password)</message>
  <nestedLevel>1</nestedLevel>
  <escapedJava>false</escapedJava>
  <property name="startLine">28</property>
  <property name="stepIndex">5</property>
</record>
<record>
  <date>2026-05-07T05:20:11.034796Z</date>
  <millis>1778131211034</millis>
  <nanos>796000</nanos>
  <sequence>318</sequence>
  <level>FAILED</level>
  <class>com.kms.katalon.core.logging.XmlKeywordLogger</class>
  <method>logMessage</method>
  <thread>1</thread>
  <message>Unable to set encrypted text for object &amp;apos;Object Repository/Login with invalid credentials/Page_QWERTY E-Commerce/password_field&amp;apos; (Root cause: com.kms.katalon.core.exception.StepFailedException: Unable to set encrypted text for object &amp;apos;Object Repository/Login with invalid credentials/Page_QWERTY E-Commerce/password_field&amp;apos;
	at com.kms.katalon.core.webui.keyword.internal.WebUIKeywordMain.stepFailed(WebUIKeywordMain.groovy:177)
	at com.kms.katalon.core.webui.keyword.internal.WebUIKeywordMain.runKeyword(WebUIKeywordMain.groovy:49)
	at com.kms.katalon.core.webui.keyword.internal.WebUIKeywordMain.runKeywordUntilTimeout(WebUIKeywordMain.groovy:133)
	at com.kms.katalon.core.webui.keyword.builtin.SetEncryptedTextKeyword.setEncryptedText(SetEncryptedTextKeyword.groovy:88)
	at com.kms.katalon.core.webui.keyword.builtin.SetEncryptedTextKeyword.execute(SetEncryptedTextKeyword.groovy:48)
	at com.kms.katalon.core.keyword.internal.KeywordExecutor.executeKeywordForPlatform(KeywordExecutor.groovy:99)
	at com.kms.katalon.core.webui.keyword.WebUiBuiltInKeywords.setEncryptedText(WebUiBuiltInKeywords.groovy:1113)
	at Login with invalid credentials.run(Login with invalid credentials:28)
	at com.kms.katalon.core.main.ScriptEngine.run(ScriptEngine.java:203)
	at com.kms.katalon.core.main.ScriptEngine.runScriptAsRawText(ScriptEngine.java:115)
	at com.kms.katalon.core.main.TestCaseExecutor.runScript(TestCaseExecutor.java:504)
	at com.kms.katalon.core.main.TestCaseExecutor.doExecute(TestCaseExecutor.java:495)
	at com.kms.katalon.core.main.TestCaseExecutor.processExecutionPhase(TestCaseExecutor.java:474)
	at com.kms.katalon.core.main.TestCaseExecutor.accessMainPhase(TestCaseExecutor.java:466)
	at com.kms.katalon.core.main.TestCaseExecutor.execute(TestCaseExecutor.java:336)
	at com.kms.katalon.core.main.TestCaseExecutor.execute(TestCaseExecutor.java:424)
	at com.kms.katalon.core.main.TestCaseExecutor.execute(TestCaseExecutor.java:424)
	at com.kms.katalon.core.common.CommonExecutor.accessTestCaseMainPhase(CommonExecutor.java:71)
	at com.kms.katalon.core.main.TestSuiteExecutor.accessTestSuiteMainPhase(TestSuiteExecutor.java:153)
	at com.kms.katalon.core.main.TestSuiteExecutor.execute(TestSuiteExecutor.java:110)
	at com.kms.katalon.core.main.TestCaseMain.startTestSuite(TestCaseMain.java:206)
	at S0507_1.run(S0507_1.groovy:40)
	at java.base/jdk.internal.reflect.DirectMethodHandleAccessor.invoke(DirectMethodHandleAccessor.java:103)
Caused by: java.lang.IllegalArgumentException: Illegal base64 character 40
	at com.kms.katalon.util.CryptoUtil.decode(CryptoUtil.java:86)
	at com.kms.katalon.core.webui.keyword.builtin.SetEncryptedTextKeyword$_setEncryptedText_closure1.doCall(SetEncryptedTextKeyword.groovy:66)
	at java.base/jdk.internal.reflect.DirectMethodHandleAccessor.invoke(DirectMethodHandleAccessor.java:103)
	at jdk.proxy2/jdk.proxy2.$Proxy56.execute(Unknown Source)
	at com.kms.katalon.core.webui.model.SeleniumActionRetryController.performAction(SeleniumActionRetryController.java:96)
	at com.kms.katalon.core.webui.model.SeleniumActionRetryController.performAction(SeleniumActionRetryController.java:83)
	at com.kms.katalon.core.webui.keyword.internal.WebUIKeywordMain$_runKeywordUntilTimeout_closure1.doCall(WebUIKeywordMain.groovy:135)
	at com.kms.katalon.core.webui.keyword.internal.WebUIKeywordMain$_runKeywordUntilTimeout_closure1.call(WebUIKeywordMain.groovy)
	at com.kms.katalon.core.webui.keyword.internal.WebUIKeywordMain.runKeyword(WebUIKeywordMain.groovy:41)
	at com.kms.katalon.core.webui.keyword.internal.WebUIKeywordMain.runKeywordUntilTimeout(WebUIKeywordMain.groovy:133)
	at com.kms.katalon.core.webui.keyword.builtin.SetEncryptedTextKeyword.setEncryptedText(SetEncryptedTextKeyword.groovy:88)
	at com.kms.katalon.core.webui.keyword.builtin.SetEncryptedTextKeyword.execute(SetEncryptedTextKeyword.groovy:48)
	at com.kms.katalon.core.keyword.internal.KeywordExecutor.executeKeywordForPlatform(KeywordExecutor.groovy:99)
	at com.kms.katalon.core.webui.keyword.WebUiBuiltInKeywords.setEncryptedText(WebUiBuiltInKeywords.groovy:1113)
	at Script1778128744249.run(Script1778128744249.groovy:28)
	... 15 more
)</message>
  <nestedLevel>1</nestedLevel>
  <escapedJava>false</escapedJava>
  <property name="failed.exception.class">java.lang.IllegalArgumentException</property>
  <property name="attachment">1778131210911.png</property>
  <property name="failed.exception.stacktrace">java.lang.IllegalArgumentException: Illegal base64 character 40
	at com.kms.katalon.util.CryptoUtil.decode(CryptoUtil.java:86)
	at com.kms.katalon.core.webui.keyword.builtin.SetEncryptedTextKeyword$_setEncryptedText_closure1.doCall(SetEncryptedTextKeyword.groovy:66)
	at java.base/jdk.internal.reflect.DirectMethodHandleAccessor.invoke(DirectMethodHandleAccessor.java:103)
	at jdk.proxy2/jdk.proxy2.$Proxy56.execute(Unknown Source)
	at com.kms.katalon.core.webui.model.SeleniumActionRetryController.performAction(SeleniumActionRetryController.java:96)
	at com.kms.katalon.core.webui.model.SeleniumActionRetryController.performAction(SeleniumActionRetryController.java:83)
	at com.kms.katalon.core.webui.keyword.internal.WebUIKeywordMain$_runKeywordUntilTimeout_closure1.doCall(WebUIKeywordMain.groovy:135)
	at com.kms.katalon.core.webui.keyword.internal.WebUIKeywordMain$_runKeywordUntilTimeout_closure1.call(WebUIKeywordMain.groovy)
	at com.kms.katalon.core.webui.keyword.internal.WebUIKeywordMain.runKeyword(WebUIKeywordMain.groovy:41)
	at com.kms.katalon.core.webui.keyword.internal.WebUIKeywordMain.runKeywordUntilTimeout(WebUIKeywordMain.groovy:133)
	at com.kms.katalon.core.webui.keyword.builtin.SetEncryptedTextKeyword.setEncryptedText(SetEncryptedTextKeyword.groovy:88)
	at com.kms.katalon.core.webui.keyword.builtin.SetEncryptedTextKeyword.execute(SetEncryptedTextKeyword.groovy:48)
	at com.kms.katalon.core.keyword.internal.KeywordExecutor.executeKeywordForPlatform(KeywordExecutor.groovy:99)
	at com.kms.katalon.core.webui.keyword.WebUiBuiltInKeywords.setEncryptedText(WebUiBuiltInKeywords.groovy:1113)
	at Login with invalid credentials.run(Login with invalid credentials:28)
	at com.kms.katalon.core.main.ScriptEngine.run(ScriptEngine.java:203)
	at com.kms.katalon.core.main.ScriptEngine.runScriptAsRawText(ScriptEngine.java:115)
	at com.kms.katalon.core.main.TestCaseExecutor.runScript(TestCaseExecutor.java:504)
	at com.kms.katalon.core.main.TestCaseExecutor.doExecute(TestCaseExecutor.java:495)
	at com.kms.katalon.core.main.TestCaseExecutor.processExecutionPhase(TestCaseExecutor.java:474)
	at com.kms.katalon.core.main.TestCaseExecutor.accessMainPhase(TestCaseExecutor.java:466)
	at com.kms.katalon.core.main.TestCaseExecutor.execute(TestCaseExecutor.java:336)
	at com.kms.katalon.core.main.TestCaseExecutor.execute(TestCaseExecutor.java:424)
	at com.kms.katalon.core.main.TestCaseExecutor.execute(TestCaseExecutor.java:424)
	at com.kms.katalon.core.common.CommonExecutor.accessTestCaseMainPhase(CommonExecutor.java:71)
	at com.kms.katalon.core.main.TestSuiteExecutor.accessTestSuiteMainPhase(TestSuiteExecutor.java:153)
	at com.kms.katalon.core.main.TestSuiteExecutor.execute(TestSuiteExecutor.java:110)
	at com.kms.katalon.core.main.TestCaseMain.startTestSuite(TestCaseMain.java:206)
	at S0507_1.run(S0507_1.groovy:40)
	at java.base/jdk.internal.reflect.DirectMethodHandleAccessor.invoke(DirectMethodHandleAccessor.java:103)
</property>
  <property name="failed.exception.message">Illegal base64 character 40</property>
</record>
<record>
  <date>2026-05-07T05:20:11.035419Z</date>
  <millis>1778131211035</millis>
  <nanos>419000</nanos>
  <sequence>321</sequence>
  <level>END</level>
  <class>com.kms.katalon.core.logging.XmlKeywordLogger</class>
  <method>endKeyword</method>
  <thread>1</thread>
  <message>End action : setEncryptedText(findTestObject(&amp;quot;Login with invalid credentials/Page_QWERTY E-Commerce/password_field&amp;quot;), password)</message>
  <nestedLevel>1</nestedLevel>
  <escapedJava>false</escapedJava>
</record>
<record>
  <date>2026-05-07T05:20:11.035822Z</date>
  <millis>1778131211035</millis>
  <nanos>822000</nanos>
  <sequence>324</sequence>
  <level>FAILED</level>
  <class>com.kms.katalon.core.logging.XmlKeywordLogger</class>
  <method>logMessage</method>
  <thread>1</thread>
  <message>Test Cases/Login Verification/Login with invalid credentials FAILED.
Reason:
com.kms.katalon.core.exception.StepFailedException: Unable to set encrypted text for object &amp;apos;Object Repository/Login with invalid credentials/Page_QWERTY E-Commerce/password_field&amp;apos;
	at com.kms.katalon.core.webui.keyword.internal.WebUIKeywordMain.stepFailed(WebUIKeywordMain.groovy:177)
	at com.kms.katalon.core.webui.keyword.internal.WebUIKeywordMain.runKeyword(WebUIKeywordMain.groovy:49)
	at com.kms.katalon.core.webui.keyword.internal.WebUIKeywordMain.runKeywordUntilTimeout(WebUIKeywordMain.groovy:133)
	at com.kms.katalon.core.webui.keyword.builtin.SetEncryptedTextKeyword.setEncryptedText(SetEncryptedTextKeyword.groovy:88)
	at com.kms.katalon.core.webui.keyword.builtin.SetEncryptedTextKeyword.execute(SetEncryptedTextKeyword.groovy:48)
	at com.kms.katalon.core.keyword.internal.KeywordExecutor.executeKeywordForPlatform(KeywordExecutor.groovy:99)
	at com.kms.katalon.core.webui.keyword.WebUiBuiltInKeywords.setEncryptedText(WebUiBuiltInKeywords.groovy:1113)
	at Login with invalid credentials.run(Login with invalid credentials:28)
	at com.kms.katalon.core.main.ScriptEngine.run(ScriptEngine.java:203)
	at com.kms.katalon.core.main.ScriptEngine.runScriptAsRawText(ScriptEngine.java:115)
	at com.kms.katalon.core.main.TestCaseExecutor.runScript(TestCaseExecutor.java:504)
	at com.kms.katalon.core.main.TestCaseExecutor.doExecute(TestCaseExecutor.java:495)
	at com.kms.katalon.core.main.TestCaseExecutor.processExecutionPhase(TestCaseExecutor.java:474)
	at com.kms.katalon.core.main.TestCaseExecutor.accessMainPhase(TestCaseExecutor.java:466)
	at com.kms.katalon.core.main.TestCaseExecutor.execute(TestCaseExecutor.java:336)
	at com.kms.katalon.core.main.TestCaseExecutor.execute(TestCaseExecutor.java:424)
	at com.kms.katalon.core.main.TestCaseExecutor.execute(TestCaseExecutor.java:424)
	at com.kms.katalon.core.common.CommonExecutor.accessTestCaseMainPhase(CommonExecutor.java:71)
	at com.kms.katalon.core.main.TestSuiteExecutor.accessTestSuiteMainPhase(TestSuiteExecutor.java:153)
	at com.kms.katalon.core.main.TestSuiteExecutor.execute(TestSuiteExecutor.java:110)
	at com.kms.katalon.core.main.TestCaseMain.startTestSuite(TestCaseMain.java:206)
	at S0507_1.run(S0507_1.groovy:40)
	at java.base/jdk.internal.reflect.DirectMethodHandleAccessor.invoke(DirectMethodHandleAccessor.java:103)
Caused by: java.lang.IllegalArgumentException: Illegal base64 character 40
	at com.kms.katalon.util.CryptoUtil.decode(CryptoUtil.java:86)
	at com.kms.katalon.core.webui.keyword.builtin.SetEncryptedTextKeyword$_setEncryptedText_closure1.doCall(SetEncryptedTextKeyword.groovy:66)
	at java.base/jdk.internal.reflect.DirectMethodHandleAccessor.invoke(DirectMethodHandleAccessor.java:103)
	at jdk.proxy2/jdk.proxy2.$Proxy56.execute(Unknown Source)
	at com.kms.katalon.core.webui.model.SeleniumActionRetryController.performAction(SeleniumActionRetryController.java:96)
	at com.kms.katalon.core.webui.model.SeleniumActionRetryController.performAction(SeleniumActionRetryController.java:83)
	at com.kms.katalon.core.webui.keyword.internal.WebUIKeywordMain$_runKeywordUntilTimeout_closure1.doCall(WebUIKeywordMain.groovy:135)
	at com.kms.katalon.core.webui.keyword.internal.WebUIKeywordMain$_runKeywordUntilTimeout_closure1.call(WebUIKeywordMain.groovy)
	at com.kms.katalon.core.webui.keyword.internal.WebUIKeywordMain.runKeyword(WebUIKeywordMain.groovy:41)
	... 21 more
</message>
  <exception>
    <message>com.kms.katalon.core.exception.StepFailedException: Unable to set encrypted text for object 'Object Repository/Login with invalid credentials/Page_QWERTY E-Commerce/password_field'</message>
    <frame>
      <class>com.kms.katalon.core.logging.XmlKeywordLogger</class>
      <method>logMessage</method>
      <line>518</line>
    </frame>
    <frame>
      <class>com.kms.katalon.core.logging.KeywordLogger</class>
      <method>logMessage</method>
      <line>475</line>
    </frame>
    <frame>
      <class>com.kms.katalon.core.main.TestCaseExecutor</class>
      <method>logError</method>
      <line>621</line>
    </frame>
    <frame>
      <class>com.kms.katalon.core.main.TestCaseExecutor</class>
      <method>onExecutionError</method>
      <line>199</line>
    </frame>
    <frame>
      <class>com.kms.katalon.core.main.TestCaseExecutor</class>
      <method>processExecutionPhase</method>
      <line>484</line>
    </frame>
    <frame>
      <class>com.kms.katalon.core.main.TestCaseExecutor</class>
      <method>accessMainPhase</method>
      <line>466</line>
    </frame>
    <frame>
      <class>com.kms.katalon.core.main.TestCaseExecutor</class>
      <method>execute</method>
      <line>336</line>
    </frame>
    <frame>
      <class>com.kms.katalon.core.main.TestCaseExecutor</class>
      <method>execute</method>
      <line>424</line>
    </frame>
    <frame>
      <class>com.kms.katalon.core.main.TestCaseExecutor</class>
      <method>execute</method>
      <line>424</line>
    </frame>
    <frame>
      <class>com.kms.katalon.core.common.CommonExecutor</class>
      <method>accessTestCaseMainPhase</method>
      <line>71</line>
    </frame>
    <frame>
      <class>com.kms.katalon.core.main.TestSuiteExecutor</class>
      <method>accessTestSuiteMainPhase</method>
      <line>153</line>
    </frame>
    <frame>
      <class>com.kms.katalon.core.main.TestSuiteExecutor</class>
      <method>execute</method>
      <line>110</line>
    </frame>
    <frame>
      <class>com.kms.katalon.core.main.TestCaseMain</class>
      <method>startTestSuite</method>
      <line>206</line>
    </frame>
    <frame>
      <class>org.codehaus.groovy.vmplugin.v8.IndyInterface</class>
      <method>fromCache</method>
      <line>318</line>
    </frame>
    <frame>
      <class>S0507_1</class>
      <method>run</method>
      <line>40</line>
    </frame>
    <frame>
      <class>groovy.lang.GroovyShell</class>
      <method>runScriptOrMainOrTestOrRunnable</method>
      <line>254</line>
    </frame>
    <frame>
      <class>groovy.lang.GroovyShell</class>
      <method>run</method>
      <line>360</line>
    </frame>
    <frame>
      <class>groovy.lang.GroovyShell</class>
      <method>run</method>
      <line>349</line>
    </frame>
    <frame>
      <class>groovy.ui.GroovyMain</class>
      <method>processOnce</method>
      <line>652</line>
    </frame>
    <frame>
      <class>groovy.ui.GroovyMain</class>
      <method>run</method>
      <line>398</line>
    </frame>
    <frame>
      <class>groovy.ui.GroovyMain</class>
      <method>access$1400</method>
      <line>68</line>
    </frame>
    <frame>
      <class>groovy.ui.GroovyMain$GroovyCommand</class>
      <method>process</method>
      <line>322</line>
    </frame>
    <frame>
      <class>groovy.ui.GroovyMain</class>
      <method>processArgs</method>
      <line>142</line>
    </frame>
    <frame>
      <class>groovy.ui.GroovyMain</class>
      <method>main</method>
      <line>115</line>
    </frame>
    <frame>
      <class>jdk.internal.reflect.DirectMethodHandleAccessor</class>
      <method>invoke</method>
      <line>103</line>
    </frame>
    <frame>
      <class>java.lang.reflect.Method</class>
      <method>invoke</method>
      <line>580</line>
    </frame>
    <frame>
      <class>org.codehaus.groovy.tools.GroovyStarter</class>
      <method>rootLoader</method>
      <line>117</line>
    </frame>
    <frame>
      <class>org.codehaus.groovy.tools.GroovyStarter</class>
      <method>main</method>
      <line>39</line>
    </frame>
  </exception>
  <nestedLevel>0</nestedLevel>
  <escapedJava>false</escapedJava>
  <property name="failed.exception.stacktrace">java.lang.IllegalArgumentException: Illegal base64 character 40
	at com.kms.katalon.util.CryptoUtil.decode(CryptoUtil.java:86)
	at com.kms.katalon.core.webui.keyword.builtin.SetEncryptedTextKeyword$_setEncryptedText_closure1.doCall(SetEncryptedTextKeyword.groovy:66)
	at java.base/jdk.internal.reflect.DirectMethodHandleAccessor.invoke(DirectMethodHandleAccessor.java:103)
	at jdk.proxy2/jdk.proxy2.$Proxy56.execute(Unknown Source)
	at com.kms.katalon.core.webui.model.SeleniumActionRetryController.performAction(SeleniumActionRetryController.java:96)
	at com.kms.katalon.core.webui.model.SeleniumActionRetryController.performAction(SeleniumActionRetryController.java:83)
	at com.kms.katalon.core.webui.keyword.internal.WebUIKeywordMain$_runKeywordUntilTimeout_closure1.doCall(WebUIKeywordMain.groovy:135)
	at com.kms.katalon.core.webui.keyword.internal.WebUIKeywordMain$_runKeywordUntilTimeout_closure1.call(WebUIKeywordMain.groovy)
	at com.kms.katalon.core.webui.keyword.internal.WebUIKeywordMain.runKeyword(WebUIKeywordMain.groovy:41)
	at com.kms.katalon.core.webui.keyword.internal.WebUIKeywordMain.runKeywordUntilTimeout(WebUIKeywordMain.groovy:133)
	at com.kms.katalon.core.webui.keyword.builtin.SetEncryptedTextKeyword.setEncryptedText(SetEncryptedTextKeyword.groovy:88)
	at com.kms.katalon.core.webui.keyword.builtin.SetEncryptedTextKeyword.execute(SetEncryptedTextKeyword.groovy:48)
	at com.kms.katalon.core.keyword.internal.KeywordExecutor.executeKeywordForPlatform(KeywordExecutor.groovy:99)
	at com.kms.katalon.core.webui.keyword.WebUiBuiltInKeywords.setEncryptedText(WebUiBuiltInKeywords.groovy:1113)
	at Login with invalid credentials.run(Login with invalid credentials:28)
	at com.kms.katalon.core.main.ScriptEngine.run(ScriptEngine.java:203)
	at com.kms.katalon.core.main.ScriptEngine.runScriptAsRawText(ScriptEngine.java:115)
	at com.kms.katalon.core.main.TestCaseExecutor.runScript(TestCaseExecutor.java:504)
	at com.kms.katalon.core.main.TestCaseExecutor.doExecute(TestCaseExecutor.java:495)
	at com.kms.katalon.core.main.TestCaseExecutor.processExecutionPhase(TestCaseExecutor.java:474)
	at com.kms.katalon.core.main.TestCaseExecutor.accessMainPhase(TestCaseExecutor.java:466)
	at com.kms.katalon.core.main.TestCaseExecutor.execute(TestCaseExecutor.java:336)
	at com.kms.katalon.core.main.TestCaseExecutor.execute(TestCaseExecutor.java:424)
	at com.kms.katalon.core.main.TestCaseExecutor.execute(TestCaseExecutor.java:424)
	at com.kms.katalon.core.common.CommonExecutor.accessTestCaseMainPhase(CommonExecutor.java:71)
	at com.kms.katalon.core.main.TestSuiteExecutor.accessTestSuiteMainPhase(TestSuiteExecutor.java:153)
	at com.kms.katalon.core.main.TestSuiteExecutor.execute(TestSuiteExecutor.java:110)
	at com.kms.katalon.core.main.TestCaseMain.startTestSuite(TestCaseMain.java:206)
	at S0507_1.run(S0507_1.groovy:40)
	at java.base/jdk.internal.reflect.DirectMethodHandleAccessor.invoke(DirectMethodHandleAccessor.java:103)
</property>
  <property name="failed.exception.class">java.lang.IllegalArgumentException</property>
  <property name="failed.exception.message">Illegal base64 character 40</property>
</record>
<record>
  <date>2026-05-07T05:20:11.037609Z</date>
  <millis>1778131211037</millis>
  <nanos>609000</nanos>
  <sequence>326</sequence>
  <level>END</level>
  <class>com.kms.katalon.core.logging.XmlKeywordLogger</class>
  <method>endTest</method>
  <thread>1</thread>
  <message>End Test Case : Test Cases/Login Verification/Login with invalid credentials</message>
  <nestedLevel>0</nestedLevel>
  <escapedJava>false</escapedJava>
  <property name="executionBindingVariables">[
  {
    &quot;value&quot;: &quot;test01@qwerty.com&quot;,
    &quot;isDefault&quot;: false,
    &quot;name&quot;: &quot;email&quot;,
    &quot;masked&quot;: false
  },
  {
    &quot;value&quot;: &quot;User@000&quot;,
    &quot;isDefault&quot;: false,
    &quot;name&quot;: &quot;password&quot;,
    &quot;masked&quot;: false
  }
]</property>
  <property name="applitools">false</property>
  <property name="remainingRetryCount">1</property>
  <property name="executedKeywords">{
  &quot;WebUI.setEncryptedText&quot;: 1,
  &quot;WebUI.navigateToUrl&quot;: 1,
  &quot;WebUI.click&quot;: 1,
  &quot;WebUI.openBrowser&quot;: 1,
  &quot;WebUI.setText&quot;: 1
}</property>
  <property name="currentRetryCount">2</property>
  <property name="keywordsUsage">{
  &quot;web_ui&quot;: true,
  &quot;web_service&quot;: false,
  &quot;cucumber&quot;: false,
  &quot;builtin&quot;: false,
  &quot;mobile&quot;: false,
  &quot;windows&quot;: false,
  &quot;testng&quot;: false
}</property>
</record>
<record>
  <date>2026-05-07T05:20:11.039628Z</date>
  <millis>1778131211039</millis>
  <nanos>628000</nanos>
  <sequence>327</sequence>
  <level>START</level>
  <class>com.kms.katalon.core.logging.XmlKeywordLogger</class>
  <method>startTest</method>
  <thread>1</thread>
  <message>Start Test Case : Test Cases/Login Verification/Login with invalid credentials</message>
  <nestedLevel>1</nestedLevel>
  <escapedJava>false</escapedJava>
  <property name="remainingRetryCount">0</property>
  <property name="origin">WEB_RECORDER</property>
  <property name="name">Test Cases/Login Verification/Login with invalid credentials</property>
  <property name="description"></property>
  <property name="iteration"></property>
  <property name="id">Test Cases/Login Verification/Login with invalid credentials</property>
  <property name="source">\Users\fazza_abiyyu\Documents\Projects\Hobby\KATALON_QWERTY\Test Cases\Login Verification\Login with invalid credentials.tc</property>
  <property name="tag">auth</property>
  <property name="isOptional">false</property>
  <property name="uuid">cdecb164-061b-4bad-ae6d-2efd12f03cee</property>
  <property name="currentRetryCount">3</property>
</record>
<record>
  <date>2026-05-07T05:20:11.044991Z</date>
  <millis>1778131211044</millis>
  <nanos>991000</nanos>
  <sequence>329</sequence>
  <level>INFO</level>
  <class>com.kms.katalon.core.logging.XmlKeywordLogger</class>
  <method>logMessage</method>
  <thread>1</thread>
  <message>email = test01@qwerty.com</message>
  <nestedLevel>1</nestedLevel>
  <escapedJava>false</escapedJava>
</record>
<record>
  <date>2026-05-07T05:20:11.045284Z</date>
  <millis>1778131211045</millis>
  <nanos>284000</nanos>
  <sequence>330</sequence>
  <level>INFO</level>
  <class>com.kms.katalon.core.logging.XmlKeywordLogger</class>
  <method>logMessage</method>
  <thread>1</thread>
  <message>password = User@000</message>
  <nestedLevel>1</nestedLevel>
  <escapedJava>false</escapedJava>
</record>
<record>
  <date>2026-05-07T05:20:11.045527Z</date>
  <millis>1778131211045</millis>
  <nanos>527000</nanos>
  <sequence>331</sequence>
  <level>RUN_DATA</level>
  <class>com.kms.katalon.core.logging.XmlKeywordLogger</class>
  <method>logMessage</method>
  <thread>1</thread>
  <message>executionBindingVariables = [
  {
    &amp;quot;value&amp;quot;: &amp;quot;test01@qwerty.com&amp;quot;,
    &amp;quot;isDefault&amp;quot;: false,
    &amp;quot;name&amp;quot;: &amp;quot;email&amp;quot;,
    &amp;quot;masked&amp;quot;: false
  },
  {
    &amp;quot;value&amp;quot;: &amp;quot;User@000&amp;quot;,
    &amp;quot;isDefault&amp;quot;: false,
    &amp;quot;name&amp;quot;: &amp;quot;password&amp;quot;,
    &amp;quot;masked&amp;quot;: false
  }
]</message>
  <nestedLevel>1</nestedLevel>
  <escapedJava>false</escapedJava>
  <property name="executionBindingVariables">[
  {
    &quot;value&quot;: &quot;test01@qwerty.com&quot;,
    &quot;isDefault&quot;: false,
    &quot;name&quot;: &quot;email&quot;,
    &quot;masked&quot;: false
  },
  {
    &quot;value&quot;: &quot;User@000&quot;,
    &quot;isDefault&quot;: false,
    &quot;name&quot;: &quot;password&quot;,
    &quot;masked&quot;: false
  }
]</property>
</record>
<record>
  <date>2026-05-07T05:20:11.046254Z</date>
  <millis>1778131211046</millis>
  <nanos>254000</nanos>
  <sequence>332</sequence>
  <level>START</level>
  <class>com.kms.katalon.core.logging.XmlKeywordLogger</class>
  <method>startKeyword</method>
  <thread>1</thread>
  <message>Start action : openBrowser(&amp;quot;&amp;quot;)</message>
  <nestedLevel>1</nestedLevel>
  <escapedJava>false</escapedJava>
  <property name="startLine">20</property>
  <property name="stepIndex">1</property>
</record>
<record>
  <date>2026-05-07T05:20:11.046763Z</date>
  <millis>1778131211046</millis>
  <nanos>763000</nanos>
  <sequence>335</sequence>
  <level>WARNING</level>
  <class>com.kms.katalon.core.logging.XmlKeywordLogger</class>
  <method>logMessage</method>
  <thread>1</thread>
  <message>A browser is already opened. Closing browser and opening a new one</message>
  <nestedLevel>1</nestedLevel>
  <escapedJava>false</escapedJava>
</record>
<record>
  <date>2026-05-07T05:20:11.131130Z</date>
  <millis>1778131211131</millis>
  <nanos>130000</nanos>
  <sequence>336</sequence>
  <level>INFO</level>
  <class>com.kms.katalon.core.logging.XmlKeywordLogger</class>
  <method>logMessage</method>
  <thread>1</thread>
  <message>Starting &amp;apos;Chrome&amp;apos; driver</message>
  <nestedLevel>1</nestedLevel>
  <escapedJava>false</escapedJava>
</record>
<record>
  <date>2026-05-07T05:20:11.132002Z</date>
  <millis>1778131211132</millis>
  <nanos>2000</nanos>
  <sequence>337</sequence>
  <level>INFO</level>
  <class>com.kms.katalon.core.logging.XmlKeywordLogger</class>
  <method>logMessage</method>
  <thread>1</thread>
  <message>Action delay is set to 0 milliseconds</message>
  <nestedLevel>1</nestedLevel>
  <escapedJava>false</escapedJava>
</record>
<record>
  <date>2026-05-07T05:20:12.034419Z</date>
  <millis>1778131212034</millis>
  <nanos>419000</nanos>
  <sequence>339</sequence>
  <level>RUN_DATA</level>
  <class>com.kms.katalon.core.logging.XmlKeywordLogger</class>
  <method>logMessage</method>
  <thread>1</thread>
  <message>sessionId = c177b1379b412bea725986b771ba2702</message>
  <nestedLevel>1</nestedLevel>
  <escapedJava>false</escapedJava>
  <property name="sessionId">c177b1379b412bea725986b771ba2702</property>
</record>
<record>
  <date>2026-05-07T05:20:12.034614Z</date>
  <millis>1778131212034</millis>
  <nanos>614000</nanos>
  <sequence>340</sequence>
  <level>RUN_DATA</level>
  <class>com.kms.katalon.core.logging.XmlKeywordLogger</class>
  <method>logMessage</method>
  <thread>1</thread>
  <message>browser = Chrome 147.0.7727.138</message>
  <nestedLevel>1</nestedLevel>
  <escapedJava>false</escapedJava>
  <property name="browser">Chrome 147.0.7727.138</property>
</record>
<record>
  <date>2026-05-07T05:20:12.034848Z</date>
  <millis>1778131212034</millis>
  <nanos>848000</nanos>
  <sequence>341</sequence>
  <level>RUN_DATA</level>
  <class>com.kms.katalon.core.logging.XmlKeywordLogger</class>
  <method>logMessage</method>
  <thread>1</thread>
  <message>platform = Mac OS X</message>
  <nestedLevel>1</nestedLevel>
  <escapedJava>false</escapedJava>
  <property name="platform">Mac OS X</property>
</record>
<record>
  <date>2026-05-07T05:20:12.034995Z</date>
  <millis>1778131212034</millis>
  <nanos>995000</nanos>
  <sequence>342</sequence>
  <level>RUN_DATA</level>
  <class>com.kms.katalon.core.logging.XmlKeywordLogger</class>
  <method>logMessage</method>
  <thread>1</thread>
  <message>seleniumVersion = 4.39.0</message>
  <nestedLevel>1</nestedLevel>
  <escapedJava>false</escapedJava>
  <property name="seleniumVersion">4.39.0</property>
</record>
<record>
  <date>2026-05-07T05:20:12.035179Z</date>
  <millis>1778131212035</millis>
  <nanos>179000</nanos>
  <sequence>343</sequence>
  <level>RUN_DATA</level>
  <class>com.kms.katalon.core.logging.XmlKeywordLogger</class>
  <method>logMessage</method>
  <thread>1</thread>
  <message>proxyInformation = ProxyInformation { proxyOption=NO_PROXY, proxyServerType=HTTP, username=, password=********, proxyServerAddress=, proxyServerPort=0, executionList=&amp;quot;&amp;quot;, isApplyToDesiredCapabilities=true }</message>
  <nestedLevel>1</nestedLevel>
  <escapedJava>false</escapedJava>
  <property name="proxyInformation">ProxyInformation { proxyOption=NO_PROXY, proxyServerType=HTTP, username=, password=********, proxyServerAddress=, proxyServerPort=0, executionList=&quot;&quot;, isApplyToDesiredCapabilities=true }</property>
</record>
<record>
  <date>2026-05-07T05:20:12.038895Z</date>
  <millis>1778131212038</millis>
  <nanos>895000</nanos>
  <sequence>344</sequence>
  <level>PASSED</level>
  <class>com.kms.katalon.core.logging.XmlKeywordLogger</class>
  <method>logMessage</method>
  <thread>1</thread>
  <message>Browser is opened with url: &amp;apos;&amp;apos;</message>
  <nestedLevel>1</nestedLevel>
  <escapedJava>false</escapedJava>
  <property name="testops-method-name">com.kms.katalon.core.webui.keyword.builtin.OpenBrowserKeyword.openBrowser</property>
  <property name="testops-execution-stacktrace"></property>
</record>
<record>
  <date>2026-05-07T05:20:12.039125Z</date>
  <millis>1778131212039</millis>
  <nanos>125000</nanos>
  <sequence>345</sequence>
  <level>END</level>
  <class>com.kms.katalon.core.logging.XmlKeywordLogger</class>
  <method>endKeyword</method>
  <thread>1</thread>
  <message>End action : openBrowser(&amp;quot;&amp;quot;)</message>
  <nestedLevel>1</nestedLevel>
  <escapedJava>false</escapedJava>
</record>
<record>
  <date>2026-05-07T05:20:12.039184Z</date>
  <millis>1778131212039</millis>
  <nanos>184000</nanos>
  <sequence>346</sequence>
  <level>START</level>
  <class>com.kms.katalon.core.logging.XmlKeywordLogger</class>
  <method>startKeyword</method>
  <thread>1</thread>
  <message>Start action : navigateToUrl(&amp;quot;https://qwerty.abiyyu.xyz/&amp;quot;)</message>
  <nestedLevel>1</nestedLevel>
  <escapedJava>false</escapedJava>
  <property name="startLine">22</property>
  <property name="stepIndex">2</property>
</record>
<record>
  <date>2026-05-07T05:20:13.317544Z</date>
  <millis>1778131213317</millis>
  <nanos>544000</nanos>
  <sequence>350</sequence>
  <level>PASSED</level>
  <class>com.kms.katalon.core.logging.XmlKeywordLogger</class>
  <method>logMessage</method>
  <thread>1</thread>
  <message>Navigate to &amp;apos;https://qwerty.abiyyu.xyz/&amp;apos; successfully</message>
  <nestedLevel>1</nestedLevel>
  <escapedJava>false</escapedJava>
  <property name="testops-method-name">com.kms.katalon.core.webui.keyword.builtin.NavigateToUrlKeyword.navigateToUrl</property>
  <property name="testops-execution-stacktrace"></property>
</record>
<record>
  <date>2026-05-07T05:20:13.318502Z</date>
  <millis>1778131213318</millis>
  <nanos>502000</nanos>
  <sequence>351</sequence>
  <level>END</level>
  <class>com.kms.katalon.core.logging.XmlKeywordLogger</class>
  <method>endKeyword</method>
  <thread>1</thread>
  <message>End action : navigateToUrl(&amp;quot;https://qwerty.abiyyu.xyz/&amp;quot;)</message>
  <nestedLevel>1</nestedLevel>
  <escapedJava>false</escapedJava>
</record>
<record>
  <date>2026-05-07T05:20:13.321334Z</date>
  <millis>1778131213321</millis>
  <nanos>334000</nanos>
  <sequence>352</sequence>
  <level>START</level>
  <class>com.kms.katalon.core.logging.XmlKeywordLogger</class>
  <method>startKeyword</method>
  <thread>1</thread>
  <message>Start action : click(findTestObject(&amp;quot;Login with invalid credentials/Page_QWERTY E-Commerce/icon_sign_in&amp;quot;))</message>
  <nestedLevel>1</nestedLevel>
  <escapedJava>false</escapedJava>
  <property name="startLine">24</property>
  <property name="stepIndex">3</property>
</record>
<record>
  <date>2026-05-07T05:20:13.989526Z</date>
  <millis>1778131213989</millis>
  <nanos>526000</nanos>
  <sequence>363</sequence>
  <level>PASSED</level>
  <class>com.kms.katalon.core.logging.XmlKeywordLogger</class>
  <method>logMessage</method>
  <thread>1</thread>
  <message>Object: &amp;apos;Object Repository/Login with invalid credentials/Page_QWERTY E-Commerce/icon_sign_in&amp;apos; is clicked on</message>
  <nestedLevel>1</nestedLevel>
  <escapedJava>false</escapedJava>
  <property name="testops-method-name">com.kms.katalon.core.webui.keyword.internal.WebUIKeywordMain.runKeywordUntilTimeout</property>
  <property name="testops-execution-stacktrace">com.kms.katalon.core.logging.KeywordLogger.logPassed(KeywordLogger.java:350)
com.kms.katalon.core.logging.KeywordLogger.logPassed(KeywordLogger.java:345)
com.kms.katalon.core.webui.keyword.builtin.ClickKeyword$_click_closure1.doCall(ClickKeyword.groovy:66)
java.base/jdk.internal.reflect.DirectMethodHandleAccessor.invoke(DirectMethodHandleAccessor.java:103)
jdk.proxy2/jdk.proxy2.$Proxy56.execute(Unknown Source)
com.kms.katalon.core.webui.model.SeleniumActionRetryController.performAction(SeleniumActionRetryController.java:96)
com.kms.katalon.core.webui.model.SeleniumActionRetryController.performAction(SeleniumActionRetryController.java:83)
com.kms.katalon.core.webui.keyword.internal.WebUIKeywordMain$_runKeywordUntilTimeout_closure1.doCall(WebUIKeywordMain.groovy:135)
com.kms.katalon.core.webui.keyword.internal.WebUIKeywordMain$_runKeywordUntilTimeout_closure1.call(WebUIKeywordMain.groovy)
com.kms.katalon.core.webui.keyword.internal.WebUIKeywordMain.runKeyword(WebUIKeywordMain.groovy:41)
com.kms.katalon.core.webui.keyword.internal.WebUIKeywordMain.runKeywordUntilTimeout(WebUIKeywordMain.groovy:133)
com.kms.katalon.core.webui.keyword.builtin.ClickKeyword.click(ClickKeyword.groovy:72)
com.kms.katalon.core.webui.keyword.builtin.ClickKeyword.execute(ClickKeyword.groovy:38)
com.kms.katalon.core.keyword.internal.KeywordExecutor.executeKeywordForPlatform(KeywordExecutor.groovy:99)
com.kms.katalon.core.webui.keyword.WebUiBuiltInKeywords.click(WebUiBuiltInKeywords.groovy:722)
Login with invalid credentials.run(Login with invalid credentials:24)
</property>
</record>
<record>
  <date>2026-05-07T05:20:13.990001Z</date>
  <millis>1778131213990</millis>
  <nanos>1000</nanos>
  <sequence>364</sequence>
  <level>END</level>
  <class>com.kms.katalon.core.logging.XmlKeywordLogger</class>
  <method>endKeyword</method>
  <thread>1</thread>
  <message>End action : click(findTestObject(&amp;quot;Login with invalid credentials/Page_QWERTY E-Commerce/icon_sign_in&amp;quot;))</message>
  <nestedLevel>1</nestedLevel>
  <escapedJava>false</escapedJava>
</record>
<record>
  <date>2026-05-07T05:20:13.990083Z</date>
  <millis>1778131213990</millis>
  <nanos>83000</nanos>
  <sequence>365</sequence>
  <level>START</level>
  <class>com.kms.katalon.core.logging.XmlKeywordLogger</class>
  <method>startKeyword</method>
  <thread>1</thread>
  <message>Start action : setText(findTestObject(&amp;quot;Login with invalid credentials/Page_QWERTY E-Commerce/email_field&amp;quot;), email)</message>
  <nestedLevel>1</nestedLevel>
  <escapedJava>false</escapedJava>
  <property name="startLine">26</property>
  <property name="stepIndex">4</property>
</record>
</log>
