2026-05-07 11:05:57.284 INFO  c.k.k.c.l.logback.LogbackConfigurator    - Logback default configuration initialized from: /Applications/Katalon Studio.app/Contents/Eclipse/configuration/org.eclipse.osgi/150/0/.cp/resources/logback/logback-execution.xml
2026-05-07 11:05:57.285 INFO  c.k.k.c.l.logback.LogbackConfigurator    - Logback custom configuration initialized from: /Users/fazza_abiyyu/Documents/Projects/Hobby/KATALON_QWERTY/Include/config/log.properties
2026-05-07 11:05:57.492 INFO  c.k.katalon.core.main.TestSuiteExecutor  - START Test Suites/Login
2026-05-07 11:05:57.519 INFO  c.k.katalon.core.main.TestSuiteExecutor  - userFullName = Muhammad Faza Abiyyu
2026-05-07 11:05:57.519 INFO  c.k.katalon.core.main.TestSuiteExecutor  - projectName = KATALON_QWERTY
2026-05-07 11:05:57.519 INFO  c.k.katalon.core.main.TestSuiteExecutor  - hostName = fazza_abiyyu - 192.168.31.33
2026-05-07 11:05:57.519 INFO  c.k.katalon.core.main.TestSuiteExecutor  - os = Mac OS X 64bit
2026-05-07 11:05:57.520 INFO  c.k.katalon.core.main.TestSuiteExecutor  - hostAddress = 192.168.31.33
2026-05-07 11:05:57.520 INFO  c.k.katalon.core.main.TestSuiteExecutor  - katalonVersion = 11.1.2.0
2026-05-07 11:05:57.554 INFO  c.k.katalon.core.main.TestCaseExecutor   - --------------------
2026-05-07 11:05:57.554 INFO  c.k.katalon.core.main.TestCaseExecutor   - START Test Cases/Login Verification/Login with empty input
2026-05-07 11:05:57.637 DEBUG testcase.Login with empty input          - 1: openBrowser("")
2026-05-07 11:05:57.706 INFO  c.k.k.core.webui.driver.DriverFactory    - Starting 'Chrome' driver
2026-05-07 11:05:57.719 INFO  c.k.k.core.webui.driver.DriverFactory    - Action delay is set to 0 milliseconds
2026-05-07 11:06:00.032 INFO  c.k.k.core.webui.driver.DriverFactory    - sessionId = 2c970ecaacee8f232c2e5f836d8cc238
2026-05-07 11:06:00.032 INFO  c.k.k.core.webui.driver.DriverFactory    - browser = Chrome 147.0.7727.138
2026-05-07 11:06:00.033 INFO  c.k.k.core.webui.driver.DriverFactory    - platform = Mac OS X
2026-05-07 11:06:00.033 INFO  c.k.k.core.webui.driver.DriverFactory    - seleniumVersion = 4.39.0
2026-05-07 11:06:00.034 INFO  c.k.k.core.webui.driver.DriverFactory    - proxyInformation = ProxyInformation { proxyOption=NO_PROXY, proxyServerType=HTTP, username=, password=********, proxyServerAddress=, proxyServerPort=0, executionList="", isApplyToDesiredCapabilities=true }
2026-05-07 11:06:00.047 DEBUG testcase.Login with empty input          - 2: navigateToUrl("https://qwerty.abiyyu.xyz/")
2026-05-07 11:06:01.747 DEBUG testcase.Login with empty input          - 3: click(findTestObject("Login with empty input/Page_QWERTY E-Commerce/icon_sign_in"))
2026-05-07 11:06:02.833 DEBUG testcase.Login with empty input          - 4: click(findTestObject("Login with empty input/Page_QWERTY E-Commerce/email_field"))
2026-05-07 11:06:03.610 DEBUG testcase.Login with empty input          - 5: click(findTestObject("Login with empty input/Page_QWERTY E-Commerce/password_field"))
2026-05-07 11:06:03.860 DEBUG testcase.Login with empty input          - 6: click(findTestObject("Login with empty input/Page_QWERTY E-Commerce/btn_sign_in"))
2026-05-07 11:06:04.112 DEBUG testcase.Login with empty input          - 7: click(findTestObject("Login with empty input/Page_QWERTY E-Commerce/page_login"))
2026-05-07 11:06:04.369 DEBUG testcase.Login with empty input          - 8: closeBrowser()
2026-05-07 11:06:04.466 INFO  c.k.katalon.core.main.TestCaseExecutor   - END Test Cases/Login Verification/Login with empty input
2026-05-07 11:06:04.468 INFO  c.k.katalon.core.main.TestCaseExecutor   - --------------------
2026-05-07 11:06:04.469 INFO  c.k.katalon.core.main.TestCaseExecutor   - START Test Cases/Login Verification/Login with SQL-Injection
2026-05-07 11:06:04.496 DEBUG testcase.Login with SQL-Injection        - 1: openBrowser("")
2026-05-07 11:06:04.497 INFO  c.k.k.core.webui.driver.DriverFactory    - Starting 'Chrome' driver
2026-05-07 11:06:04.498 INFO  c.k.k.core.webui.driver.DriverFactory    - Action delay is set to 0 milliseconds
2026-05-07 11:06:05.496 INFO  c.k.k.core.webui.driver.DriverFactory    - sessionId = a3e9fd9da96ea1e87b81178a68ed33b9
2026-05-07 11:06:05.496 INFO  c.k.k.core.webui.driver.DriverFactory    - browser = Chrome 147.0.7727.138
2026-05-07 11:06:05.496 INFO  c.k.k.core.webui.driver.DriverFactory    - platform = Mac OS X
2026-05-07 11:06:05.496 INFO  c.k.k.core.webui.driver.DriverFactory    - seleniumVersion = 4.39.0
2026-05-07 11:06:05.497 INFO  c.k.k.core.webui.driver.DriverFactory    - proxyInformation = ProxyInformation { proxyOption=NO_PROXY, proxyServerType=HTTP, username=, password=********, proxyServerAddress=, proxyServerPort=0, executionList="", isApplyToDesiredCapabilities=true }
2026-05-07 11:06:05.502 DEBUG testcase.Login with SQL-Injection        - 2: navigateToUrl("https://qwerty.abiyyu.xyz/")
2026-05-07 11:06:06.854 DEBUG testcase.Login with SQL-Injection        - 3: click(findTestObject("Login with SQL-Injection/Page_QWERTY E-Commerce/icon_sign_in"))
2026-05-07 11:06:07.340 DEBUG testcase.Login with SQL-Injection        - 4: setText(findTestObject("Login with SQL-Injection/Page_QWERTY E-Commerce/email_field"), "' OR '1'='1")
2026-05-07 11:06:08.440 DEBUG testcase.Login with SQL-Injection        - 5: setEncryptedText(findTestObject("Login with SQL-Injection/Page_QWERTY E-Commerce/password_field"), "Xxl7BQJ3OEM=")
2026-05-07 11:06:08.703 DEBUG testcase.Login with SQL-Injection        - 6: click(findTestObject("Login with SQL-Injection/Page_QWERTY E-Commerce/btn_sign_in"), STOP_ON_FAILURE)
2026-05-07 11:06:08.968 DEBUG testcase.Login with SQL-Injection        - 7: click(findTestObject("Login with SQL-Injection/Page_QWERTY E-Commerce/page_login"))
2026-05-07 11:06:09.220 DEBUG testcase.Login with SQL-Injection        - 8: closeBrowser()
2026-05-07 11:06:09.307 INFO  c.k.katalon.core.main.TestCaseExecutor   - END Test Cases/Login Verification/Login with SQL-Injection
2026-05-07 11:06:09.309 INFO  c.k.katalon.core.main.TestCaseExecutor   - --------------------
2026-05-07 11:06:09.309 INFO  c.k.katalon.core.main.TestCaseExecutor   - START Test Cases/Login Verification/Login with valid credentials
2026-05-07 11:06:09.322 DEBUG testcase.Login with valid credentials    - 1: openBrowser("")
2026-05-07 11:06:09.323 INFO  c.k.k.core.webui.driver.DriverFactory    - Starting 'Chrome' driver
2026-05-07 11:06:09.324 INFO  c.k.k.core.webui.driver.DriverFactory    - Action delay is set to 0 milliseconds
2026-05-07 11:06:10.224 INFO  c.k.k.core.webui.driver.DriverFactory    - sessionId = 61613c0d1992f507fc56cb8c0d3f17da
2026-05-07 11:06:10.224 INFO  c.k.k.core.webui.driver.DriverFactory    - browser = Chrome 147.0.7727.138
2026-05-07 11:06:10.224 INFO  c.k.k.core.webui.driver.DriverFactory    - platform = Mac OS X
2026-05-07 11:06:10.224 INFO  c.k.k.core.webui.driver.DriverFactory    - seleniumVersion = 4.39.0
2026-05-07 11:06:10.224 INFO  c.k.k.core.webui.driver.DriverFactory    - proxyInformation = ProxyInformation { proxyOption=NO_PROXY, proxyServerType=HTTP, username=, password=********, proxyServerAddress=, proxyServerPort=0, executionList="", isApplyToDesiredCapabilities=true }
2026-05-07 11:06:10.230 DEBUG testcase.Login with valid credentials    - 2: navigateToUrl("https://qwerty.abiyyu.xyz/")
2026-05-07 11:06:10.876 DEBUG testcase.Login with valid credentials    - 3: click(findTestObject("Login with valid credentials/Page_QWERTY E-Commerce/icon_sign_in"))
2026-05-07 11:06:11.974 DEBUG testcase.Login with valid credentials    - 4: setText(findTestObject("Login with valid credentials/Page_QWERTY E-Commerce/email_field"), "test01@qwerty.com")
2026-05-07 11:06:13.067 DEBUG testcase.Login with valid credentials    - 5: setEncryptedText(findTestObject("Login with valid credentials/Page_QWERTY E-Commerce/password_field"), "WCS5/Cu8kbiZEC9y72YjlQ==")
2026-05-07 11:06:13.320 DEBUG testcase.Login with valid credentials    - 6: click(findTestObject("Login with valid credentials/Page_QWERTY E-Commerce/btn_sign_in"))
2026-05-07 11:06:13.582 DEBUG testcase.Login with valid credentials    - 7: click(findTestObject("Login with valid credentials/Page_QWERTY E-Commerce/box_icon_profile"))
2026-05-07 11:06:23.614 INFO  c.k.s.e.healers.SelfHealingPipeline      - [AI Self-Healing] Recovering element locator by using AI Self-Healing...
> Remove hidden elements: 30,534 -> 3,513 (-88.83%)
> Remove next siblings: 3,513 -> 3,513 (-0%)
> Remove redundant parents: 3,513 -> 3,513 (-0%)
> Remove event handler attributes: 3,513 -> 3,513 (-0%)
> Trim long attributes: 3,513 -> 3,485 (-0.09%)
> Trim long text: 3,485 -> 3,484 (-0%)
> Minify HTML syntax: 3,484 -> 3,342 (-0.47%)
>>> Total: 30,420 -> 3,484 (-88.55%)
2026-05-07 11:06:43.277 INFO  c.k.s.e.healers.SelfHealingPipeline      - [AI Self-Healing] Found "3" possible locators:\n [\n  {\n    "type": "CSS",\n    "value": "a[data-testid\u003d\"header-cart-link\"]",\n    "semanticLocator": "header cart link (profile/cart icon)",\n    "confidence": 0.85,\n    "reason": "Matched class/structure pattern: original object used a div with class\u003d\u0027relative\u0027 inside a parent with classes containing \u0027items-center\u0027 and \u0027flex\u0027. On the current page the only interactive element with class \u0027relative\u0027 in the header and that sits inside the items-center/flex header area is \u003ca data-testid\u003d\u0027header-cart-link\u0027\u003e — matched by data-testid and class/structural similarity."\n  },\n  {\n    "type": "CSS",\n    "value": "header .flex.items-center .relative",\n    "semanticLocator": "header icon container with class \u0027relative\u0027 inside flex items-center",\n    "confidence": 0.6,\n    "reason": "Matched DOM structure and classes from the broken object: original locator targeted an element with class \u0027relative\u0027 under an ancestor with classes containing \u0027items-center\u0027 and \u0027flex\u0027. This CSS replicates that pattern in the provided page DOM (it resolves to the header icon element with class \u0027relative\u0027)."\n  },\n  {\n    "type": "XPATH",\n    "value": "//a[@data-testid\u003d\u0027header-cart-link\u0027 and contains(concat(\u0027 \u0027, normalize-space(@class), \u0027 \u0027), \u0027 relative \u0027)]",\n    "semanticLocator": "XPath to header cart/profile anchor (data-testid + class \u0027relative\u0027)",\n    "confidence": 0.5,\n    "reason": "Matched attributes from object: original object had class\u003d\u0027relative\u0027 and XPath looked for element under an \u0027items-center\u0027+\u0027flex\u0027 container. This XPath uses the page\u0027s data-testid plus the \u0027relative\u0027 class to uniquely identify the corresponding element."\n  }\n]
2026-05-07 11:06:43.279 INFO  c.k.s.e.healers.SelfHealingPipeline      - [AI Self-Healing] Verifying locator: "a[data-testid="header-cart-link"]"
2026-05-07 11:06:43.511 INFO  c.k.s.e.healers.SelfHealingPipeline      - [AI Self-Healing] Found valid locator: "a[data-testid="header-cart-link"]"
2026-05-07 11:06:43.642 INFO  c.k.k.c.w.c.i.SelfHealingController      - [AI Self-Healing] Screenshot: /Users/fazza_abiyyu/Documents/Projects/Hobby/KATALON_QWERTY/Reports/Self-healing/Object Repository/Login with valid credentials/Page_QWERTY E-Commerce/box_icon_profile_XPATH.png
2026-05-07 11:06:43.647 WARN  c.k.k.c.w.keyword.builtin.ClickKeyword   - Waiting for element timed out
2026-05-07 11:06:43.674 DEBUG testcase.Login with valid credentials    - 8: closeBrowser()
2026-05-07 11:06:43.764 INFO  c.k.katalon.core.main.TestCaseExecutor   - END Test Cases/Login Verification/Login with valid credentials
2026-05-07 11:06:43.765 INFO  c.k.katalon.core.main.TestCaseExecutor   - 
2026-05-07 11:06:43.765 INFO  c.k.katalon.core.main.TestCaseExecutor   - ===================== Self-healing Report ====================
2026-05-07 11:06:43.766 INFO  c.k.katalon.core.main.TestCaseExecutor   - One of the failed test object locators has been recovered by Self-healing. Please refer to the Self-healing Insights tab for more details.
2026-05-07 11:06:43.766 INFO  c.k.katalon.core.main.TestCaseExecutor   - To learn more about Self-healing, please read https://docs.katalon.com/katalon-studio/maintain-tests/self-healing-tests-in-katalon-studio
2026-05-07 11:06:43.766 INFO  c.k.katalon.core.main.TestCaseExecutor   - ==============================================================
2026-05-07 11:06:43.767 INFO  c.k.katalon.core.main.TestCaseExecutor   - --------------------
2026-05-07 11:06:43.767 INFO  c.k.katalon.core.main.TestCaseExecutor   - START Test Cases/Login Verification/Login with unregistered email
2026-05-07 11:06:43.781 DEBUG testcase.Login with unregistered email   - 1: openBrowser("")
2026-05-07 11:06:43.781 INFO  c.k.k.core.webui.driver.DriverFactory    - Starting 'Chrome' driver
2026-05-07 11:06:43.782 INFO  c.k.k.core.webui.driver.DriverFactory    - Action delay is set to 0 milliseconds
2026-05-07 11:06:44.789 INFO  c.k.k.core.webui.driver.DriverFactory    - sessionId = 5e7cbb90591f201b864811bda4e8e7a6
2026-05-07 11:06:44.790 INFO  c.k.k.core.webui.driver.DriverFactory    - browser = Chrome 147.0.7727.138
2026-05-07 11:06:44.790 INFO  c.k.k.core.webui.driver.DriverFactory    - platform = Mac OS X
2026-05-07 11:06:44.790 INFO  c.k.k.core.webui.driver.DriverFactory    - seleniumVersion = 4.39.0
2026-05-07 11:06:44.791 INFO  c.k.k.core.webui.driver.DriverFactory    - proxyInformation = ProxyInformation { proxyOption=NO_PROXY, proxyServerType=HTTP, username=, password=********, proxyServerAddress=, proxyServerPort=0, executionList="", isApplyToDesiredCapabilities=true }
2026-05-07 11:06:44.795 DEBUG testcase.Login with unregistered email   - 2: navigateToUrl("https://qwerty.abiyyu.xyz/")
2026-05-07 11:06:47.403 DEBUG testcase.Login with unregistered email   - 3: click(findTestObject("Login with unregistered email/Page_QWERTY E-Commerce/icon_sign_in"))
2026-05-07 11:06:47.761 DEBUG testcase.Login with unregistered email   - 4: setText(findTestObject("Login with unregistered email/Page_QWERTY E-Commerce/email_field"), "' OR '1'='1")
2026-05-07 11:06:48.847 DEBUG testcase.Login with unregistered email   - 5: setEncryptedText(findTestObject("Login with unregistered email/Page_QWERTY E-Commerce/password_field"), "0j+fvehbvZQ=")
2026-05-07 11:06:49.103 DEBUG testcase.Login with unregistered email   - 6: click(findTestObject("Login with unregistered email/Page_QWERTY E-Commerce/btn_sign_in"))
2026-05-07 11:06:49.361 DEBUG testcase.Login with unregistered email   - 7: click(findTestObject("Login with unregistered email/Page_QWERTY E-Commerce/msg_invalid_email_or_password"))
2026-05-07 11:06:59.544 INFO  c.k.s.e.healers.SelfHealingPipeline      - [AI Self-Healing] Recovering element locator by using AI Self-Healing...
> Remove hidden elements: 30,368 -> 3,347 (-89.31%)
> Remove next siblings: 3,347 -> 3,347 (-0%)
> Remove redundant parents: 3,347 -> 3,347 (-0%)
> Remove event handler attributes: 3,347 -> 3,347 (-0%)
> Trim long attributes: 3,347 -> 3,319 (-0.09%)
> Trim long text: 3,319 -> 3,318 (-0%)
> Minify HTML syntax: 3,318 -> 3,180 (-0.46%)
>>> Total: 30,254 -> 3,318 (-89.03%)
2026-05-07 11:07:08.037 INFO  c.k.s.e.healers.SelfHealingPipeline      - [AI Self-Healing] No possible locators found
2026-05-07 11:07:08.147 ERROR c.k.k.core.keyword.internal.KeywordMain  - ❌ Unable to click on object 'Object Repository/Login with unregistered email/Page_QWERTY E-Commerce/msg_invalid_email_or_password' (Root cause: com.kms.katalon.core.exception.StepFailedException: Unable to click on object 'Object Repository/Login with unregistered email/Page_QWERTY E-Commerce/msg_invalid_email_or_password'\n\tat com.kms.katalon.core.webui.keyword.internal.WebUIKeywordMain.stepFailed(WebUIKeywordMain.groovy:177)\n\tat com.kms.katalon.core.webui.keyword.internal.WebUIKeywordMain.runKeyword(WebUIKeywordMain.groovy:49)\n\tat com.kms.katalon.core.webui.keyword.internal.WebUIKeywordMain.runKeywordUntilTimeout(WebUIKeywordMain.groovy:133)\n\tat com.kms.katalon.core.webui.keyword.builtin.ClickKeyword.click(ClickKeyword.groovy:72)\n\tat com.kms.katalon.core.webui.keyword.builtin.ClickKeyword.execute(ClickKeyword.groovy:38)\n\tat com.kms.katalon.core.keyword.internal.KeywordExecutor.executeKeywordForPlatform(KeywordExecutor.groovy:99)\n\tat com.kms.katalon.core.webui.keyword.WebUiBuiltInKeywords.click(WebUiBuiltInKeywords.groovy:722)\n\tat Login with unregistered email.run(Login with unregistered email:32)\n\tat com.kms.katalon.core.main.ScriptEngine.run(ScriptEngine.java:203)\n\tat com.kms.katalon.core.main.ScriptEngine.runScriptAsRawText(ScriptEngine.java:115)\n\tat com.kms.katalon.core.main.TestCaseExecutor.runScript(TestCaseExecutor.java:504)\n\tat com.kms.katalon.core.main.TestCaseExecutor.doExecute(TestCaseExecutor.java:495)\n\tat com.kms.katalon.core.main.TestCaseExecutor.processExecutionPhase(TestCaseExecutor.java:474)\n\tat com.kms.katalon.core.main.TestCaseExecutor.accessMainPhase(TestCaseExecutor.java:466)\n\tat com.kms.katalon.core.main.TestCaseExecutor.execute(TestCaseExecutor.java:336)\n\tat com.kms.katalon.core.common.CommonExecutor.accessTestCaseMainPhase(CommonExecutor.java:71)\n\tat com.kms.katalon.core.main.TestSuiteExecutor.accessTestSuiteMainPhase(TestSuiteExecutor.java:153)\n\tat com.kms.katalon.core.main.TestSuiteExecutor.execute(TestSuiteExecutor.java:110)\n\tat com.kms.katalon.core.main.TestCaseMain.startTestSuite(TestCaseMain.java:206)\n\tat S0507_3.run(S0507_3.groovy:40)\n\tat java.base/jdk.internal.reflect.DirectMethodHandleAccessor.invoke(DirectMethodHandleAccessor.java:103)\nCaused by: com.kms.katalon.core.webui.exception.WebElementNotFoundException: Web element with id: 'Object Repository/Login with unregistered email/Page_QWERTY E-Commerce/msg_invalid_email_or_password' located by 'By.xpath: //*[@data-testid = 'login-error-message']' not found\n\tat com.kms.katalon.core.webui.model.WebUiElementFinder.findElementByNormalMethods(WebUiElementFinder.java:198)\n\tat com.kms.katalon.core.webui.model.WebUiElementFinder.findElementsBySelectedMethod(WebUiElementFinder.java:96)\n\tat com.kms.katalon.core.webui.model.WebUiElementFinder.findElementsBySelectedMethod(WebUiElementFinder.java:79)\n\tat com.kms.katalon.core.webui.model.WebUiElementFinder.findElementsBySelectedMethod(WebUiElementFinder.java:74)\n\tat com.kms.katalon.core.webui.model.WebUiElementFinder.findElement(WebUiElementFinder.java:48)\n\tat com.kms.katalon.core.webui.model.WebUiElementFinderWithTimeout.basicFindElement(WebUiElementFinderWithTimeout.java:51)\n\tat com.kms.katalon.core.webui.model.WebUiElementFinderWithTimeout.lambda$0(WebUiElementFinderWithTimeout.java:29)\n\tat com.kms.katalon.core.webui.model.SeleniumActionRetryController.performAction(SeleniumActionRetryController.java:96)\n\tat com.kms.katalon.core.webui.model.SeleniumActionRetryController.performAction(SeleniumActionRetryController.java:83)\n\tat com.kms.katalon.core.webui.model.WebUiElementFinderWithTimeout.findElement(WebUiElementFinderWithTimeout.java:28)\n\tat com.kms.katalon.core.webui.keyword.internal.WebUIAbstractKeyword.lambda$1(WebUIAbstractKeyword.java:119)\n\tat com.kms.katalon.core.webui.model.SeleniumActionRetryController.performAction(SeleniumActionRetryController.java:96)\n\tat com.kms.katalon.core.webui.model.SeleniumActionRetryController.performAction(SeleniumActionRetryController.java:83)\n\tat com.kms.katalon.core.webui.model.SeleniumActionRetryController.retry(SeleniumActionRetryController.java:49)\n\tat com.kms.katalon.core.webui.model.SeleniumActionRetryController.retry(SeleniumActionRetryController.java:44)\n\tat com.kms.katalon.core.webui.keyword.internal.WebUIAbstractKeyword.findWebElement(WebUIAbstractKeyword.java:116)\n\tat com.kms.katalon.core.webui.keyword.builtin.ClickKeyword$_click_closure1.doCall(ClickKeyword.groovy:52)\n\tat java.base/jdk.internal.reflect.DirectMethodHandleAccessor.invoke(DirectMethodHandleAccessor.java:103)\n\tat jdk.proxy2/jdk.proxy2.$Proxy56.execute(Unknown Source)\n\tat com.kms.katalon.core.webui.model.SeleniumActionRetryController.performAction(SeleniumActionRetryController.java:96)\n\tat com.kms.katalon.core.webui.model.SeleniumActionRetryController.performAction(SeleniumActionRetryController.java:83)\n\tat com.kms.katalon.core.webui.keyword.internal.WebUIKeywordMain$_runKeywordUntilTimeout_closure1.doCall(WebUIKeywordMain.groovy:135)\n\tat com.kms.katalon.core.webui.keyword.internal.WebUIKeywordMain$_runKeywordUntilTimeout_closure1.call(WebUIKeywordMain.groovy)\n\tat com.kms.katalon.core.webui.keyword.internal.WebUIKeywordMain.runKeyword(WebUIKeywordMain.groovy:41)\n\tat com.kms.katalon.core.webui.keyword.internal.WebUIKeywordMain.runKeywordUntilTimeout(WebUIKeywordMain.groovy:133)\n\tat com.kms.katalon.core.webui.keyword.builtin.ClickKeyword.click(ClickKeyword.groovy:72)\n\tat com.kms.katalon.core.webui.keyword.builtin.ClickKeyword.execute(ClickKeyword.groovy:38)\n\tat com.kms.katalon.core.keyword.internal.KeywordExecutor.executeKeywordForPlatform(KeywordExecutor.groovy:99)\n\tat com.kms.katalon.core.webui.keyword.WebUiBuiltInKeywords.click(WebUiBuiltInKeywords.groovy:722)\n\tat Script1778124367742.run(Script1778124367742.groovy:32)\n\t... 13 more\n)
2026-05-07 11:07:08.149 ERROR c.k.katalon.core.main.TestCaseExecutor   - ❌ Test Cases/Login Verification/Login with unregistered email FAILED.\nReason:\ncom.kms.katalon.core.exception.StepFailedException: Unable to click on object 'Object Repository/Login with unregistered email/Page_QWERTY E-Commerce/msg_invalid_email_or_password'\n\tat com.kms.katalon.core.webui.keyword.internal.WebUIKeywordMain.stepFailed(WebUIKeywordMain.groovy:177)\n\tat com.kms.katalon.core.webui.keyword.internal.WebUIKeywordMain.runKeyword(WebUIKeywordMain.groovy:49)\n\tat com.kms.katalon.core.webui.keyword.internal.WebUIKeywordMain.runKeywordUntilTimeout(WebUIKeywordMain.groovy:133)\n\tat com.kms.katalon.core.webui.keyword.builtin.ClickKeyword.click(ClickKeyword.groovy:72)\n\tat com.kms.katalon.core.webui.keyword.builtin.ClickKeyword.execute(ClickKeyword.groovy:38)\n\tat com.kms.katalon.core.keyword.internal.KeywordExecutor.executeKeywordForPlatform(KeywordExecutor.groovy:99)\n\tat com.kms.katalon.core.webui.keyword.WebUiBuiltInKeywords.click(WebUiBuiltInKeywords.groovy:722)\n\tat Login with unregistered email.run(Login with unregistered email:32)\n\tat com.kms.katalon.core.main.ScriptEngine.run(ScriptEngine.java:203)\n\tat com.kms.katalon.core.main.ScriptEngine.runScriptAsRawText(ScriptEngine.java:115)\n\tat com.kms.katalon.core.main.TestCaseExecutor.runScript(TestCaseExecutor.java:504)\n\tat com.kms.katalon.core.main.TestCaseExecutor.doExecute(TestCaseExecutor.java:495)\n\tat com.kms.katalon.core.main.TestCaseExecutor.processExecutionPhase(TestCaseExecutor.java:474)\n\tat com.kms.katalon.core.main.TestCaseExecutor.accessMainPhase(TestCaseExecutor.java:466)\n\tat com.kms.katalon.core.main.TestCaseExecutor.execute(TestCaseExecutor.java:336)\n\tat com.kms.katalon.core.common.CommonExecutor.accessTestCaseMainPhase(CommonExecutor.java:71)\n\tat com.kms.katalon.core.main.TestSuiteExecutor.accessTestSuiteMainPhase(TestSuiteExecutor.java:153)\n\tat com.kms.katalon.core.main.TestSuiteExecutor.execute(TestSuiteExecutor.java:110)\n\tat com.kms.katalon.core.main.TestCaseMain.startTestSuite(TestCaseMain.java:206)\n\tat S0507_3.run(S0507_3.groovy:40)\n\tat java.base/jdk.internal.reflect.DirectMethodHandleAccessor.invoke(DirectMethodHandleAccessor.java:103)\nCaused by: com.kms.katalon.core.webui.exception.WebElementNotFoundException: Web element with id: 'Object Repository/Login with unregistered email/Page_QWERTY E-Commerce/msg_invalid_email_or_password' located by 'By.xpath: //*[@data-testid = 'login-error-message']' not found\n\tat com.kms.katalon.core.webui.model.WebUiElementFinder.findElementByNormalMethods(WebUiElementFinder.java:198)\n\tat com.kms.katalon.core.webui.model.WebUiElementFinder.findElementsBySelectedMethod(WebUiElementFinder.java:96)\n\tat com.kms.katalon.core.webui.model.WebUiElementFinder.findElementsBySelectedMethod(WebUiElementFinder.java:79)\n\tat com.kms.katalon.core.webui.model.WebUiElementFinder.findElementsBySelectedMethod(WebUiElementFinder.java:74)\n\tat com.kms.katalon.core.webui.model.WebUiElementFinder.findElement(WebUiElementFinder.java:48)\n\tat com.kms.katalon.core.webui.model.WebUiElementFinderWithTimeout.basicFindElement(WebUiElementFinderWithTimeout.java:51)\n\tat com.kms.katalon.core.webui.model.WebUiElementFinderWithTimeout.lambda$0(WebUiElementFinderWithTimeout.java:29)\n\tat com.kms.katalon.core.webui.model.SeleniumActionRetryController.performAction(SeleniumActionRetryController.java:96)\n\tat com.kms.katalon.core.webui.model.SeleniumActionRetryController.performAction(SeleniumActionRetryController.java:83)\n\tat com.kms.katalon.core.webui.model.WebUiElementFinderWithTimeout.findElement(WebUiElementFinderWithTimeout.java:28)\n\tat com.kms.katalon.core.webui.keyword.internal.WebUIAbstractKeyword.lambda$1(WebUIAbstractKeyword.java:119)\n\tat com.kms.katalon.core.webui.model.SeleniumActionRetryController.performAction(SeleniumActionRetryController.java:96)\n\tat com.kms.katalon.core.webui.model.SeleniumActionRetryController.performAction(SeleniumActionRetryController.java:83)\n\tat com.kms.katalon.core.webui.model.SeleniumActionRetryController.retry(SeleniumActionRetryController.java:49)\n\tat com.kms.katalon.core.webui.model.SeleniumActionRetryController.retry(SeleniumActionRetryController.java:44)\n\tat com.kms.katalon.core.webui.keyword.internal.WebUIAbstractKeyword.findWebElement(WebUIAbstractKeyword.java:116)\n\tat com.kms.katalon.core.webui.keyword.builtin.ClickKeyword$_click_closure1.doCall(ClickKeyword.groovy:52)\n\tat java.base/jdk.internal.reflect.DirectMethodHandleAccessor.invoke(DirectMethodHandleAccessor.java:103)\n\tat jdk.proxy2/jdk.proxy2.$Proxy56.execute(Unknown Source)\n\tat com.kms.katalon.core.webui.model.SeleniumActionRetryController.performAction(SeleniumActionRetryController.java:96)\n\tat com.kms.katalon.core.webui.model.SeleniumActionRetryController.performAction(SeleniumActionRetryController.java:83)\n\tat com.kms.katalon.core.webui.keyword.internal.WebUIKeywordMain$_runKeywordUntilTimeout_closure1.doCall(WebUIKeywordMain.groovy:135)\n\tat com.kms.katalon.core.webui.keyword.internal.WebUIKeywordMain$_runKeywordUntilTimeout_closure1.call(WebUIKeywordMain.groovy)\n\tat com.kms.katalon.core.webui.keyword.internal.WebUIKeywordMain.runKeyword(WebUIKeywordMain.groovy:41)\n\t... 19 more\n
2026-05-07 11:07:08.150 INFO  c.k.katalon.core.main.TestCaseExecutor   - END Test Cases/Login Verification/Login with unregistered email
2026-05-07 11:07:08.152 INFO  c.k.katalon.core.main.TestCaseExecutor   - --------------------
2026-05-07 11:07:08.152 INFO  c.k.katalon.core.main.TestCaseExecutor   - START Test Cases/Login Verification/Login with unregistered email - Retry attempt 1
2026-05-07 11:07:08.160 DEBUG testcase.Login with unregistered email   - 1: openBrowser("")
2026-05-07 11:07:08.161 WARN  c.k.k.core.webui.driver.DriverFactory    - A browser is already opened. Closing browser and opening a new one
2026-05-07 11:07:20.183 INFO  c.k.k.core.webui.driver.DriverFactory    - Starting 'Chrome' driver
2026-05-07 11:07:20.187 INFO  c.k.k.core.webui.driver.DriverFactory    - Action delay is set to 0 milliseconds
2026-05-07 11:07:21.507 INFO  c.k.k.core.webui.driver.DriverFactory    - sessionId = aa1125e7b2bd41f42d5d3ca57d550e3f
2026-05-07 11:07:21.507 INFO  c.k.k.core.webui.driver.DriverFactory    - browser = Chrome 147.0.7727.138
2026-05-07 11:07:21.507 INFO  c.k.k.core.webui.driver.DriverFactory    - platform = Mac OS X
2026-05-07 11:07:21.508 INFO  c.k.k.core.webui.driver.DriverFactory    - seleniumVersion = 4.39.0
2026-05-07 11:07:21.508 INFO  c.k.k.core.webui.driver.DriverFactory    - proxyInformation = ProxyInformation { proxyOption=NO_PROXY, proxyServerType=HTTP, username=, password=********, proxyServerAddress=, proxyServerPort=0, executionList="", isApplyToDesiredCapabilities=true }
2026-05-07 11:07:21.512 DEBUG testcase.Login with unregistered email   - 2: navigateToUrl("https://qwerty.abiyyu.xyz/")
2026-05-07 11:07:24.008 DEBUG testcase.Login with unregistered email   - 3: click(findTestObject("Login with unregistered email/Page_QWERTY E-Commerce/icon_sign_in"))
2026-05-07 11:07:24.269 DEBUG testcase.Login with unregistered email   - 4: setText(findTestObject("Login with unregistered email/Page_QWERTY E-Commerce/email_field"), "' OR '1'='1")
2026-05-07 11:07:25.431 DEBUG testcase.Login with unregistered email   - 5: setEncryptedText(findTestObject("Login with unregistered email/Page_QWERTY E-Commerce/password_field"), "0j+fvehbvZQ=")
2026-05-07 11:07:25.690 DEBUG testcase.Login with unregistered email   - 6: click(findTestObject("Login with unregistered email/Page_QWERTY E-Commerce/btn_sign_in"))
2026-05-07 11:07:25.945 DEBUG testcase.Login with unregistered email   - 7: click(findTestObject("Login with unregistered email/Page_QWERTY E-Commerce/msg_invalid_email_or_password"))
2026-05-07 11:07:36.127 INFO  c.k.s.e.healers.SelfHealingPipeline      - [AI Self-Healing] Recovering element locator by using AI Self-Healing...
> Remove hidden elements: 30,368 -> 3,347 (-89.31%)
> Remove next siblings: 3,347 -> 3,347 (-0%)
> Remove redundant parents: 3,347 -> 3,347 (-0%)
> Remove event handler attributes: 3,347 -> 3,347 (-0%)
> Trim long attributes: 3,347 -> 3,319 (-0.09%)
> Trim long text: 3,319 -> 3,318 (-0%)
> Minify HTML syntax: 3,318 -> 3,180 (-0.46%)
>>> Total: 30,254 -> 3,318 (-89.03%)
2026-05-07 11:07:44.216 INFO  c.k.s.e.healers.SelfHealingPipeline      - [AI Self-Healing] No possible locators found
2026-05-07 11:07:44.321 ERROR c.k.k.core.keyword.internal.KeywordMain  - ❌ Unable to click on object 'Object Repository/Login with unregistered email/Page_QWERTY E-Commerce/msg_invalid_email_or_password' (Root cause: com.kms.katalon.core.exception.StepFailedException: Unable to click on object 'Object Repository/Login with unregistered email/Page_QWERTY E-Commerce/msg_invalid_email_or_password'\n\tat com.kms.katalon.core.webui.keyword.internal.WebUIKeywordMain.stepFailed(WebUIKeywordMain.groovy:177)\n\tat com.kms.katalon.core.webui.keyword.internal.WebUIKeywordMain.runKeyword(WebUIKeywordMain.groovy:49)\n\tat com.kms.katalon.core.webui.keyword.internal.WebUIKeywordMain.runKeywordUntilTimeout(WebUIKeywordMain.groovy:133)\n\tat com.kms.katalon.core.webui.keyword.builtin.ClickKeyword.click(ClickKeyword.groovy:72)\n\tat com.kms.katalon.core.webui.keyword.builtin.ClickKeyword.execute(ClickKeyword.groovy:38)\n\tat com.kms.katalon.core.keyword.internal.KeywordExecutor.executeKeywordForPlatform(KeywordExecutor.groovy:99)\n\tat com.kms.katalon.core.webui.keyword.WebUiBuiltInKeywords.click(WebUiBuiltInKeywords.groovy:722)\n\tat Login with unregistered email.run(Login with unregistered email:32)\n\tat com.kms.katalon.core.main.ScriptEngine.run(ScriptEngine.java:203)\n\tat com.kms.katalon.core.main.ScriptEngine.runScriptAsRawText(ScriptEngine.java:115)\n\tat com.kms.katalon.core.main.TestCaseExecutor.runScript(TestCaseExecutor.java:504)\n\tat com.kms.katalon.core.main.TestCaseExecutor.doExecute(TestCaseExecutor.java:495)\n\tat com.kms.katalon.core.main.TestCaseExecutor.processExecutionPhase(TestCaseExecutor.java:474)\n\tat com.kms.katalon.core.main.TestCaseExecutor.accessMainPhase(TestCaseExecutor.java:466)\n\tat com.kms.katalon.core.main.TestCaseExecutor.execute(TestCaseExecutor.java:336)\n\tat com.kms.katalon.core.main.TestCaseExecutor.execute(TestCaseExecutor.java:424)\n\tat com.kms.katalon.core.common.CommonExecutor.accessTestCaseMainPhase(CommonExecutor.java:71)\n\tat com.kms.katalon.core.main.TestSuiteExecutor.accessTestSuiteMainPhase(TestSuiteExecutor.java:153)\n\tat com.kms.katalon.core.main.TestSuiteExecutor.execute(TestSuiteExecutor.java:110)\n\tat com.kms.katalon.core.main.TestCaseMain.startTestSuite(TestCaseMain.java:206)\n\tat S0507_3.run(S0507_3.groovy:40)\n\tat java.base/jdk.internal.reflect.DirectMethodHandleAccessor.invoke(DirectMethodHandleAccessor.java:103)\nCaused by: com.kms.katalon.core.webui.exception.WebElementNotFoundException: Web element with id: 'Object Repository/Login with unregistered email/Page_QWERTY E-Commerce/msg_invalid_email_or_password' located by 'By.xpath: //*[@data-testid = 'login-error-message']' not found\n\tat com.kms.katalon.core.webui.model.WebUiElementFinder.findElementByNormalMethods(WebUiElementFinder.java:198)\n\tat com.kms.katalon.core.webui.model.WebUiElementFinder.findElementsBySelectedMethod(WebUiElementFinder.java:96)\n\tat com.kms.katalon.core.webui.model.WebUiElementFinder.findElementsBySelectedMethod(WebUiElementFinder.java:79)\n\tat com.kms.katalon.core.webui.model.WebUiElementFinder.findElementsBySelectedMethod(WebUiElementFinder.java:74)\n\tat com.kms.katalon.core.webui.model.WebUiElementFinder.findElement(WebUiElementFinder.java:48)\n\tat com.kms.katalon.core.webui.model.WebUiElementFinderWithTimeout.basicFindElement(WebUiElementFinderWithTimeout.java:51)\n\tat com.kms.katalon.core.webui.model.WebUiElementFinderWithTimeout.lambda$0(WebUiElementFinderWithTimeout.java:29)\n\tat com.kms.katalon.core.webui.model.SeleniumActionRetryController.performAction(SeleniumActionRetryController.java:96)\n\tat com.kms.katalon.core.webui.model.SeleniumActionRetryController.performAction(SeleniumActionRetryController.java:83)\n\tat com.kms.katalon.core.webui.model.WebUiElementFinderWithTimeout.findElement(WebUiElementFinderWithTimeout.java:28)\n\tat com.kms.katalon.core.webui.keyword.internal.WebUIAbstractKeyword.lambda$1(WebUIAbstractKeyword.java:119)\n\tat com.kms.katalon.core.webui.model.SeleniumActionRetryController.performAction(SeleniumActionRetryController.java:96)\n\tat com.kms.katalon.core.webui.model.SeleniumActionRetryController.performAction(SeleniumActionRetryController.java:83)\n\tat com.kms.katalon.core.webui.model.SeleniumActionRetryController.retry(SeleniumActionRetryController.java:49)\n\tat com.kms.katalon.core.webui.model.SeleniumActionRetryController.retry(SeleniumActionRetryController.java:44)\n\tat com.kms.katalon.core.webui.keyword.internal.WebUIAbstractKeyword.findWebElement(WebUIAbstractKeyword.java:116)\n\tat com.kms.katalon.core.webui.keyword.builtin.ClickKeyword$_click_closure1.doCall(ClickKeyword.groovy:52)\n\tat java.base/jdk.internal.reflect.DirectMethodHandleAccessor.invoke(DirectMethodHandleAccessor.java:103)\n\tat jdk.proxy2/jdk.proxy2.$Proxy56.execute(Unknown Source)\n\tat com.kms.katalon.core.webui.model.SeleniumActionRetryController.performAction(SeleniumActionRetryController.java:96)\n\tat com.kms.katalon.core.webui.model.SeleniumActionRetryController.performAction(SeleniumActionRetryController.java:83)\n\tat com.kms.katalon.core.webui.keyword.internal.WebUIKeywordMain$_runKeywordUntilTimeout_closure1.doCall(WebUIKeywordMain.groovy:135)\n\tat com.kms.katalon.core.webui.keyword.internal.WebUIKeywordMain$_runKeywordUntilTimeout_closure1.call(WebUIKeywordMain.groovy)\n\tat com.kms.katalon.core.webui.keyword.internal.WebUIKeywordMain.runKeyword(WebUIKeywordMain.groovy:41)\n\tat com.kms.katalon.core.webui.keyword.internal.WebUIKeywordMain.runKeywordUntilTimeout(WebUIKeywordMain.groovy:133)\n\tat com.kms.katalon.core.webui.keyword.builtin.ClickKeyword.click(ClickKeyword.groovy:72)\n\tat com.kms.katalon.core.webui.keyword.builtin.ClickKeyword.execute(ClickKeyword.groovy:38)\n\tat com.kms.katalon.core.keyword.internal.KeywordExecutor.executeKeywordForPlatform(KeywordExecutor.groovy:99)\n\tat com.kms.katalon.core.webui.keyword.WebUiBuiltInKeywords.click(WebUiBuiltInKeywords.groovy:722)\n\tat Script1778124367742.run(Script1778124367742.groovy:32)\n\t... 14 more\n)
2026-05-07 11:07:44.323 ERROR c.k.katalon.core.main.TestCaseExecutor   - ❌ Test Cases/Login Verification/Login with unregistered email FAILED.\nReason:\ncom.kms.katalon.core.exception.StepFailedException: Unable to click on object 'Object Repository/Login with unregistered email/Page_QWERTY E-Commerce/msg_invalid_email_or_password'\n\tat com.kms.katalon.core.webui.keyword.internal.WebUIKeywordMain.stepFailed(WebUIKeywordMain.groovy:177)\n\tat com.kms.katalon.core.webui.keyword.internal.WebUIKeywordMain.runKeyword(WebUIKeywordMain.groovy:49)\n\tat com.kms.katalon.core.webui.keyword.internal.WebUIKeywordMain.runKeywordUntilTimeout(WebUIKeywordMain.groovy:133)\n\tat com.kms.katalon.core.webui.keyword.builtin.ClickKeyword.click(ClickKeyword.groovy:72)\n\tat com.kms.katalon.core.webui.keyword.builtin.ClickKeyword.execute(ClickKeyword.groovy:38)\n\tat com.kms.katalon.core.keyword.internal.KeywordExecutor.executeKeywordForPlatform(KeywordExecutor.groovy:99)\n\tat com.kms.katalon.core.webui.keyword.WebUiBuiltInKeywords.click(WebUiBuiltInKeywords.groovy:722)\n\tat Login with unregistered email.run(Login with unregistered email:32)\n\tat com.kms.katalon.core.main.ScriptEngine.run(ScriptEngine.java:203)\n\tat com.kms.katalon.core.main.ScriptEngine.runScriptAsRawText(ScriptEngine.java:115)\n\tat com.kms.katalon.core.main.TestCaseExecutor.runScript(TestCaseExecutor.java:504)\n\tat com.kms.katalon.core.main.TestCaseExecutor.doExecute(TestCaseExecutor.java:495)\n\tat com.kms.katalon.core.main.TestCaseExecutor.processExecutionPhase(TestCaseExecutor.java:474)\n\tat com.kms.katalon.core.main.TestCaseExecutor.accessMainPhase(TestCaseExecutor.java:466)\n\tat com.kms.katalon.core.main.TestCaseExecutor.execute(TestCaseExecutor.java:336)\n\tat com.kms.katalon.core.main.TestCaseExecutor.execute(TestCaseExecutor.java:424)\n\tat com.kms.katalon.core.common.CommonExecutor.accessTestCaseMainPhase(CommonExecutor.java:71)\n\tat com.kms.katalon.core.main.TestSuiteExecutor.accessTestSuiteMainPhase(TestSuiteExecutor.java:153)\n\tat com.kms.katalon.core.main.TestSuiteExecutor.execute(TestSuiteExecutor.java:110)\n\tat com.kms.katalon.core.main.TestCaseMain.startTestSuite(TestCaseMain.java:206)\n\tat S0507_3.run(S0507_3.groovy:40)\n\tat java.base/jdk.internal.reflect.DirectMethodHandleAccessor.invoke(DirectMethodHandleAccessor.java:103)\nCaused by: com.kms.katalon.core.webui.exception.WebElementNotFoundException: Web element with id: 'Object Repository/Login with unregistered email/Page_QWERTY E-Commerce/msg_invalid_email_or_password' located by 'By.xpath: //*[@data-testid = 'login-error-message']' not found\n\tat com.kms.katalon.core.webui.model.WebUiElementFinder.findElementByNormalMethods(WebUiElementFinder.java:198)\n\tat com.kms.katalon.core.webui.model.WebUiElementFinder.findElementsBySelectedMethod(WebUiElementFinder.java:96)\n\tat com.kms.katalon.core.webui.model.WebUiElementFinder.findElementsBySelectedMethod(WebUiElementFinder.java:79)\n\tat com.kms.katalon.core.webui.model.WebUiElementFinder.findElementsBySelectedMethod(WebUiElementFinder.java:74)\n\tat com.kms.katalon.core.webui.model.WebUiElementFinder.findElement(WebUiElementFinder.java:48)\n\tat com.kms.katalon.core.webui.model.WebUiElementFinderWithTimeout.basicFindElement(WebUiElementFinderWithTimeout.java:51)\n\tat com.kms.katalon.core.webui.model.WebUiElementFinderWithTimeout.lambda$0(WebUiElementFinderWithTimeout.java:29)\n\tat com.kms.katalon.core.webui.model.SeleniumActionRetryController.performAction(SeleniumActionRetryController.java:96)\n\tat com.kms.katalon.core.webui.model.SeleniumActionRetryController.performAction(SeleniumActionRetryController.java:83)\n\tat com.kms.katalon.core.webui.model.WebUiElementFinderWithTimeout.findElement(WebUiElementFinderWithTimeout.java:28)\n\tat com.kms.katalon.core.webui.keyword.internal.WebUIAbstractKeyword.lambda$1(WebUIAbstractKeyword.java:119)\n\tat com.kms.katalon.core.webui.model.SeleniumActionRetryController.performAction(SeleniumActionRetryController.java:96)\n\tat com.kms.katalon.core.webui.model.SeleniumActionRetryController.performAction(SeleniumActionRetryController.java:83)\n\tat com.kms.katalon.core.webui.model.SeleniumActionRetryController.retry(SeleniumActionRetryController.java:49)\n\tat com.kms.katalon.core.webui.model.SeleniumActionRetryController.retry(SeleniumActionRetryController.java:44)\n\tat com.kms.katalon.core.webui.keyword.internal.WebUIAbstractKeyword.findWebElement(WebUIAbstractKeyword.java:116)\n\tat com.kms.katalon.core.webui.keyword.builtin.ClickKeyword$_click_closure1.doCall(ClickKeyword.groovy:52)\n\tat java.base/jdk.internal.reflect.DirectMethodHandleAccessor.invoke(DirectMethodHandleAccessor.java:103)\n\tat jdk.proxy2/jdk.proxy2.$Proxy56.execute(Unknown Source)\n\tat com.kms.katalon.core.webui.model.SeleniumActionRetryController.performAction(SeleniumActionRetryController.java:96)\n\tat com.kms.katalon.core.webui.model.SeleniumActionRetryController.performAction(SeleniumActionRetryController.java:83)\n\tat com.kms.katalon.core.webui.keyword.internal.WebUIKeywordMain$_runKeywordUntilTimeout_closure1.doCall(WebUIKeywordMain.groovy:135)\n\tat com.kms.katalon.core.webui.keyword.internal.WebUIKeywordMain$_runKeywordUntilTimeout_closure1.call(WebUIKeywordMain.groovy)\n\tat com.kms.katalon.core.webui.keyword.internal.WebUIKeywordMain.runKeyword(WebUIKeywordMain.groovy:41)\n\t... 20 more\n
2026-05-07 11:07:44.324 INFO  c.k.katalon.core.main.TestCaseExecutor   - END Test Cases/Login Verification/Login with unregistered email
2026-05-07 11:07:44.326 INFO  c.k.katalon.core.main.TestCaseExecutor   - --------------------
2026-05-07 11:07:44.326 INFO  c.k.katalon.core.main.TestCaseExecutor   - START Test Cases/Login Verification/Login with unregistered email - Retry attempt 2
2026-05-07 11:07:44.333 DEBUG testcase.Login with unregistered email   - 1: openBrowser("")
2026-05-07 11:07:44.334 WARN  c.k.k.core.webui.driver.DriverFactory    - A browser is already opened. Closing browser and opening a new one
2026-05-07 11:07:55.568 INFO  c.k.k.core.webui.driver.DriverFactory    - Starting 'Chrome' driver
2026-05-07 11:07:55.571 INFO  c.k.k.core.webui.driver.DriverFactory    - Action delay is set to 0 milliseconds
2026-05-07 11:07:56.504 INFO  c.k.k.core.webui.driver.DriverFactory    - sessionId = 4f711cd3dbb16abf9c8aef60690c6ab0
2026-05-07 11:07:56.504 INFO  c.k.k.core.webui.driver.DriverFactory    - browser = Chrome 147.0.7727.138
2026-05-07 11:07:56.505 INFO  c.k.k.core.webui.driver.DriverFactory    - platform = Mac OS X
2026-05-07 11:07:56.505 INFO  c.k.k.core.webui.driver.DriverFactory    - seleniumVersion = 4.39.0
2026-05-07 11:07:56.505 INFO  c.k.k.core.webui.driver.DriverFactory    - proxyInformation = ProxyInformation { proxyOption=NO_PROXY, proxyServerType=HTTP, username=, password=********, proxyServerAddress=, proxyServerPort=0, executionList="", isApplyToDesiredCapabilities=true }
2026-05-07 11:07:56.508 DEBUG testcase.Login with unregistered email   - 2: navigateToUrl("https://qwerty.abiyyu.xyz/")
2026-05-07 11:07:58.674 DEBUG testcase.Login with unregistered email   - 3: click(findTestObject("Login with unregistered email/Page_QWERTY E-Commerce/icon_sign_in"))
2026-05-07 11:07:58.926 DEBUG testcase.Login with unregistered email   - 4: setText(findTestObject("Login with unregistered email/Page_QWERTY E-Commerce/email_field"), "' OR '1'='1")
2026-05-07 11:07:59.996 DEBUG testcase.Login with unregistered email   - 5: setEncryptedText(findTestObject("Login with unregistered email/Page_QWERTY E-Commerce/password_field"), "0j+fvehbvZQ=")
2026-05-07 11:08:00.245 DEBUG testcase.Login with unregistered email   - 6: click(findTestObject("Login with unregistered email/Page_QWERTY E-Commerce/btn_sign_in"))
2026-05-07 11:08:00.495 DEBUG testcase.Login with unregistered email   - 7: click(findTestObject("Login with unregistered email/Page_QWERTY E-Commerce/msg_invalid_email_or_password"))
2026-05-07 11:08:10.647 INFO  c.k.s.e.healers.SelfHealingPipeline      - [AI Self-Healing] Recovering element locator by using AI Self-Healing...
> Remove hidden elements: 30,368 -> 3,347 (-89.31%)
> Remove next siblings: 3,347 -> 3,347 (-0%)
> Remove redundant parents: 3,347 -> 3,347 (-0%)
> Remove event handler attributes: 3,347 -> 3,347 (-0%)
> Trim long attributes: 3,347 -> 3,319 (-0.09%)
> Trim long text: 3,319 -> 3,318 (-0%)
> Minify HTML syntax: 3,318 -> 3,180 (-0.46%)
>>> Total: 30,254 -> 3,318 (-89.03%)
2026-05-07 11:08:14.800 INFO  c.k.s.e.healers.SelfHealingPipeline      - [AI Self-Healing] No possible locators found
2026-05-07 11:08:14.876 ERROR c.k.k.core.keyword.internal.KeywordMain  - ❌ Unable to click on object 'Object Repository/Login with unregistered email/Page_QWERTY E-Commerce/msg_invalid_email_or_password' (Root cause: com.kms.katalon.core.exception.StepFailedException: Unable to click on object 'Object Repository/Login with unregistered email/Page_QWERTY E-Commerce/msg_invalid_email_or_password'\n\tat com.kms.katalon.core.webui.keyword.internal.WebUIKeywordMain.stepFailed(WebUIKeywordMain.groovy:177)\n\tat com.kms.katalon.core.webui.keyword.internal.WebUIKeywordMain.runKeyword(WebUIKeywordMain.groovy:49)\n\tat com.kms.katalon.core.webui.keyword.internal.WebUIKeywordMain.runKeywordUntilTimeout(WebUIKeywordMain.groovy:133)\n\tat com.kms.katalon.core.webui.keyword.builtin.ClickKeyword.click(ClickKeyword.groovy:72)\n\tat com.kms.katalon.core.webui.keyword.builtin.ClickKeyword.execute(ClickKeyword.groovy:38)\n\tat com.kms.katalon.core.keyword.internal.KeywordExecutor.executeKeywordForPlatform(KeywordExecutor.groovy:99)\n\tat com.kms.katalon.core.webui.keyword.WebUiBuiltInKeywords.click(WebUiBuiltInKeywords.groovy:722)\n\tat Login with unregistered email.run(Login with unregistered email:32)\n\tat com.kms.katalon.core.main.ScriptEngine.run(ScriptEngine.java:203)\n\tat com.kms.katalon.core.main.ScriptEngine.runScriptAsRawText(ScriptEngine.java:115)\n\tat com.kms.katalon.core.main.TestCaseExecutor.runScript(TestCaseExecutor.java:504)\n\tat com.kms.katalon.core.main.TestCaseExecutor.doExecute(TestCaseExecutor.java:495)\n\tat com.kms.katalon.core.main.TestCaseExecutor.processExecutionPhase(TestCaseExecutor.java:474)\n\tat com.kms.katalon.core.main.TestCaseExecutor.accessMainPhase(TestCaseExecutor.java:466)\n\tat com.kms.katalon.core.main.TestCaseExecutor.execute(TestCaseExecutor.java:336)\n\tat com.kms.katalon.core.main.TestCaseExecutor.execute(TestCaseExecutor.java:424)\n\tat com.kms.katalon.core.main.TestCaseExecutor.execute(TestCaseExecutor.java:424)\n\tat com.kms.katalon.core.common.CommonExecutor.accessTestCaseMainPhase(CommonExecutor.java:71)\n\tat com.kms.katalon.core.main.TestSuiteExecutor.accessTestSuiteMainPhase(TestSuiteExecutor.java:153)\n\tat com.kms.katalon.core.main.TestSuiteExecutor.execute(TestSuiteExecutor.java:110)\n\tat com.kms.katalon.core.main.TestCaseMain.startTestSuite(TestCaseMain.java:206)\n\tat S0507_3.run(S0507_3.groovy:40)\n\tat java.base/jdk.internal.reflect.DirectMethodHandleAccessor.invoke(DirectMethodHandleAccessor.java:103)\nCaused by: com.kms.katalon.core.webui.exception.WebElementNotFoundException: Web element with id: 'Object Repository/Login with unregistered email/Page_QWERTY E-Commerce/msg_invalid_email_or_password' located by 'By.xpath: //*[@data-testid = 'login-error-message']' not found\n\tat com.kms.katalon.core.webui.model.WebUiElementFinder.findElementByNormalMethods(WebUiElementFinder.java:198)\n\tat com.kms.katalon.core.webui.model.WebUiElementFinder.findElementsBySelectedMethod(WebUiElementFinder.java:96)\n\tat com.kms.katalon.core.webui.model.WebUiElementFinder.findElementsBySelectedMethod(WebUiElementFinder.java:79)\n\tat com.kms.katalon.core.webui.model.WebUiElementFinder.findElementsBySelectedMethod(WebUiElementFinder.java:74)\n\tat com.kms.katalon.core.webui.model.WebUiElementFinder.findElement(WebUiElementFinder.java:48)\n\tat com.kms.katalon.core.webui.model.WebUiElementFinderWithTimeout.basicFindElement(WebUiElementFinderWithTimeout.java:51)\n\tat com.kms.katalon.core.webui.model.WebUiElementFinderWithTimeout.lambda$0(WebUiElementFinderWithTimeout.java:29)\n\tat com.kms.katalon.core.webui.model.SeleniumActionRetryController.performAction(SeleniumActionRetryController.java:96)\n\tat com.kms.katalon.core.webui.model.SeleniumActionRetryController.performAction(SeleniumActionRetryController.java:83)\n\tat com.kms.katalon.core.webui.model.WebUiElementFinderWithTimeout.findElement(WebUiElementFinderWithTimeout.java:28)\n\tat com.kms.katalon.core.webui.keyword.internal.WebUIAbstractKeyword.lambda$1(WebUIAbstractKeyword.java:119)\n\tat com.kms.katalon.core.webui.model.SeleniumActionRetryController.performAction(SeleniumActionRetryController.java:96)\n\tat com.kms.katalon.core.webui.model.SeleniumActionRetryController.performAction(SeleniumActionRetryController.java:83)\n\tat com.kms.katalon.core.webui.model.SeleniumActionRetryController.retry(SeleniumActionRetryController.java:49)\n\tat com.kms.katalon.core.webui.model.SeleniumActionRetryController.retry(SeleniumActionRetryController.java:44)\n\tat com.kms.katalon.core.webui.keyword.internal.WebUIAbstractKeyword.findWebElement(WebUIAbstractKeyword.java:116)\n\tat com.kms.katalon.core.webui.keyword.builtin.ClickKeyword$_click_closure1.doCall(ClickKeyword.groovy:52)\n\tat java.base/jdk.internal.reflect.DirectMethodHandleAccessor.invoke(DirectMethodHandleAccessor.java:103)\n\tat jdk.proxy2/jdk.proxy2.$Proxy56.execute(Unknown Source)\n\tat com.kms.katalon.core.webui.model.SeleniumActionRetryController.performAction(SeleniumActionRetryController.java:96)\n\tat com.kms.katalon.core.webui.model.SeleniumActionRetryController.performAction(SeleniumActionRetryController.java:83)\n\tat com.kms.katalon.core.webui.keyword.internal.WebUIKeywordMain$_runKeywordUntilTimeout_closure1.doCall(WebUIKeywordMain.groovy:135)\n\tat com.kms.katalon.core.webui.keyword.internal.WebUIKeywordMain$_runKeywordUntilTimeout_closure1.call(WebUIKeywordMain.groovy)\n\tat com.kms.katalon.core.webui.keyword.internal.WebUIKeywordMain.runKeyword(WebUIKeywordMain.groovy:41)\n\tat com.kms.katalon.core.webui.keyword.internal.WebUIKeywordMain.runKeywordUntilTimeout(WebUIKeywordMain.groovy:133)\n\tat com.kms.katalon.core.webui.keyword.builtin.ClickKeyword.click(ClickKeyword.groovy:72)\n\tat com.kms.katalon.core.webui.keyword.builtin.ClickKeyword.execute(ClickKeyword.groovy:38)\n\tat com.kms.katalon.core.keyword.internal.KeywordExecutor.executeKeywordForPlatform(KeywordExecutor.groovy:99)\n\tat com.kms.katalon.core.webui.keyword.WebUiBuiltInKeywords.click(WebUiBuiltInKeywords.groovy:722)\n\tat Script1778124367742.run(Script1778124367742.groovy:32)\n\t... 15 more\n)
2026-05-07 11:08:14.876 ERROR c.k.katalon.core.main.TestCaseExecutor   - ❌ Test Cases/Login Verification/Login with unregistered email FAILED.\nReason:\ncom.kms.katalon.core.exception.StepFailedException: Unable to click on object 'Object Repository/Login with unregistered email/Page_QWERTY E-Commerce/msg_invalid_email_or_password'\n\tat com.kms.katalon.core.webui.keyword.internal.WebUIKeywordMain.stepFailed(WebUIKeywordMain.groovy:177)\n\tat com.kms.katalon.core.webui.keyword.internal.WebUIKeywordMain.runKeyword(WebUIKeywordMain.groovy:49)\n\tat com.kms.katalon.core.webui.keyword.internal.WebUIKeywordMain.runKeywordUntilTimeout(WebUIKeywordMain.groovy:133)\n\tat com.kms.katalon.core.webui.keyword.builtin.ClickKeyword.click(ClickKeyword.groovy:72)\n\tat com.kms.katalon.core.webui.keyword.builtin.ClickKeyword.execute(ClickKeyword.groovy:38)\n\tat com.kms.katalon.core.keyword.internal.KeywordExecutor.executeKeywordForPlatform(KeywordExecutor.groovy:99)\n\tat com.kms.katalon.core.webui.keyword.WebUiBuiltInKeywords.click(WebUiBuiltInKeywords.groovy:722)\n\tat Login with unregistered email.run(Login with unregistered email:32)\n\tat com.kms.katalon.core.main.ScriptEngine.run(ScriptEngine.java:203)\n\tat com.kms.katalon.core.main.ScriptEngine.runScriptAsRawText(ScriptEngine.java:115)\n\tat com.kms.katalon.core.main.TestCaseExecutor.runScript(TestCaseExecutor.java:504)\n\tat com.kms.katalon.core.main.TestCaseExecutor.doExecute(TestCaseExecutor.java:495)\n\tat com.kms.katalon.core.main.TestCaseExecutor.processExecutionPhase(TestCaseExecutor.java:474)\n\tat com.kms.katalon.core.main.TestCaseExecutor.accessMainPhase(TestCaseExecutor.java:466)\n\tat com.kms.katalon.core.main.TestCaseExecutor.execute(TestCaseExecutor.java:336)\n\tat com.kms.katalon.core.main.TestCaseExecutor.execute(TestCaseExecutor.java:424)\n\tat com.kms.katalon.core.main.TestCaseExecutor.execute(TestCaseExecutor.java:424)\n\tat com.kms.katalon.core.common.CommonExecutor.accessTestCaseMainPhase(CommonExecutor.java:71)\n\tat com.kms.katalon.core.main.TestSuiteExecutor.accessTestSuiteMainPhase(TestSuiteExecutor.java:153)\n\tat com.kms.katalon.core.main.TestSuiteExecutor.execute(TestSuiteExecutor.java:110)\n\tat com.kms.katalon.core.main.TestCaseMain.startTestSuite(TestCaseMain.java:206)\n\tat S0507_3.run(S0507_3.groovy:40)\n\tat java.base/jdk.internal.reflect.DirectMethodHandleAccessor.invoke(DirectMethodHandleAccessor.java:103)\nCaused by: com.kms.katalon.core.webui.exception.WebElementNotFoundException: Web element with id: 'Object Repository/Login with unregistered email/Page_QWERTY E-Commerce/msg_invalid_email_or_password' located by 'By.xpath: //*[@data-testid = 'login-error-message']' not found\n\tat com.kms.katalon.core.webui.model.WebUiElementFinder.findElementByNormalMethods(WebUiElementFinder.java:198)\n\tat com.kms.katalon.core.webui.model.WebUiElementFinder.findElementsBySelectedMethod(WebUiElementFinder.java:96)\n\tat com.kms.katalon.core.webui.model.WebUiElementFinder.findElementsBySelectedMethod(WebUiElementFinder.java:79)\n\tat com.kms.katalon.core.webui.model.WebUiElementFinder.findElementsBySelectedMethod(WebUiElementFinder.java:74)\n\tat com.kms.katalon.core.webui.model.WebUiElementFinder.findElement(WebUiElementFinder.java:48)\n\tat com.kms.katalon.core.webui.model.WebUiElementFinderWithTimeout.basicFindElement(WebUiElementFinderWithTimeout.java:51)\n\tat com.kms.katalon.core.webui.model.WebUiElementFinderWithTimeout.lambda$0(WebUiElementFinderWithTimeout.java:29)\n\tat com.kms.katalon.core.webui.model.SeleniumActionRetryController.performAction(SeleniumActionRetryController.java:96)\n\tat com.kms.katalon.core.webui.model.SeleniumActionRetryController.performAction(SeleniumActionRetryController.java:83)\n\tat com.kms.katalon.core.webui.model.WebUiElementFinderWithTimeout.findElement(WebUiElementFinderWithTimeout.java:28)\n\tat com.kms.katalon.core.webui.keyword.internal.WebUIAbstractKeyword.lambda$1(WebUIAbstractKeyword.java:119)\n\tat com.kms.katalon.core.webui.model.SeleniumActionRetryController.performAction(SeleniumActionRetryController.java:96)\n\tat com.kms.katalon.core.webui.model.SeleniumActionRetryController.performAction(SeleniumActionRetryController.java:83)\n\tat com.kms.katalon.core.webui.model.SeleniumActionRetryController.retry(SeleniumActionRetryController.java:49)\n\tat com.kms.katalon.core.webui.model.SeleniumActionRetryController.retry(SeleniumActionRetryController.java:44)\n\tat com.kms.katalon.core.webui.keyword.internal.WebUIAbstractKeyword.findWebElement(WebUIAbstractKeyword.java:116)\n\tat com.kms.katalon.core.webui.keyword.builtin.ClickKeyword$_click_closure1.doCall(ClickKeyword.groovy:52)\n\tat java.base/jdk.internal.reflect.DirectMethodHandleAccessor.invoke(DirectMethodHandleAccessor.java:103)\n\tat jdk.proxy2/jdk.proxy2.$Proxy56.execute(Unknown Source)\n\tat com.kms.katalon.core.webui.model.SeleniumActionRetryController.performAction(SeleniumActionRetryController.java:96)\n\tat com.kms.katalon.core.webui.model.SeleniumActionRetryController.performAction(SeleniumActionRetryController.java:83)\n\tat com.kms.katalon.core.webui.keyword.internal.WebUIKeywordMain$_runKeywordUntilTimeout_closure1.doCall(WebUIKeywordMain.groovy:135)\n\tat com.kms.katalon.core.webui.keyword.internal.WebUIKeywordMain$_runKeywordUntilTimeout_closure1.call(WebUIKeywordMain.groovy)\n\tat com.kms.katalon.core.webui.keyword.internal.WebUIKeywordMain.runKeyword(WebUIKeywordMain.groovy:41)\n\t... 21 more\n
2026-05-07 11:08:14.877 INFO  c.k.katalon.core.main.TestCaseExecutor   - END Test Cases/Login Verification/Login with unregistered email
2026-05-07 11:08:14.880 INFO  c.k.katalon.core.main.TestCaseExecutor   - --------------------
2026-05-07 11:08:14.880 INFO  c.k.katalon.core.main.TestCaseExecutor   - START Test Cases/Login Verification/Login with unregistered email - Retry attempt 3
2026-05-07 11:08:14.886 DEBUG testcase.Login with unregistered email   - 1: openBrowser("")
2026-05-07 11:08:14.887 WARN  c.k.k.core.webui.driver.DriverFactory    - A browser is already opened. Closing browser and opening a new one
2026-05-07 11:08:32.424 INFO  c.k.k.core.webui.driver.DriverFactory    - Starting 'Chrome' driver
2026-05-07 11:08:32.427 INFO  c.k.k.core.webui.driver.DriverFactory    - Action delay is set to 0 milliseconds
2026-05-07 11:08:33.557 INFO  c.k.k.core.webui.driver.DriverFactory    - sessionId = 29fb7bcb5fdf2bf5169b4e7741604d25
2026-05-07 11:08:33.557 INFO  c.k.k.core.webui.driver.DriverFactory    - browser = Chrome 147.0.7727.138
2026-05-07 11:08:33.557 INFO  c.k.k.core.webui.driver.DriverFactory    - platform = Mac OS X
2026-05-07 11:08:33.557 INFO  c.k.k.core.webui.driver.DriverFactory    - seleniumVersion = 4.39.0
2026-05-07 11:08:33.557 INFO  c.k.k.core.webui.driver.DriverFactory    - proxyInformation = ProxyInformation { proxyOption=NO_PROXY, proxyServerType=HTTP, username=, password=********, proxyServerAddress=, proxyServerPort=0, executionList="", isApplyToDesiredCapabilities=true }
2026-05-07 11:08:33.561 DEBUG testcase.Login with unregistered email   - 2: navigateToUrl("https://qwerty.abiyyu.xyz/")
2026-05-07 11:08:35.495 DEBUG testcase.Login with unregistered email   - 3: click(findTestObject("Login with unregistered email/Page_QWERTY E-Commerce/icon_sign_in"))
2026-05-07 11:08:35.869 DEBUG testcase.Login with unregistered email   - 4: setText(findTestObject("Login with unregistered email/Page_QWERTY E-Commerce/email_field"), "' OR '1'='1")
2026-05-07 11:08:36.978 DEBUG testcase.Login with unregistered email   - 5: setEncryptedText(findTestObject("Login with unregistered email/Page_QWERTY E-Commerce/password_field"), "0j+fvehbvZQ=")
2026-05-07 11:08:37.237 DEBUG testcase.Login with unregistered email   - 6: click(findTestObject("Login with unregistered email/Page_QWERTY E-Commerce/btn_sign_in"))
2026-05-07 11:08:37.487 DEBUG testcase.Login with unregistered email   - 7: click(findTestObject("Login with unregistered email/Page_QWERTY E-Commerce/msg_invalid_email_or_password"))
2026-05-07 11:08:47.617 INFO  c.k.s.e.healers.SelfHealingPipeline      - [AI Self-Healing] Recovering element locator by using AI Self-Healing...
> Remove hidden elements: 30,368 -> 3,347 (-89.31%)
> Remove next siblings: 3,347 -> 3,347 (-0%)
> Remove redundant parents: 3,347 -> 3,347 (-0%)
> Remove event handler attributes: 3,347 -> 3,347 (-0%)
> Trim long attributes: 3,347 -> 3,319 (-0.09%)
> Trim long text: 3,319 -> 3,318 (-0%)
> Minify HTML syntax: 3,318 -> 3,180 (-0.46%)
>>> Total: 30,254 -> 3,318 (-89.03%)
2026-05-07 11:08:53.429 INFO  c.k.s.e.healers.SelfHealingPipeline      - [AI Self-Healing] No possible locators found
2026-05-07 11:08:53.506 ERROR c.k.k.core.keyword.internal.KeywordMain  - ❌ Unable to click on object 'Object Repository/Login with unregistered email/Page_QWERTY E-Commerce/msg_invalid_email_or_password' (Root cause: com.kms.katalon.core.exception.StepFailedException: Unable to click on object 'Object Repository/Login with unregistered email/Page_QWERTY E-Commerce/msg_invalid_email_or_password'\n\tat com.kms.katalon.core.webui.keyword.internal.WebUIKeywordMain.stepFailed(WebUIKeywordMain.groovy:177)\n\tat com.kms.katalon.core.webui.keyword.internal.WebUIKeywordMain.runKeyword(WebUIKeywordMain.groovy:49)\n\tat com.kms.katalon.core.webui.keyword.internal.WebUIKeywordMain.runKeywordUntilTimeout(WebUIKeywordMain.groovy:133)\n\tat com.kms.katalon.core.webui.keyword.builtin.ClickKeyword.click(ClickKeyword.groovy:72)\n\tat com.kms.katalon.core.webui.keyword.builtin.ClickKeyword.execute(ClickKeyword.groovy:38)\n\tat com.kms.katalon.core.keyword.internal.KeywordExecutor.executeKeywordForPlatform(KeywordExecutor.groovy:99)\n\tat com.kms.katalon.core.webui.keyword.WebUiBuiltInKeywords.click(WebUiBuiltInKeywords.groovy:722)\n\tat Login with unregistered email.run(Login with unregistered email:32)\n\tat com.kms.katalon.core.main.ScriptEngine.run(ScriptEngine.java:203)\n\tat com.kms.katalon.core.main.ScriptEngine.runScriptAsRawText(ScriptEngine.java:115)\n\tat com.kms.katalon.core.main.TestCaseExecutor.runScript(TestCaseExecutor.java:504)\n\tat com.kms.katalon.core.main.TestCaseExecutor.doExecute(TestCaseExecutor.java:495)\n\tat com.kms.katalon.core.main.TestCaseExecutor.processExecutionPhase(TestCaseExecutor.java:474)\n\tat com.kms.katalon.core.main.TestCaseExecutor.accessMainPhase(TestCaseExecutor.java:466)\n\tat com.kms.katalon.core.main.TestCaseExecutor.execute(TestCaseExecutor.java:336)\n\tat com.kms.katalon.core.main.TestCaseExecutor.execute(TestCaseExecutor.java:424)\n\tat com.kms.katalon.core.main.TestCaseExecutor.execute(TestCaseExecutor.java:424)\n\tat com.kms.katalon.core.main.TestCaseExecutor.execute(TestCaseExecutor.java:424)\n\tat com.kms.katalon.core.common.CommonExecutor.accessTestCaseMainPhase(CommonExecutor.java:71)\n\tat com.kms.katalon.core.main.TestSuiteExecutor.accessTestSuiteMainPhase(TestSuiteExecutor.java:153)\n\tat com.kms.katalon.core.main.TestSuiteExecutor.execute(TestSuiteExecutor.java:110)\n\tat com.kms.katalon.core.main.TestCaseMain.startTestSuite(TestCaseMain.java:206)\n\tat S0507_3.run(S0507_3.groovy:40)\n\tat java.base/jdk.internal.reflect.DirectMethodHandleAccessor.invoke(DirectMethodHandleAccessor.java:103)\nCaused by: com.kms.katalon.core.webui.exception.WebElementNotFoundException: Web element with id: 'Object Repository/Login with unregistered email/Page_QWERTY E-Commerce/msg_invalid_email_or_password' located by 'By.xpath: //*[@data-testid = 'login-error-message']' not found\n\tat com.kms.katalon.core.webui.model.WebUiElementFinder.findElementByNormalMethods(WebUiElementFinder.java:198)\n\tat com.kms.katalon.core.webui.model.WebUiElementFinder.findElementsBySelectedMethod(WebUiElementFinder.java:96)\n\tat com.kms.katalon.core.webui.model.WebUiElementFinder.findElementsBySelectedMethod(WebUiElementFinder.java:79)\n\tat com.kms.katalon.core.webui.model.WebUiElementFinder.findElementsBySelectedMethod(WebUiElementFinder.java:74)\n\tat com.kms.katalon.core.webui.model.WebUiElementFinder.findElement(WebUiElementFinder.java:48)\n\tat com.kms.katalon.core.webui.model.WebUiElementFinderWithTimeout.basicFindElement(WebUiElementFinderWithTimeout.java:51)\n\tat com.kms.katalon.core.webui.model.WebUiElementFinderWithTimeout.lambda$0(WebUiElementFinderWithTimeout.java:29)\n\tat com.kms.katalon.core.webui.model.SeleniumActionRetryController.performAction(SeleniumActionRetryController.java:96)\n\tat com.kms.katalon.core.webui.model.SeleniumActionRetryController.performAction(SeleniumActionRetryController.java:83)\n\tat com.kms.katalon.core.webui.model.WebUiElementFinderWithTimeout.findElement(WebUiElementFinderWithTimeout.java:28)\n\tat com.kms.katalon.core.webui.keyword.internal.WebUIAbstractKeyword.lambda$1(WebUIAbstractKeyword.java:119)\n\tat com.kms.katalon.core.webui.model.SeleniumActionRetryController.performAction(SeleniumActionRetryController.java:96)\n\tat com.kms.katalon.core.webui.model.SeleniumActionRetryController.performAction(SeleniumActionRetryController.java:83)\n\tat com.kms.katalon.core.webui.model.SeleniumActionRetryController.retry(SeleniumActionRetryController.java:49)\n\tat com.kms.katalon.core.webui.model.SeleniumActionRetryController.retry(SeleniumActionRetryController.java:44)\n\tat com.kms.katalon.core.webui.keyword.internal.WebUIAbstractKeyword.findWebElement(WebUIAbstractKeyword.java:116)\n\tat com.kms.katalon.core.webui.keyword.builtin.ClickKeyword$_click_closure1.doCall(ClickKeyword.groovy:52)\n\tat java.base/jdk.internal.reflect.DirectMethodHandleAccessor.invoke(DirectMethodHandleAccessor.java:103)\n\tat jdk.proxy2/jdk.proxy2.$Proxy56.execute(Unknown Source)\n\tat com.kms.katalon.core.webui.model.SeleniumActionRetryController.performAction(SeleniumActionRetryController.java:96)\n\tat com.kms.katalon.core.webui.model.SeleniumActionRetryController.performAction(SeleniumActionRetryController.java:83)\n\tat com.kms.katalon.core.webui.keyword.internal.WebUIKeywordMain$_runKeywordUntilTimeout_closure1.doCall(WebUIKeywordMain.groovy:135)\n\tat com.kms.katalon.core.webui.keyword.internal.WebUIKeywordMain$_runKeywordUntilTimeout_closure1.call(WebUIKeywordMain.groovy)\n\tat com.kms.katalon.core.webui.keyword.internal.WebUIKeywordMain.runKeyword(WebUIKeywordMain.groovy:41)\n\tat com.kms.katalon.core.webui.keyword.internal.WebUIKeywordMain.runKeywordUntilTimeout(WebUIKeywordMain.groovy:133)\n\tat com.kms.katalon.core.webui.keyword.builtin.ClickKeyword.click(ClickKeyword.groovy:72)\n\tat com.kms.katalon.core.webui.keyword.builtin.ClickKeyword.execute(ClickKeyword.groovy:38)\n\tat com.kms.katalon.core.keyword.internal.KeywordExecutor.executeKeywordForPlatform(KeywordExecutor.groovy:99)\n\tat com.kms.katalon.core.webui.keyword.WebUiBuiltInKeywords.click(WebUiBuiltInKeywords.groovy:722)\n\tat Script1778124367742.run(Script1778124367742.groovy:32)\n\t... 16 more\n)
2026-05-07 11:08:53.508 ERROR c.k.katalon.core.main.TestCaseExecutor   - ❌ Test Cases/Login Verification/Login with unregistered email FAILED.\nReason:\ncom.kms.katalon.core.exception.StepFailedException: Unable to click on object 'Object Repository/Login with unregistered email/Page_QWERTY E-Commerce/msg_invalid_email_or_password'\n\tat com.kms.katalon.core.webui.keyword.internal.WebUIKeywordMain.stepFailed(WebUIKeywordMain.groovy:177)\n\tat com.kms.katalon.core.webui.keyword.internal.WebUIKeywordMain.runKeyword(WebUIKeywordMain.groovy:49)\n\tat com.kms.katalon.core.webui.keyword.internal.WebUIKeywordMain.runKeywordUntilTimeout(WebUIKeywordMain.groovy:133)\n\tat com.kms.katalon.core.webui.keyword.builtin.ClickKeyword.click(ClickKeyword.groovy:72)\n\tat com.kms.katalon.core.webui.keyword.builtin.ClickKeyword.execute(ClickKeyword.groovy:38)\n\tat com.kms.katalon.core.keyword.internal.KeywordExecutor.executeKeywordForPlatform(KeywordExecutor.groovy:99)\n\tat com.kms.katalon.core.webui.keyword.WebUiBuiltInKeywords.click(WebUiBuiltInKeywords.groovy:722)\n\tat Login with unregistered email.run(Login with unregistered email:32)\n\tat com.kms.katalon.core.main.ScriptEngine.run(ScriptEngine.java:203)\n\tat com.kms.katalon.core.main.ScriptEngine.runScriptAsRawText(ScriptEngine.java:115)\n\tat com.kms.katalon.core.main.TestCaseExecutor.runScript(TestCaseExecutor.java:504)\n\tat com.kms.katalon.core.main.TestCaseExecutor.doExecute(TestCaseExecutor.java:495)\n\tat com.kms.katalon.core.main.TestCaseExecutor.processExecutionPhase(TestCaseExecutor.java:474)\n\tat com.kms.katalon.core.main.TestCaseExecutor.accessMainPhase(TestCaseExecutor.java:466)\n\tat com.kms.katalon.core.main.TestCaseExecutor.execute(TestCaseExecutor.java:336)\n\tat com.kms.katalon.core.main.TestCaseExecutor.execute(TestCaseExecutor.java:424)\n\tat com.kms.katalon.core.main.TestCaseExecutor.execute(TestCaseExecutor.java:424)\n\tat com.kms.katalon.core.main.TestCaseExecutor.execute(TestCaseExecutor.java:424)\n\tat com.kms.katalon.core.common.CommonExecutor.accessTestCaseMainPhase(CommonExecutor.java:71)\n\tat com.kms.katalon.core.main.TestSuiteExecutor.accessTestSuiteMainPhase(TestSuiteExecutor.java:153)\n\tat com.kms.katalon.core.main.TestSuiteExecutor.execute(TestSuiteExecutor.java:110)\n\tat com.kms.katalon.core.main.TestCaseMain.startTestSuite(TestCaseMain.java:206)\n\tat S0507_3.run(S0507_3.groovy:40)\n\tat java.base/jdk.internal.reflect.DirectMethodHandleAccessor.invoke(DirectMethodHandleAccessor.java:103)\nCaused by: com.kms.katalon.core.webui.exception.WebElementNotFoundException: Web element with id: 'Object Repository/Login with unregistered email/Page_QWERTY E-Commerce/msg_invalid_email_or_password' located by 'By.xpath: //*[@data-testid = 'login-error-message']' not found\n\tat com.kms.katalon.core.webui.model.WebUiElementFinder.findElementByNormalMethods(WebUiElementFinder.java:198)\n\tat com.kms.katalon.core.webui.model.WebUiElementFinder.findElementsBySelectedMethod(WebUiElementFinder.java:96)\n\tat com.kms.katalon.core.webui.model.WebUiElementFinder.findElementsBySelectedMethod(WebUiElementFinder.java:79)\n\tat com.kms.katalon.core.webui.model.WebUiElementFinder.findElementsBySelectedMethod(WebUiElementFinder.java:74)\n\tat com.kms.katalon.core.webui.model.WebUiElementFinder.findElement(WebUiElementFinder.java:48)\n\tat com.kms.katalon.core.webui.model.WebUiElementFinderWithTimeout.basicFindElement(WebUiElementFinderWithTimeout.java:51)\n\tat com.kms.katalon.core.webui.model.WebUiElementFinderWithTimeout.lambda$0(WebUiElementFinderWithTimeout.java:29)\n\tat com.kms.katalon.core.webui.model.SeleniumActionRetryController.performAction(SeleniumActionRetryController.java:96)\n\tat com.kms.katalon.core.webui.model.SeleniumActionRetryController.performAction(SeleniumActionRetryController.java:83)\n\tat com.kms.katalon.core.webui.model.WebUiElementFinderWithTimeout.findElement(WebUiElementFinderWithTimeout.java:28)\n\tat com.kms.katalon.core.webui.keyword.internal.WebUIAbstractKeyword.lambda$1(WebUIAbstractKeyword.java:119)\n\tat com.kms.katalon.core.webui.model.SeleniumActionRetryController.performAction(SeleniumActionRetryController.java:96)\n\tat com.kms.katalon.core.webui.model.SeleniumActionRetryController.performAction(SeleniumActionRetryController.java:83)\n\tat com.kms.katalon.core.webui.model.SeleniumActionRetryController.retry(SeleniumActionRetryController.java:49)\n\tat com.kms.katalon.core.webui.model.SeleniumActionRetryController.retry(SeleniumActionRetryController.java:44)\n\tat com.kms.katalon.core.webui.keyword.internal.WebUIAbstractKeyword.findWebElement(WebUIAbstractKeyword.java:116)\n\tat com.kms.katalon.core.webui.keyword.builtin.ClickKeyword$_click_closure1.doCall(ClickKeyword.groovy:52)\n\tat java.base/jdk.internal.reflect.DirectMethodHandleAccessor.invoke(DirectMethodHandleAccessor.java:103)\n\tat jdk.proxy2/jdk.proxy2.$Proxy56.execute(Unknown Source)\n\tat com.kms.katalon.core.webui.model.SeleniumActionRetryController.performAction(SeleniumActionRetryController.java:96)\n\tat com.kms.katalon.core.webui.model.SeleniumActionRetryController.performAction(SeleniumActionRetryController.java:83)\n\tat com.kms.katalon.core.webui.keyword.internal.WebUIKeywordMain$_runKeywordUntilTimeout_closure1.doCall(WebUIKeywordMain.groovy:135)\n\tat com.kms.katalon.core.webui.keyword.internal.WebUIKeywordMain$_runKeywordUntilTimeout_closure1.call(WebUIKeywordMain.groovy)\n\tat com.kms.katalon.core.webui.keyword.internal.WebUIKeywordMain.runKeyword(WebUIKeywordMain.groovy:41)\n\t... 22 more\n
2026-05-07 11:08:53.508 INFO  c.k.katalon.core.main.TestCaseExecutor   - END Test Cases/Login Verification/Login with unregistered email
2026-05-07 11:08:53.510 INFO  c.k.katalon.core.main.TestCaseExecutor   - --------------------
2026-05-07 11:08:53.510 INFO  c.k.katalon.core.main.TestCaseExecutor   - START Test Cases/Login Verification/Login with invalid credentials
2026-05-07 11:08:53.528 DEBUG t.Login with invalid credentials         - 1: openBrowser("")
2026-05-07 11:08:53.529 WARN  c.k.k.core.webui.driver.DriverFactory    - A browser is already opened. Closing browser and opening a new one
2026-05-07 11:09:09.750 INFO  c.k.k.core.webui.driver.DriverFactory    - Starting 'Chrome' driver
2026-05-07 11:09:09.754 INFO  c.k.k.core.webui.driver.DriverFactory    - Action delay is set to 0 milliseconds
2026-05-07 11:09:10.240 INFO  c.k.k.core.webui.driver.DriverFactory    - sessionId = 82e5f4ef892feabc82ab747becbc6301
2026-05-07 11:09:10.240 INFO  c.k.k.core.webui.driver.DriverFactory    - browser = Chrome 147.0.7727.138
2026-05-07 11:09:10.240 INFO  c.k.k.core.webui.driver.DriverFactory    - platform = Mac OS X
2026-05-07 11:09:10.240 INFO  c.k.k.core.webui.driver.DriverFactory    - seleniumVersion = 4.39.0
2026-05-07 11:09:10.241 INFO  c.k.k.core.webui.driver.DriverFactory    - proxyInformation = ProxyInformation { proxyOption=NO_PROXY, proxyServerType=HTTP, username=, password=********, proxyServerAddress=, proxyServerPort=0, executionList="", isApplyToDesiredCapabilities=true }
2026-05-07 11:09:10.245 DEBUG t.Login with invalid credentials         - 2: navigateToUrl("https://qwerty.abiyyu.xyz/")
2026-05-07 11:09:11.376 DEBUG t.Login with invalid credentials         - 3: click(findTestObject("Login with invalid credentials/Page_QWERTY E-Commerce/email_field"))
2026-05-07 11:09:21.504 INFO  c.k.s.e.healers.SelfHealingPipeline      - [AI Self-Healing] Recovering element locator by using AI Self-Healing...
> Remove hidden elements: 40,471 -> 10,956 (-73.22%)
> Remove next siblings: 10,956 -> 10,956 (-0%)
> Remove redundant parents: 10,956 -> 10,956 (-0%)
> Remove event handler attributes: 10,956 -> 10,956 (-0%)
> Trim long attributes: 10,956 -> 10,400 (-1.38%)
> Trim long text: 10,400 -> 10,383 (-0.04%)
> Minify HTML syntax: 10,383 -> 9,989 (-0.98%)
>>> Total: 40,308 -> 10,383 (-74.24%)
2026-05-07 11:09:30.155 INFO  c.k.s.e.healers.SelfHealingPipeline      - [AI Self-Healing] No possible locators found
2026-05-07 11:09:30.479 ERROR c.k.k.core.keyword.internal.KeywordMain  - ❌ Unable to click on object 'Object Repository/Login with invalid credentials/Page_QWERTY E-Commerce/email_field' (Root cause: com.kms.katalon.core.exception.StepFailedException: Unable to click on object 'Object Repository/Login with invalid credentials/Page_QWERTY E-Commerce/email_field'\n\tat com.kms.katalon.core.webui.keyword.internal.WebUIKeywordMain.stepFailed(WebUIKeywordMain.groovy:177)\n\tat com.kms.katalon.core.webui.keyword.internal.WebUIKeywordMain.runKeyword(WebUIKeywordMain.groovy:49)\n\tat com.kms.katalon.core.webui.keyword.internal.WebUIKeywordMain.runKeywordUntilTimeout(WebUIKeywordMain.groovy:133)\n\tat com.kms.katalon.core.webui.keyword.builtin.ClickKeyword.click(ClickKeyword.groovy:72)\n\tat com.kms.katalon.core.webui.keyword.builtin.ClickKeyword.execute(ClickKeyword.groovy:38)\n\tat com.kms.katalon.core.keyword.internal.KeywordExecutor.executeKeywordForPlatform(KeywordExecutor.groovy:99)\n\tat com.kms.katalon.core.webui.keyword.WebUiBuiltInKeywords.click(WebUiBuiltInKeywords.groovy:722)\n\tat Login with invalid credentials.run(Login with invalid credentials:24)\n\tat com.kms.katalon.core.main.ScriptEngine.run(ScriptEngine.java:203)\n\tat com.kms.katalon.core.main.ScriptEngine.runScriptAsRawText(ScriptEngine.java:115)\n\tat com.kms.katalon.core.main.TestCaseExecutor.runScript(TestCaseExecutor.java:504)\n\tat com.kms.katalon.core.main.TestCaseExecutor.doExecute(TestCaseExecutor.java:495)\n\tat com.kms.katalon.core.main.TestCaseExecutor.processExecutionPhase(TestCaseExecutor.java:474)\n\tat com.kms.katalon.core.main.TestCaseExecutor.accessMainPhase(TestCaseExecutor.java:466)\n\tat com.kms.katalon.core.main.TestCaseExecutor.execute(TestCaseExecutor.java:336)\n\tat com.kms.katalon.core.common.CommonExecutor.accessTestCaseMainPhase(CommonExecutor.java:71)\n\tat com.kms.katalon.core.main.TestSuiteExecutor.accessTestSuiteMainPhase(TestSuiteExecutor.java:153)\n\tat com.kms.katalon.core.main.TestSuiteExecutor.execute(TestSuiteExecutor.java:110)\n\tat com.kms.katalon.core.main.TestCaseMain.startTestSuite(TestCaseMain.java:206)\n\tat S0507_3.run(S0507_3.groovy:40)\n\tat java.base/jdk.internal.reflect.DirectMethodHandleAccessor.invoke(DirectMethodHandleAccessor.java:103)\nCaused by: com.kms.katalon.core.webui.exception.WebElementNotFoundException: Web element with id: 'Object Repository/Login with invalid credentials/Page_QWERTY E-Commerce/email_field' located by 'By.xpath: //*[@data-testid = 'login-email-input']' not found\n\tat com.kms.katalon.core.webui.model.WebUiElementFinder.findElementByNormalMethods(WebUiElementFinder.java:198)\n\tat com.kms.katalon.core.webui.model.WebUiElementFinder.findElementsBySelectedMethod(WebUiElementFinder.java:96)\n\tat com.kms.katalon.core.webui.model.WebUiElementFinder.findElementsBySelectedMethod(WebUiElementFinder.java:79)\n\tat com.kms.katalon.core.webui.model.WebUiElementFinder.findElementsBySelectedMethod(WebUiElementFinder.java:74)\n\tat com.kms.katalon.core.webui.model.WebUiElementFinder.findElement(WebUiElementFinder.java:48)\n\tat com.kms.katalon.core.webui.model.WebUiElementFinderWithTimeout.basicFindElement(WebUiElementFinderWithTimeout.java:51)\n\tat com.kms.katalon.core.webui.model.WebUiElementFinderWithTimeout.lambda$0(WebUiElementFinderWithTimeout.java:29)\n\tat com.kms.katalon.core.webui.model.SeleniumActionRetryController.performAction(SeleniumActionRetryController.java:96)\n\tat com.kms.katalon.core.webui.model.SeleniumActionRetryController.performAction(SeleniumActionRetryController.java:83)\n\tat com.kms.katalon.core.webui.model.WebUiElementFinderWithTimeout.findElement(WebUiElementFinderWithTimeout.java:28)\n\tat com.kms.katalon.core.webui.keyword.internal.WebUIAbstractKeyword.lambda$1(WebUIAbstractKeyword.java:119)\n\tat com.kms.katalon.core.webui.model.SeleniumActionRetryController.performAction(SeleniumActionRetryController.java:96)\n\tat com.kms.katalon.core.webui.model.SeleniumActionRetryController.performAction(SeleniumActionRetryController.java:83)\n\tat com.kms.katalon.core.webui.model.SeleniumActionRetryController.retry(SeleniumActionRetryController.java:49)\n\tat com.kms.katalon.core.webui.model.SeleniumActionRetryController.retry(SeleniumActionRetryController.java:44)\n\tat com.kms.katalon.core.webui.keyword.internal.WebUIAbstractKeyword.findWebElement(WebUIAbstractKeyword.java:116)\n\tat com.kms.katalon.core.webui.keyword.builtin.ClickKeyword$_click_closure1.doCall(ClickKeyword.groovy:52)\n\tat java.base/jdk.internal.reflect.DirectMethodHandleAccessor.invoke(DirectMethodHandleAccessor.java:103)\n\tat jdk.proxy2/jdk.proxy2.$Proxy56.execute(Unknown Source)\n\tat com.kms.katalon.core.webui.model.SeleniumActionRetryController.performAction(SeleniumActionRetryController.java:96)\n\tat com.kms.katalon.core.webui.model.SeleniumActionRetryController.performAction(SeleniumActionRetryController.java:83)\n\tat com.kms.katalon.core.webui.keyword.internal.WebUIKeywordMain$_runKeywordUntilTimeout_closure1.doCall(WebUIKeywordMain.groovy:135)\n\tat com.kms.katalon.core.webui.keyword.internal.WebUIKeywordMain$_runKeywordUntilTimeout_closure1.call(WebUIKeywordMain.groovy)\n\tat com.kms.katalon.core.webui.keyword.internal.WebUIKeywordMain.runKeyword(WebUIKeywordMain.groovy:41)\n\tat com.kms.katalon.core.webui.keyword.internal.WebUIKeywordMain.runKeywordUntilTimeout(WebUIKeywordMain.groovy:133)\n\tat com.kms.katalon.core.webui.keyword.builtin.ClickKeyword.click(ClickKeyword.groovy:72)\n\tat com.kms.katalon.core.webui.keyword.builtin.ClickKeyword.execute(ClickKeyword.groovy:38)\n\tat com.kms.katalon.core.keyword.internal.KeywordExecutor.executeKeywordForPlatform(KeywordExecutor.groovy:99)\n\tat com.kms.katalon.core.webui.keyword.WebUiBuiltInKeywords.click(WebUiBuiltInKeywords.groovy:722)\n\tat Script1778123772073.run(Script1778123772073.groovy:24)\n\t... 13 more\n)
2026-05-07 11:09:30.481 ERROR c.k.katalon.core.main.TestCaseExecutor   - ❌ Test Cases/Login Verification/Login with invalid credentials FAILED.\nReason:\ncom.kms.katalon.core.exception.StepFailedException: Unable to click on object 'Object Repository/Login with invalid credentials/Page_QWERTY E-Commerce/email_field'\n\tat com.kms.katalon.core.webui.keyword.internal.WebUIKeywordMain.stepFailed(WebUIKeywordMain.groovy:177)\n\tat com.kms.katalon.core.webui.keyword.internal.WebUIKeywordMain.runKeyword(WebUIKeywordMain.groovy:49)\n\tat com.kms.katalon.core.webui.keyword.internal.WebUIKeywordMain.runKeywordUntilTimeout(WebUIKeywordMain.groovy:133)\n\tat com.kms.katalon.core.webui.keyword.builtin.ClickKeyword.click(ClickKeyword.groovy:72)\n\tat com.kms.katalon.core.webui.keyword.builtin.ClickKeyword.execute(ClickKeyword.groovy:38)\n\tat com.kms.katalon.core.keyword.internal.KeywordExecutor.executeKeywordForPlatform(KeywordExecutor.groovy:99)\n\tat com.kms.katalon.core.webui.keyword.WebUiBuiltInKeywords.click(WebUiBuiltInKeywords.groovy:722)\n\tat Login with invalid credentials.run(Login with invalid credentials:24)\n\tat com.kms.katalon.core.main.ScriptEngine.run(ScriptEngine.java:203)\n\tat com.kms.katalon.core.main.ScriptEngine.runScriptAsRawText(ScriptEngine.java:115)\n\tat com.kms.katalon.core.main.TestCaseExecutor.runScript(TestCaseExecutor.java:504)\n\tat com.kms.katalon.core.main.TestCaseExecutor.doExecute(TestCaseExecutor.java:495)\n\tat com.kms.katalon.core.main.TestCaseExecutor.processExecutionPhase(TestCaseExecutor.java:474)\n\tat com.kms.katalon.core.main.TestCaseExecutor.accessMainPhase(TestCaseExecutor.java:466)\n\tat com.kms.katalon.core.main.TestCaseExecutor.execute(TestCaseExecutor.java:336)\n\tat com.kms.katalon.core.common.CommonExecutor.accessTestCaseMainPhase(CommonExecutor.java:71)\n\tat com.kms.katalon.core.main.TestSuiteExecutor.accessTestSuiteMainPhase(TestSuiteExecutor.java:153)\n\tat com.kms.katalon.core.main.TestSuiteExecutor.execute(TestSuiteExecutor.java:110)\n\tat com.kms.katalon.core.main.TestCaseMain.startTestSuite(TestCaseMain.java:206)\n\tat S0507_3.run(S0507_3.groovy:40)\n\tat java.base/jdk.internal.reflect.DirectMethodHandleAccessor.invoke(DirectMethodHandleAccessor.java:103)\nCaused by: com.kms.katalon.core.webui.exception.WebElementNotFoundException: Web element with id: 'Object Repository/Login with invalid credentials/Page_QWERTY E-Commerce/email_field' located by 'By.xpath: //*[@data-testid = 'login-email-input']' not found\n\tat com.kms.katalon.core.webui.model.WebUiElementFinder.findElementByNormalMethods(WebUiElementFinder.java:198)\n\tat com.kms.katalon.core.webui.model.WebUiElementFinder.findElementsBySelectedMethod(WebUiElementFinder.java:96)\n\tat com.kms.katalon.core.webui.model.WebUiElementFinder.findElementsBySelectedMethod(WebUiElementFinder.java:79)\n\tat com.kms.katalon.core.webui.model.WebUiElementFinder.findElementsBySelectedMethod(WebUiElementFinder.java:74)\n\tat com.kms.katalon.core.webui.model.WebUiElementFinder.findElement(WebUiElementFinder.java:48)\n\tat com.kms.katalon.core.webui.model.WebUiElementFinderWithTimeout.basicFindElement(WebUiElementFinderWithTimeout.java:51)\n\tat com.kms.katalon.core.webui.model.WebUiElementFinderWithTimeout.lambda$0(WebUiElementFinderWithTimeout.java:29)\n\tat com.kms.katalon.core.webui.model.SeleniumActionRetryController.performAction(SeleniumActionRetryController.java:96)\n\tat com.kms.katalon.core.webui.model.SeleniumActionRetryController.performAction(SeleniumActionRetryController.java:83)\n\tat com.kms.katalon.core.webui.model.WebUiElementFinderWithTimeout.findElement(WebUiElementFinderWithTimeout.java:28)\n\tat com.kms.katalon.core.webui.keyword.internal.WebUIAbstractKeyword.lambda$1(WebUIAbstractKeyword.java:119)\n\tat com.kms.katalon.core.webui.model.SeleniumActionRetryController.performAction(SeleniumActionRetryController.java:96)\n\tat com.kms.katalon.core.webui.model.SeleniumActionRetryController.performAction(SeleniumActionRetryController.java:83)\n\tat com.kms.katalon.core.webui.model.SeleniumActionRetryController.retry(SeleniumActionRetryController.java:49)\n\tat com.kms.katalon.core.webui.model.SeleniumActionRetryController.retry(SeleniumActionRetryController.java:44)\n\tat com.kms.katalon.core.webui.keyword.internal.WebUIAbstractKeyword.findWebElement(WebUIAbstractKeyword.java:116)\n\tat com.kms.katalon.core.webui.keyword.builtin.ClickKeyword$_click_closure1.doCall(ClickKeyword.groovy:52)\n\tat java.base/jdk.internal.reflect.DirectMethodHandleAccessor.invoke(DirectMethodHandleAccessor.java:103)\n\tat jdk.proxy2/jdk.proxy2.$Proxy56.execute(Unknown Source)\n\tat com.kms.katalon.core.webui.model.SeleniumActionRetryController.performAction(SeleniumActionRetryController.java:96)\n\tat com.kms.katalon.core.webui.model.SeleniumActionRetryController.performAction(SeleniumActionRetryController.java:83)\n\tat com.kms.katalon.core.webui.keyword.internal.WebUIKeywordMain$_runKeywordUntilTimeout_closure1.doCall(WebUIKeywordMain.groovy:135)\n\tat com.kms.katalon.core.webui.keyword.internal.WebUIKeywordMain$_runKeywordUntilTimeout_closure1.call(WebUIKeywordMain.groovy)\n\tat com.kms.katalon.core.webui.keyword.internal.WebUIKeywordMain.runKeyword(WebUIKeywordMain.groovy:41)\n\t... 19 more\n
2026-05-07 11:09:30.481 INFO  c.k.katalon.core.main.TestCaseExecutor   - END Test Cases/Login Verification/Login with invalid credentials
2026-05-07 11:09:30.482 INFO  c.k.katalon.core.main.TestCaseExecutor   - --------------------
2026-05-07 11:09:30.482 INFO  c.k.katalon.core.main.TestCaseExecutor   - START Test Cases/Login Verification/Login with invalid credentials - Retry attempt 1
2026-05-07 11:09:30.487 DEBUG t.Login with invalid credentials         - 1: openBrowser("")
2026-05-07 11:09:30.488 WARN  c.k.k.core.webui.driver.DriverFactory    - A browser is already opened. Closing browser and opening a new one
2026-05-07 11:09:44.442 INFO  c.k.k.core.webui.driver.DriverFactory    - Starting 'Chrome' driver
2026-05-07 11:09:44.446 INFO  c.k.k.core.webui.driver.DriverFactory    - Action delay is set to 0 milliseconds
2026-05-07 11:09:45.675 INFO  c.k.k.core.webui.driver.DriverFactory    - sessionId = 83845116b9c2f6e79c22675c8ed1b727
2026-05-07 11:09:45.676 INFO  c.k.k.core.webui.driver.DriverFactory    - browser = Chrome 147.0.7727.138
2026-05-07 11:09:45.676 INFO  c.k.k.core.webui.driver.DriverFactory    - platform = Mac OS X
2026-05-07 11:09:45.676 INFO  c.k.k.core.webui.driver.DriverFactory    - seleniumVersion = 4.39.0
2026-05-07 11:09:45.676 INFO  c.k.k.core.webui.driver.DriverFactory    - proxyInformation = ProxyInformation { proxyOption=NO_PROXY, proxyServerType=HTTP, username=, password=********, proxyServerAddress=, proxyServerPort=0, executionList="", isApplyToDesiredCapabilities=true }
2026-05-07 11:09:45.679 DEBUG t.Login with invalid credentials         - 2: navigateToUrl("https://qwerty.abiyyu.xyz/")
2026-05-07 11:09:46.857 DEBUG t.Login with invalid credentials         - 3: click(findTestObject("Login with invalid credentials/Page_QWERTY E-Commerce/email_field"))
2026-05-07 11:09:56.991 INFO  c.k.s.e.healers.SelfHealingPipeline      - [AI Self-Healing] Recovering element locator by using AI Self-Healing...
> Remove hidden elements: 40,471 -> 10,956 (-73.22%)
> Remove next siblings: 10,956 -> 10,956 (-0%)
> Remove redundant parents: 10,956 -> 10,956 (-0%)
> Remove event handler attributes: 10,956 -> 10,956 (-0%)
> Trim long attributes: 10,956 -> 10,400 (-1.38%)
> Trim long text: 10,400 -> 10,383 (-0.04%)
> Minify HTML syntax: 10,383 -> 9,989 (-0.98%)
>>> Total: 40,308 -> 10,383 (-74.24%)
2026-05-07 11:10:04.576 INFO  c.k.s.e.healers.SelfHealingPipeline      - [AI Self-Healing] No possible locators found
2026-05-07 11:10:04.930 ERROR c.k.k.core.keyword.internal.KeywordMain  - ❌ Unable to click on object 'Object Repository/Login with invalid credentials/Page_QWERTY E-Commerce/email_field' (Root cause: com.kms.katalon.core.exception.StepFailedException: Unable to click on object 'Object Repository/Login with invalid credentials/Page_QWERTY E-Commerce/email_field'\n\tat com.kms.katalon.core.webui.keyword.internal.WebUIKeywordMain.stepFailed(WebUIKeywordMain.groovy:177)\n\tat com.kms.katalon.core.webui.keyword.internal.WebUIKeywordMain.runKeyword(WebUIKeywordMain.groovy:49)\n\tat com.kms.katalon.core.webui.keyword.internal.WebUIKeywordMain.runKeywordUntilTimeout(WebUIKeywordMain.groovy:133)\n\tat com.kms.katalon.core.webui.keyword.builtin.ClickKeyword.click(ClickKeyword.groovy:72)\n\tat com.kms.katalon.core.webui.keyword.builtin.ClickKeyword.execute(ClickKeyword.groovy:38)\n\tat com.kms.katalon.core.keyword.internal.KeywordExecutor.executeKeywordForPlatform(KeywordExecutor.groovy:99)\n\tat com.kms.katalon.core.webui.keyword.WebUiBuiltInKeywords.click(WebUiBuiltInKeywords.groovy:722)\n\tat Login with invalid credentials.run(Login with invalid credentials:24)\n\tat com.kms.katalon.core.main.ScriptEngine.run(ScriptEngine.java:203)\n\tat com.kms.katalon.core.main.ScriptEngine.runScriptAsRawText(ScriptEngine.java:115)\n\tat com.kms.katalon.core.main.TestCaseExecutor.runScript(TestCaseExecutor.java:504)\n\tat com.kms.katalon.core.main.TestCaseExecutor.doExecute(TestCaseExecutor.java:495)\n\tat com.kms.katalon.core.main.TestCaseExecutor.processExecutionPhase(TestCaseExecutor.java:474)\n\tat com.kms.katalon.core.main.TestCaseExecutor.accessMainPhase(TestCaseExecutor.java:466)\n\tat com.kms.katalon.core.main.TestCaseExecutor.execute(TestCaseExecutor.java:336)\n\tat com.kms.katalon.core.main.TestCaseExecutor.execute(TestCaseExecutor.java:424)\n\tat com.kms.katalon.core.common.CommonExecutor.accessTestCaseMainPhase(CommonExecutor.java:71)\n\tat com.kms.katalon.core.main.TestSuiteExecutor.accessTestSuiteMainPhase(TestSuiteExecutor.java:153)\n\tat com.kms.katalon.core.main.TestSuiteExecutor.execute(TestSuiteExecutor.java:110)\n\tat com.kms.katalon.core.main.TestCaseMain.startTestSuite(TestCaseMain.java:206)\n\tat S0507_3.run(S0507_3.groovy:40)\n\tat java.base/jdk.internal.reflect.DirectMethodHandleAccessor.invoke(DirectMethodHandleAccessor.java:103)\nCaused by: com.kms.katalon.core.webui.exception.WebElementNotFoundException: Web element with id: 'Object Repository/Login with invalid credentials/Page_QWERTY E-Commerce/email_field' located by 'By.xpath: //*[@data-testid = 'login-email-input']' not found\n\tat com.kms.katalon.core.webui.model.WebUiElementFinder.findElementByNormalMethods(WebUiElementFinder.java:198)\n\tat com.kms.katalon.core.webui.model.WebUiElementFinder.findElementsBySelectedMethod(WebUiElementFinder.java:96)\n\tat com.kms.katalon.core.webui.model.WebUiElementFinder.findElementsBySelectedMethod(WebUiElementFinder.java:79)\n\tat com.kms.katalon.core.webui.model.WebUiElementFinder.findElementsBySelectedMethod(WebUiElementFinder.java:74)\n\tat com.kms.katalon.core.webui.model.WebUiElementFinder.findElement(WebUiElementFinder.java:48)\n\tat com.kms.katalon.core.webui.model.WebUiElementFinderWithTimeout.basicFindElement(WebUiElementFinderWithTimeout.java:51)\n\tat com.kms.katalon.core.webui.model.WebUiElementFinderWithTimeout.lambda$0(WebUiElementFinderWithTimeout.java:29)\n\tat com.kms.katalon.core.webui.model.SeleniumActionRetryController.performAction(SeleniumActionRetryController.java:96)\n\tat com.kms.katalon.core.webui.model.SeleniumActionRetryController.performAction(SeleniumActionRetryController.java:83)\n\tat com.kms.katalon.core.webui.model.WebUiElementFinderWithTimeout.findElement(WebUiElementFinderWithTimeout.java:28)\n\tat com.kms.katalon.core.webui.keyword.internal.WebUIAbstractKeyword.lambda$1(WebUIAbstractKeyword.java:119)\n\tat com.kms.katalon.core.webui.model.SeleniumActionRetryController.performAction(SeleniumActionRetryController.java:96)\n\tat com.kms.katalon.core.webui.model.SeleniumActionRetryController.performAction(SeleniumActionRetryController.java:83)\n\tat com.kms.katalon.core.webui.model.SeleniumActionRetryController.retry(SeleniumActionRetryController.java:49)\n\tat com.kms.katalon.core.webui.model.SeleniumActionRetryController.retry(SeleniumActionRetryController.java:44)\n\tat com.kms.katalon.core.webui.keyword.internal.WebUIAbstractKeyword.findWebElement(WebUIAbstractKeyword.java:116)\n\tat com.kms.katalon.core.webui.keyword.builtin.ClickKeyword$_click_closure1.doCall(ClickKeyword.groovy:52)\n\tat java.base/jdk.internal.reflect.DirectMethodHandleAccessor.invoke(DirectMethodHandleAccessor.java:103)\n\tat jdk.proxy2/jdk.proxy2.$Proxy56.execute(Unknown Source)\n\tat com.kms.katalon.core.webui.model.SeleniumActionRetryController.performAction(SeleniumActionRetryController.java:96)\n\tat com.kms.katalon.core.webui.model.SeleniumActionRetryController.performAction(SeleniumActionRetryController.java:83)\n\tat com.kms.katalon.core.webui.keyword.internal.WebUIKeywordMain$_runKeywordUntilTimeout_closure1.doCall(WebUIKeywordMain.groovy:135)\n\tat com.kms.katalon.core.webui.keyword.internal.WebUIKeywordMain$_runKeywordUntilTimeout_closure1.call(WebUIKeywordMain.groovy)\n\tat com.kms.katalon.core.webui.keyword.internal.WebUIKeywordMain.runKeyword(WebUIKeywordMain.groovy:41)\n\tat com.kms.katalon.core.webui.keyword.internal.WebUIKeywordMain.runKeywordUntilTimeout(WebUIKeywordMain.groovy:133)\n\tat com.kms.katalon.core.webui.keyword.builtin.ClickKeyword.click(ClickKeyword.groovy:72)\n\tat com.kms.katalon.core.webui.keyword.builtin.ClickKeyword.execute(ClickKeyword.groovy:38)\n\tat com.kms.katalon.core.keyword.internal.KeywordExecutor.executeKeywordForPlatform(KeywordExecutor.groovy:99)\n\tat com.kms.katalon.core.webui.keyword.WebUiBuiltInKeywords.click(WebUiBuiltInKeywords.groovy:722)\n\tat Script1778123772073.run(Script1778123772073.groovy:24)\n\t... 14 more\n)
2026-05-07 11:10:04.932 ERROR c.k.katalon.core.main.TestCaseExecutor   - ❌ Test Cases/Login Verification/Login with invalid credentials FAILED.\nReason:\ncom.kms.katalon.core.exception.StepFailedException: Unable to click on object 'Object Repository/Login with invalid credentials/Page_QWERTY E-Commerce/email_field'\n\tat com.kms.katalon.core.webui.keyword.internal.WebUIKeywordMain.stepFailed(WebUIKeywordMain.groovy:177)\n\tat com.kms.katalon.core.webui.keyword.internal.WebUIKeywordMain.runKeyword(WebUIKeywordMain.groovy:49)\n\tat com.kms.katalon.core.webui.keyword.internal.WebUIKeywordMain.runKeywordUntilTimeout(WebUIKeywordMain.groovy:133)\n\tat com.kms.katalon.core.webui.keyword.builtin.ClickKeyword.click(ClickKeyword.groovy:72)\n\tat com.kms.katalon.core.webui.keyword.builtin.ClickKeyword.execute(ClickKeyword.groovy:38)\n\tat com.kms.katalon.core.keyword.internal.KeywordExecutor.executeKeywordForPlatform(KeywordExecutor.groovy:99)\n\tat com.kms.katalon.core.webui.keyword.WebUiBuiltInKeywords.click(WebUiBuiltInKeywords.groovy:722)\n\tat Login with invalid credentials.run(Login with invalid credentials:24)\n\tat com.kms.katalon.core.main.ScriptEngine.run(ScriptEngine.java:203)\n\tat com.kms.katalon.core.main.ScriptEngine.runScriptAsRawText(ScriptEngine.java:115)\n\tat com.kms.katalon.core.main.TestCaseExecutor.runScript(TestCaseExecutor.java:504)\n\tat com.kms.katalon.core.main.TestCaseExecutor.doExecute(TestCaseExecutor.java:495)\n\tat com.kms.katalon.core.main.TestCaseExecutor.processExecutionPhase(TestCaseExecutor.java:474)\n\tat com.kms.katalon.core.main.TestCaseExecutor.accessMainPhase(TestCaseExecutor.java:466)\n\tat com.kms.katalon.core.main.TestCaseExecutor.execute(TestCaseExecutor.java:336)\n\tat com.kms.katalon.core.main.TestCaseExecutor.execute(TestCaseExecutor.java:424)\n\tat com.kms.katalon.core.common.CommonExecutor.accessTestCaseMainPhase(CommonExecutor.java:71)\n\tat com.kms.katalon.core.main.TestSuiteExecutor.accessTestSuiteMainPhase(TestSuiteExecutor.java:153)\n\tat com.kms.katalon.core.main.TestSuiteExecutor.execute(TestSuiteExecutor.java:110)\n\tat com.kms.katalon.core.main.TestCaseMain.startTestSuite(TestCaseMain.java:206)\n\tat S0507_3.run(S0507_3.groovy:40)\n\tat java.base/jdk.internal.reflect.DirectMethodHandleAccessor.invoke(DirectMethodHandleAccessor.java:103)\nCaused by: com.kms.katalon.core.webui.exception.WebElementNotFoundException: Web element with id: 'Object Repository/Login with invalid credentials/Page_QWERTY E-Commerce/email_field' located by 'By.xpath: //*[@data-testid = 'login-email-input']' not found\n\tat com.kms.katalon.core.webui.model.WebUiElementFinder.findElementByNormalMethods(WebUiElementFinder.java:198)\n\tat com.kms.katalon.core.webui.model.WebUiElementFinder.findElementsBySelectedMethod(WebUiElementFinder.java:96)\n\tat com.kms.katalon.core.webui.model.WebUiElementFinder.findElementsBySelectedMethod(WebUiElementFinder.java:79)\n\tat com.kms.katalon.core.webui.model.WebUiElementFinder.findElementsBySelectedMethod(WebUiElementFinder.java:74)\n\tat com.kms.katalon.core.webui.model.WebUiElementFinder.findElement(WebUiElementFinder.java:48)\n\tat com.kms.katalon.core.webui.model.WebUiElementFinderWithTimeout.basicFindElement(WebUiElementFinderWithTimeout.java:51)\n\tat com.kms.katalon.core.webui.model.WebUiElementFinderWithTimeout.lambda$0(WebUiElementFinderWithTimeout.java:29)\n\tat com.kms.katalon.core.webui.model.SeleniumActionRetryController.performAction(SeleniumActionRetryController.java:96)\n\tat com.kms.katalon.core.webui.model.SeleniumActionRetryController.performAction(SeleniumActionRetryController.java:83)\n\tat com.kms.katalon.core.webui.model.WebUiElementFinderWithTimeout.findElement(WebUiElementFinderWithTimeout.java:28)\n\tat com.kms.katalon.core.webui.keyword.internal.WebUIAbstractKeyword.lambda$1(WebUIAbstractKeyword.java:119)\n\tat com.kms.katalon.core.webui.model.SeleniumActionRetryController.performAction(SeleniumActionRetryController.java:96)\n\tat com.kms.katalon.core.webui.model.SeleniumActionRetryController.performAction(SeleniumActionRetryController.java:83)\n\tat com.kms.katalon.core.webui.model.SeleniumActionRetryController.retry(SeleniumActionRetryController.java:49)\n\tat com.kms.katalon.core.webui.model.SeleniumActionRetryController.retry(SeleniumActionRetryController.java:44)\n\tat com.kms.katalon.core.webui.keyword.internal.WebUIAbstractKeyword.findWebElement(WebUIAbstractKeyword.java:116)\n\tat com.kms.katalon.core.webui.keyword.builtin.ClickKeyword$_click_closure1.doCall(ClickKeyword.groovy:52)\n\tat java.base/jdk.internal.reflect.DirectMethodHandleAccessor.invoke(DirectMethodHandleAccessor.java:103)\n\tat jdk.proxy2/jdk.proxy2.$Proxy56.execute(Unknown Source)\n\tat com.kms.katalon.core.webui.model.SeleniumActionRetryController.performAction(SeleniumActionRetryController.java:96)\n\tat com.kms.katalon.core.webui.model.SeleniumActionRetryController.performAction(SeleniumActionRetryController.java:83)\n\tat com.kms.katalon.core.webui.keyword.internal.WebUIKeywordMain$_runKeywordUntilTimeout_closure1.doCall(WebUIKeywordMain.groovy:135)\n\tat com.kms.katalon.core.webui.keyword.internal.WebUIKeywordMain$_runKeywordUntilTimeout_closure1.call(WebUIKeywordMain.groovy)\n\tat com.kms.katalon.core.webui.keyword.internal.WebUIKeywordMain.runKeyword(WebUIKeywordMain.groovy:41)\n\t... 20 more\n
2026-05-07 11:10:04.932 INFO  c.k.katalon.core.main.TestCaseExecutor   - END Test Cases/Login Verification/Login with invalid credentials
2026-05-07 11:10:04.933 INFO  c.k.katalon.core.main.TestCaseExecutor   - --------------------
2026-05-07 11:10:04.933 INFO  c.k.katalon.core.main.TestCaseExecutor   - START Test Cases/Login Verification/Login with invalid credentials - Retry attempt 2
2026-05-07 11:10:04.938 DEBUG t.Login with invalid credentials         - 1: openBrowser("")
2026-05-07 11:10:04.939 WARN  c.k.k.core.webui.driver.DriverFactory    - A browser is already opened. Closing browser and opening a new one
2026-05-07 11:10:21.555 INFO  c.k.k.core.webui.driver.DriverFactory    - Starting 'Chrome' driver
2026-05-07 11:10:21.557 INFO  c.k.k.core.webui.driver.DriverFactory    - Action delay is set to 0 milliseconds
2026-05-07 11:10:22.490 INFO  c.k.k.core.webui.driver.DriverFactory    - sessionId = 4b481dc2d66cd7a1134b9a72d159df8f
2026-05-07 11:10:22.491 INFO  c.k.k.core.webui.driver.DriverFactory    - browser = Chrome 147.0.7727.138
2026-05-07 11:10:22.491 INFO  c.k.k.core.webui.driver.DriverFactory    - platform = Mac OS X
2026-05-07 11:10:22.491 INFO  c.k.k.core.webui.driver.DriverFactory    - seleniumVersion = 4.39.0
2026-05-07 11:10:22.491 INFO  c.k.k.core.webui.driver.DriverFactory    - proxyInformation = ProxyInformation { proxyOption=NO_PROXY, proxyServerType=HTTP, username=, password=********, proxyServerAddress=, proxyServerPort=0, executionList="", isApplyToDesiredCapabilities=true }
2026-05-07 11:10:22.495 DEBUG t.Login with invalid credentials         - 2: navigateToUrl("https://qwerty.abiyyu.xyz/")
2026-05-07 11:10:23.594 DEBUG t.Login with invalid credentials         - 3: click(findTestObject("Login with invalid credentials/Page_QWERTY E-Commerce/email_field"))
2026-05-07 11:10:33.607 INFO  c.k.s.e.healers.SelfHealingPipeline      - [AI Self-Healing] Recovering element locator by using AI Self-Healing...
> Remove hidden elements: 40,471 -> 10,956 (-73.22%)
> Remove next siblings: 10,956 -> 10,956 (-0%)
> Remove redundant parents: 10,956 -> 10,956 (-0%)
> Remove event handler attributes: 10,956 -> 10,956 (-0%)
> Trim long attributes: 10,956 -> 10,400 (-1.38%)
> Trim long text: 10,400 -> 10,383 (-0.04%)
> Minify HTML syntax: 10,383 -> 9,989 (-0.98%)
>>> Total: 40,308 -> 10,383 (-74.24%)
2026-05-07 11:10:39.973 INFO  c.k.s.e.healers.SelfHealingPipeline      - [AI Self-Healing] No possible locators found
2026-05-07 11:10:40.295 ERROR c.k.k.core.keyword.internal.KeywordMain  - ❌ Unable to click on object 'Object Repository/Login with invalid credentials/Page_QWERTY E-Commerce/email_field' (Root cause: com.kms.katalon.core.exception.StepFailedException: Unable to click on object 'Object Repository/Login with invalid credentials/Page_QWERTY E-Commerce/email_field'\n\tat com.kms.katalon.core.webui.keyword.internal.WebUIKeywordMain.stepFailed(WebUIKeywordMain.groovy:177)\n\tat com.kms.katalon.core.webui.keyword.internal.WebUIKeywordMain.runKeyword(WebUIKeywordMain.groovy:49)\n\tat com.kms.katalon.core.webui.keyword.internal.WebUIKeywordMain.runKeywordUntilTimeout(WebUIKeywordMain.groovy:133)\n\tat com.kms.katalon.core.webui.keyword.builtin.ClickKeyword.click(ClickKeyword.groovy:72)\n\tat com.kms.katalon.core.webui.keyword.builtin.ClickKeyword.execute(ClickKeyword.groovy:38)\n\tat com.kms.katalon.core.keyword.internal.KeywordExecutor.executeKeywordForPlatform(KeywordExecutor.groovy:99)\n\tat com.kms.katalon.core.webui.keyword.WebUiBuiltInKeywords.click(WebUiBuiltInKeywords.groovy:722)\n\tat Login with invalid credentials.run(Login with invalid credentials:24)\n\tat com.kms.katalon.core.main.ScriptEngine.run(ScriptEngine.java:203)\n\tat com.kms.katalon.core.main.ScriptEngine.runScriptAsRawText(ScriptEngine.java:115)\n\tat com.kms.katalon.core.main.TestCaseExecutor.runScript(TestCaseExecutor.java:504)\n\tat com.kms.katalon.core.main.TestCaseExecutor.doExecute(TestCaseExecutor.java:495)\n\tat com.kms.katalon.core.main.TestCaseExecutor.processExecutionPhase(TestCaseExecutor.java:474)\n\tat com.kms.katalon.core.main.TestCaseExecutor.accessMainPhase(TestCaseExecutor.java:466)\n\tat com.kms.katalon.core.main.TestCaseExecutor.execute(TestCaseExecutor.java:336)\n\tat com.kms.katalon.core.main.TestCaseExecutor.execute(TestCaseExecutor.java:424)\n\tat com.kms.katalon.core.main.TestCaseExecutor.execute(TestCaseExecutor.java:424)\n\tat com.kms.katalon.core.common.CommonExecutor.accessTestCaseMainPhase(CommonExecutor.java:71)\n\tat com.kms.katalon.core.main.TestSuiteExecutor.accessTestSuiteMainPhase(TestSuiteExecutor.java:153)\n\tat com.kms.katalon.core.main.TestSuiteExecutor.execute(TestSuiteExecutor.java:110)\n\tat com.kms.katalon.core.main.TestCaseMain.startTestSuite(TestCaseMain.java:206)\n\tat S0507_3.run(S0507_3.groovy:40)\n\tat java.base/jdk.internal.reflect.DirectMethodHandleAccessor.invoke(DirectMethodHandleAccessor.java:103)\nCaused by: com.kms.katalon.core.webui.exception.WebElementNotFoundException: Web element with id: 'Object Repository/Login with invalid credentials/Page_QWERTY E-Commerce/email_field' located by 'By.xpath: //*[@data-testid = 'login-email-input']' not found\n\tat com.kms.katalon.core.webui.model.WebUiElementFinder.findElementByNormalMethods(WebUiElementFinder.java:198)\n\tat com.kms.katalon.core.webui.model.WebUiElementFinder.findElementsBySelectedMethod(WebUiElementFinder.java:96)\n\tat com.kms.katalon.core.webui.model.WebUiElementFinder.findElementsBySelectedMethod(WebUiElementFinder.java:79)\n\tat com.kms.katalon.core.webui.model.WebUiElementFinder.findElementsBySelectedMethod(WebUiElementFinder.java:74)\n\tat com.kms.katalon.core.webui.model.WebUiElementFinder.findElement(WebUiElementFinder.java:48)\n\tat com.kms.katalon.core.webui.model.WebUiElementFinderWithTimeout.basicFindElement(WebUiElementFinderWithTimeout.java:51)\n\tat com.kms.katalon.core.webui.model.WebUiElementFinderWithTimeout.lambda$0(WebUiElementFinderWithTimeout.java:29)\n\tat com.kms.katalon.core.webui.model.SeleniumActionRetryController.performAction(SeleniumActionRetryController.java:96)\n\tat com.kms.katalon.core.webui.model.SeleniumActionRetryController.performAction(SeleniumActionRetryController.java:83)\n\tat com.kms.katalon.core.webui.model.WebUiElementFinderWithTimeout.findElement(WebUiElementFinderWithTimeout.java:28)\n\tat com.kms.katalon.core.webui.keyword.internal.WebUIAbstractKeyword.lambda$1(WebUIAbstractKeyword.java:119)\n\tat com.kms.katalon.core.webui.model.SeleniumActionRetryController.performAction(SeleniumActionRetryController.java:96)\n\tat com.kms.katalon.core.webui.model.SeleniumActionRetryController.performAction(SeleniumActionRetryController.java:83)\n\tat com.kms.katalon.core.webui.model.SeleniumActionRetryController.retry(SeleniumActionRetryController.java:49)\n\tat com.kms.katalon.core.webui.model.SeleniumActionRetryController.retry(SeleniumActionRetryController.java:44)\n\tat com.kms.katalon.core.webui.keyword.internal.WebUIAbstractKeyword.findWebElement(WebUIAbstractKeyword.java:116)\n\tat com.kms.katalon.core.webui.keyword.builtin.ClickKeyword$_click_closure1.doCall(ClickKeyword.groovy:52)\n\tat java.base/jdk.internal.reflect.DirectMethodHandleAccessor.invoke(DirectMethodHandleAccessor.java:103)\n\tat jdk.proxy2/jdk.proxy2.$Proxy56.execute(Unknown Source)\n\tat com.kms.katalon.core.webui.model.SeleniumActionRetryController.performAction(SeleniumActionRetryController.java:96)\n\tat com.kms.katalon.core.webui.model.SeleniumActionRetryController.performAction(SeleniumActionRetryController.java:83)\n\tat com.kms.katalon.core.webui.keyword.internal.WebUIKeywordMain$_runKeywordUntilTimeout_closure1.doCall(WebUIKeywordMain.groovy:135)\n\tat com.kms.katalon.core.webui.keyword.internal.WebUIKeywordMain$_runKeywordUntilTimeout_closure1.call(WebUIKeywordMain.groovy)\n\tat com.kms.katalon.core.webui.keyword.internal.WebUIKeywordMain.runKeyword(WebUIKeywordMain.groovy:41)\n\tat com.kms.katalon.core.webui.keyword.internal.WebUIKeywordMain.runKeywordUntilTimeout(WebUIKeywordMain.groovy:133)\n\tat com.kms.katalon.core.webui.keyword.builtin.ClickKeyword.click(ClickKeyword.groovy:72)\n\tat com.kms.katalon.core.webui.keyword.builtin.ClickKeyword.execute(ClickKeyword.groovy:38)\n\tat com.kms.katalon.core.keyword.internal.KeywordExecutor.executeKeywordForPlatform(KeywordExecutor.groovy:99)\n\tat com.kms.katalon.core.webui.keyword.WebUiBuiltInKeywords.click(WebUiBuiltInKeywords.groovy:722)\n\tat Script1778123772073.run(Script1778123772073.groovy:24)\n\t... 15 more\n)
2026-05-07 11:10:40.295 ERROR c.k.katalon.core.main.TestCaseExecutor   - ❌ Test Cases/Login Verification/Login with invalid credentials FAILED.\nReason:\ncom.kms.katalon.core.exception.StepFailedException: Unable to click on object 'Object Repository/Login with invalid credentials/Page_QWERTY E-Commerce/email_field'\n\tat com.kms.katalon.core.webui.keyword.internal.WebUIKeywordMain.stepFailed(WebUIKeywordMain.groovy:177)\n\tat com.kms.katalon.core.webui.keyword.internal.WebUIKeywordMain.runKeyword(WebUIKeywordMain.groovy:49)\n\tat com.kms.katalon.core.webui.keyword.internal.WebUIKeywordMain.runKeywordUntilTimeout(WebUIKeywordMain.groovy:133)\n\tat com.kms.katalon.core.webui.keyword.builtin.ClickKeyword.click(ClickKeyword.groovy:72)\n\tat com.kms.katalon.core.webui.keyword.builtin.ClickKeyword.execute(ClickKeyword.groovy:38)\n\tat com.kms.katalon.core.keyword.internal.KeywordExecutor.executeKeywordForPlatform(KeywordExecutor.groovy:99)\n\tat com.kms.katalon.core.webui.keyword.WebUiBuiltInKeywords.click(WebUiBuiltInKeywords.groovy:722)\n\tat Login with invalid credentials.run(Login with invalid credentials:24)\n\tat com.kms.katalon.core.main.ScriptEngine.run(ScriptEngine.java:203)\n\tat com.kms.katalon.core.main.ScriptEngine.runScriptAsRawText(ScriptEngine.java:115)\n\tat com.kms.katalon.core.main.TestCaseExecutor.runScript(TestCaseExecutor.java:504)\n\tat com.kms.katalon.core.main.TestCaseExecutor.doExecute(TestCaseExecutor.java:495)\n\tat com.kms.katalon.core.main.TestCaseExecutor.processExecutionPhase(TestCaseExecutor.java:474)\n\tat com.kms.katalon.core.main.TestCaseExecutor.accessMainPhase(TestCaseExecutor.java:466)\n\tat com.kms.katalon.core.main.TestCaseExecutor.execute(TestCaseExecutor.java:336)\n\tat com.kms.katalon.core.main.TestCaseExecutor.execute(TestCaseExecutor.java:424)\n\tat com.kms.katalon.core.main.TestCaseExecutor.execute(TestCaseExecutor.java:424)\n\tat com.kms.katalon.core.common.CommonExecutor.accessTestCaseMainPhase(CommonExecutor.java:71)\n\tat com.kms.katalon.core.main.TestSuiteExecutor.accessTestSuiteMainPhase(TestSuiteExecutor.java:153)\n\tat com.kms.katalon.core.main.TestSuiteExecutor.execute(TestSuiteExecutor.java:110)\n\tat com.kms.katalon.core.main.TestCaseMain.startTestSuite(TestCaseMain.java:206)\n\tat S0507_3.run(S0507_3.groovy:40)\n\tat java.base/jdk.internal.reflect.DirectMethodHandleAccessor.invoke(DirectMethodHandleAccessor.java:103)\nCaused by: com.kms.katalon.core.webui.exception.WebElementNotFoundException: Web element with id: 'Object Repository/Login with invalid credentials/Page_QWERTY E-Commerce/email_field' located by 'By.xpath: //*[@data-testid = 'login-email-input']' not found\n\tat com.kms.katalon.core.webui.model.WebUiElementFinder.findElementByNormalMethods(WebUiElementFinder.java:198)\n\tat com.kms.katalon.core.webui.model.WebUiElementFinder.findElementsBySelectedMethod(WebUiElementFinder.java:96)\n\tat com.kms.katalon.core.webui.model.WebUiElementFinder.findElementsBySelectedMethod(WebUiElementFinder.java:79)\n\tat com.kms.katalon.core.webui.model.WebUiElementFinder.findElementsBySelectedMethod(WebUiElementFinder.java:74)\n\tat com.kms.katalon.core.webui.model.WebUiElementFinder.findElement(WebUiElementFinder.java:48)\n\tat com.kms.katalon.core.webui.model.WebUiElementFinderWithTimeout.basicFindElement(WebUiElementFinderWithTimeout.java:51)\n\tat com.kms.katalon.core.webui.model.WebUiElementFinderWithTimeout.lambda$0(WebUiElementFinderWithTimeout.java:29)\n\tat com.kms.katalon.core.webui.model.SeleniumActionRetryController.performAction(SeleniumActionRetryController.java:96)\n\tat com.kms.katalon.core.webui.model.SeleniumActionRetryController.performAction(SeleniumActionRetryController.java:83)\n\tat com.kms.katalon.core.webui.model.WebUiElementFinderWithTimeout.findElement(WebUiElementFinderWithTimeout.java:28)\n\tat com.kms.katalon.core.webui.keyword.internal.WebUIAbstractKeyword.lambda$1(WebUIAbstractKeyword.java:119)\n\tat com.kms.katalon.core.webui.model.SeleniumActionRetryController.performAction(SeleniumActionRetryController.java:96)\n\tat com.kms.katalon.core.webui.model.SeleniumActionRetryController.performAction(SeleniumActionRetryController.java:83)\n\tat com.kms.katalon.core.webui.model.SeleniumActionRetryController.retry(SeleniumActionRetryController.java:49)\n\tat com.kms.katalon.core.webui.model.SeleniumActionRetryController.retry(SeleniumActionRetryController.java:44)\n\tat com.kms.katalon.core.webui.keyword.internal.WebUIAbstractKeyword.findWebElement(WebUIAbstractKeyword.java:116)\n\tat com.kms.katalon.core.webui.keyword.builtin.ClickKeyword$_click_closure1.doCall(ClickKeyword.groovy:52)\n\tat java.base/jdk.internal.reflect.DirectMethodHandleAccessor.invoke(DirectMethodHandleAccessor.java:103)\n\tat jdk.proxy2/jdk.proxy2.$Proxy56.execute(Unknown Source)\n\tat com.kms.katalon.core.webui.model.SeleniumActionRetryController.performAction(SeleniumActionRetryController.java:96)\n\tat com.kms.katalon.core.webui.model.SeleniumActionRetryController.performAction(SeleniumActionRetryController.java:83)\n\tat com.kms.katalon.core.webui.keyword.internal.WebUIKeywordMain$_runKeywordUntilTimeout_closure1.doCall(WebUIKeywordMain.groovy:135)\n\tat com.kms.katalon.core.webui.keyword.internal.WebUIKeywordMain$_runKeywordUntilTimeout_closure1.call(WebUIKeywordMain.groovy)\n\tat com.kms.katalon.core.webui.keyword.internal.WebUIKeywordMain.runKeyword(WebUIKeywordMain.groovy:41)\n\t... 21 more\n
2026-05-07 11:10:40.296 INFO  c.k.katalon.core.main.TestCaseExecutor   - END Test Cases/Login Verification/Login with invalid credentials
2026-05-07 11:10:40.297 INFO  c.k.katalon.core.main.TestCaseExecutor   - --------------------
2026-05-07 11:10:40.297 INFO  c.k.katalon.core.main.TestCaseExecutor   - START Test Cases/Login Verification/Login with invalid credentials - Retry attempt 3
2026-05-07 11:10:40.301 DEBUG t.Login with invalid credentials         - 1: openBrowser("")
2026-05-07 11:10:40.302 WARN  c.k.k.core.webui.driver.DriverFactory    - A browser is already opened. Closing browser and opening a new one
2026-05-07 11:10:40.387 INFO  c.k.k.core.webui.driver.DriverFactory    - Starting 'Chrome' driver
2026-05-07 11:10:40.388 INFO  c.k.k.core.webui.driver.DriverFactory    - Action delay is set to 0 milliseconds
2026-05-07 11:10:41.655 INFO  c.k.k.core.webui.driver.DriverFactory    - sessionId = 572224caa4df4ad729793b87c6a0db04
2026-05-07 11:10:41.655 INFO  c.k.k.core.webui.driver.DriverFactory    - browser = Chrome 147.0.7727.138
2026-05-07 11:10:41.655 INFO  c.k.k.core.webui.driver.DriverFactory    - platform = Mac OS X
2026-05-07 11:10:41.655 INFO  c.k.k.core.webui.driver.DriverFactory    - seleniumVersion = 4.39.0
2026-05-07 11:10:41.655 INFO  c.k.k.core.webui.driver.DriverFactory    - proxyInformation = ProxyInformation { proxyOption=NO_PROXY, proxyServerType=HTTP, username=, password=********, proxyServerAddress=, proxyServerPort=0, executionList="", isApplyToDesiredCapabilities=true }
2026-05-07 11:10:41.659 DEBUG t.Login with invalid credentials         - 2: navigateToUrl("https://qwerty.abiyyu.xyz/")
2026-05-07 11:10:42.901 DEBUG t.Login with invalid credentials         - 3: click(findTestObject("Login with invalid credentials/Page_QWERTY E-Commerce/email_field"))
2026-05-07 11:10:53.014 INFO  c.k.s.e.healers.SelfHealingPipeline      - [AI Self-Healing] Recovering element locator by using AI Self-Healing...
> Remove hidden elements: 40,471 -> 10,956 (-73.22%)
> Remove next siblings: 10,956 -> 10,956 (-0%)
> Remove redundant parents: 10,956 -> 10,956 (-0%)
> Remove event handler attributes: 10,956 -> 10,956 (-0%)
> Trim long attributes: 10,956 -> 10,400 (-1.38%)
> Trim long text: 10,400 -> 10,383 (-0.04%)
> Minify HTML syntax: 10,383 -> 9,989 (-0.98%)
>>> Total: 40,308 -> 10,383 (-74.24%)
2026-05-07 11:10:58.980 INFO  c.k.s.e.healers.SelfHealingPipeline      - [AI Self-Healing] No possible locators found
2026-05-07 11:10:59.323 ERROR c.k.k.core.keyword.internal.KeywordMain  - ❌ Unable to click on object 'Object Repository/Login with invalid credentials/Page_QWERTY E-Commerce/email_field' (Root cause: com.kms.katalon.core.exception.StepFailedException: Unable to click on object 'Object Repository/Login with invalid credentials/Page_QWERTY E-Commerce/email_field'\n\tat com.kms.katalon.core.webui.keyword.internal.WebUIKeywordMain.stepFailed(WebUIKeywordMain.groovy:177)\n\tat com.kms.katalon.core.webui.keyword.internal.WebUIKeywordMain.runKeyword(WebUIKeywordMain.groovy:49)\n\tat com.kms.katalon.core.webui.keyword.internal.WebUIKeywordMain.runKeywordUntilTimeout(WebUIKeywordMain.groovy:133)\n\tat com.kms.katalon.core.webui.keyword.builtin.ClickKeyword.click(ClickKeyword.groovy:72)\n\tat com.kms.katalon.core.webui.keyword.builtin.ClickKeyword.execute(ClickKeyword.groovy:38)\n\tat com.kms.katalon.core.keyword.internal.KeywordExecutor.executeKeywordForPlatform(KeywordExecutor.groovy:99)\n\tat com.kms.katalon.core.webui.keyword.WebUiBuiltInKeywords.click(WebUiBuiltInKeywords.groovy:722)\n\tat Login with invalid credentials.run(Login with invalid credentials:24)\n\tat com.kms.katalon.core.main.ScriptEngine.run(ScriptEngine.java:203)\n\tat com.kms.katalon.core.main.ScriptEngine.runScriptAsRawText(ScriptEngine.java:115)\n\tat com.kms.katalon.core.main.TestCaseExecutor.runScript(TestCaseExecutor.java:504)\n\tat com.kms.katalon.core.main.TestCaseExecutor.doExecute(TestCaseExecutor.java:495)\n\tat com.kms.katalon.core.main.TestCaseExecutor.processExecutionPhase(TestCaseExecutor.java:474)\n\tat com.kms.katalon.core.main.TestCaseExecutor.accessMainPhase(TestCaseExecutor.java:466)\n\tat com.kms.katalon.core.main.TestCaseExecutor.execute(TestCaseExecutor.java:336)\n\tat com.kms.katalon.core.main.TestCaseExecutor.execute(TestCaseExecutor.java:424)\n\tat com.kms.katalon.core.main.TestCaseExecutor.execute(TestCaseExecutor.java:424)\n\tat com.kms.katalon.core.main.TestCaseExecutor.execute(TestCaseExecutor.java:424)\n\tat com.kms.katalon.core.common.CommonExecutor.accessTestCaseMainPhase(CommonExecutor.java:71)\n\tat com.kms.katalon.core.main.TestSuiteExecutor.accessTestSuiteMainPhase(TestSuiteExecutor.java:153)\n\tat com.kms.katalon.core.main.TestSuiteExecutor.execute(TestSuiteExecutor.java:110)\n\tat com.kms.katalon.core.main.TestCaseMain.startTestSuite(TestCaseMain.java:206)\n\tat S0507_3.run(S0507_3.groovy:40)\n\tat java.base/jdk.internal.reflect.DirectMethodHandleAccessor.invoke(DirectMethodHandleAccessor.java:103)\nCaused by: com.kms.katalon.core.webui.exception.WebElementNotFoundException: Web element with id: 'Object Repository/Login with invalid credentials/Page_QWERTY E-Commerce/email_field' located by 'By.xpath: //*[@data-testid = 'login-email-input']' not found\n\tat com.kms.katalon.core.webui.model.WebUiElementFinder.findElementByNormalMethods(WebUiElementFinder.java:198)\n\tat com.kms.katalon.core.webui.model.WebUiElementFinder.findElementsBySelectedMethod(WebUiElementFinder.java:96)\n\tat com.kms.katalon.core.webui.model.WebUiElementFinder.findElementsBySelectedMethod(WebUiElementFinder.java:79)\n\tat com.kms.katalon.core.webui.model.WebUiElementFinder.findElementsBySelectedMethod(WebUiElementFinder.java:74)\n\tat com.kms.katalon.core.webui.model.WebUiElementFinder.findElement(WebUiElementFinder.java:48)\n\tat com.kms.katalon.core.webui.model.WebUiElementFinderWithTimeout.basicFindElement(WebUiElementFinderWithTimeout.java:51)\n\tat com.kms.katalon.core.webui.model.WebUiElementFinderWithTimeout.lambda$0(WebUiElementFinderWithTimeout.java:29)\n\tat com.kms.katalon.core.webui.model.SeleniumActionRetryController.performAction(SeleniumActionRetryController.java:96)\n\tat com.kms.katalon.core.webui.model.SeleniumActionRetryController.performAction(SeleniumActionRetryController.java:83)\n\tat com.kms.katalon.core.webui.model.WebUiElementFinderWithTimeout.findElement(WebUiElementFinderWithTimeout.java:28)\n\tat com.kms.katalon.core.webui.keyword.internal.WebUIAbstractKeyword.lambda$1(WebUIAbstractKeyword.java:119)\n\tat com.kms.katalon.core.webui.model.SeleniumActionRetryController.performAction(SeleniumActionRetryController.java:96)\n\tat com.kms.katalon.core.webui.model.SeleniumActionRetryController.performAction(SeleniumActionRetryController.java:83)\n\tat com.kms.katalon.core.webui.model.SeleniumActionRetryController.retry(SeleniumActionRetryController.java:49)\n\tat com.kms.katalon.core.webui.model.SeleniumActionRetryController.retry(SeleniumActionRetryController.java:44)\n\tat com.kms.katalon.core.webui.keyword.internal.WebUIAbstractKeyword.findWebElement(WebUIAbstractKeyword.java:116)\n\tat com.kms.katalon.core.webui.keyword.builtin.ClickKeyword$_click_closure1.doCall(ClickKeyword.groovy:52)\n\tat java.base/jdk.internal.reflect.DirectMethodHandleAccessor.invoke(DirectMethodHandleAccessor.java:103)\n\tat jdk.proxy2/jdk.proxy2.$Proxy56.execute(Unknown Source)\n\tat com.kms.katalon.core.webui.model.SeleniumActionRetryController.performAction(SeleniumActionRetryController.java:96)\n\tat com.kms.katalon.core.webui.model.SeleniumActionRetryController.performAction(SeleniumActionRetryController.java:83)\n\tat com.kms.katalon.core.webui.keyword.internal.WebUIKeywordMain$_runKeywordUntilTimeout_closure1.doCall(WebUIKeywordMain.groovy:135)\n\tat com.kms.katalon.core.webui.keyword.internal.WebUIKeywordMain$_runKeywordUntilTimeout_closure1.call(WebUIKeywordMain.groovy)\n\tat com.kms.katalon.core.webui.keyword.internal.WebUIKeywordMain.runKeyword(WebUIKeywordMain.groovy:41)\n\tat com.kms.katalon.core.webui.keyword.internal.WebUIKeywordMain.runKeywordUntilTimeout(WebUIKeywordMain.groovy:133)\n\tat com.kms.katalon.core.webui.keyword.builtin.ClickKeyword.click(ClickKeyword.groovy:72)\n\tat com.kms.katalon.core.webui.keyword.builtin.ClickKeyword.execute(ClickKeyword.groovy:38)\n\tat com.kms.katalon.core.keyword.internal.KeywordExecutor.executeKeywordForPlatform(KeywordExecutor.groovy:99)\n\tat com.kms.katalon.core.webui.keyword.WebUiBuiltInKeywords.click(WebUiBuiltInKeywords.groovy:722)\n\tat Script1778123772073.run(Script1778123772073.groovy:24)\n\t... 16 more\n)
2026-05-07 11:10:59.325 ERROR c.k.katalon.core.main.TestCaseExecutor   - ❌ Test Cases/Login Verification/Login with invalid credentials FAILED.\nReason:\ncom.kms.katalon.core.exception.StepFailedException: Unable to click on object 'Object Repository/Login with invalid credentials/Page_QWERTY E-Commerce/email_field'\n\tat com.kms.katalon.core.webui.keyword.internal.WebUIKeywordMain.stepFailed(WebUIKeywordMain.groovy:177)\n\tat com.kms.katalon.core.webui.keyword.internal.WebUIKeywordMain.runKeyword(WebUIKeywordMain.groovy:49)\n\tat com.kms.katalon.core.webui.keyword.internal.WebUIKeywordMain.runKeywordUntilTimeout(WebUIKeywordMain.groovy:133)\n\tat com.kms.katalon.core.webui.keyword.builtin.ClickKeyword.click(ClickKeyword.groovy:72)\n\tat com.kms.katalon.core.webui.keyword.builtin.ClickKeyword.execute(ClickKeyword.groovy:38)\n\tat com.kms.katalon.core.keyword.internal.KeywordExecutor.executeKeywordForPlatform(KeywordExecutor.groovy:99)\n\tat com.kms.katalon.core.webui.keyword.WebUiBuiltInKeywords.click(WebUiBuiltInKeywords.groovy:722)\n\tat Login with invalid credentials.run(Login with invalid credentials:24)\n\tat com.kms.katalon.core.main.ScriptEngine.run(ScriptEngine.java:203)\n\tat com.kms.katalon.core.main.ScriptEngine.runScriptAsRawText(ScriptEngine.java:115)\n\tat com.kms.katalon.core.main.TestCaseExecutor.runScript(TestCaseExecutor.java:504)\n\tat com.kms.katalon.core.main.TestCaseExecutor.doExecute(TestCaseExecutor.java:495)\n\tat com.kms.katalon.core.main.TestCaseExecutor.processExecutionPhase(TestCaseExecutor.java:474)\n\tat com.kms.katalon.core.main.TestCaseExecutor.accessMainPhase(TestCaseExecutor.java:466)\n\tat com.kms.katalon.core.main.TestCaseExecutor.execute(TestCaseExecutor.java:336)\n\tat com.kms.katalon.core.main.TestCaseExecutor.execute(TestCaseExecutor.java:424)\n\tat com.kms.katalon.core.main.TestCaseExecutor.execute(TestCaseExecutor.java:424)\n\tat com.kms.katalon.core.main.TestCaseExecutor.execute(TestCaseExecutor.java:424)\n\tat com.kms.katalon.core.common.CommonExecutor.accessTestCaseMainPhase(CommonExecutor.java:71)\n\tat com.kms.katalon.core.main.TestSuiteExecutor.accessTestSuiteMainPhase(TestSuiteExecutor.java:153)\n\tat com.kms.katalon.core.main.TestSuiteExecutor.execute(TestSuiteExecutor.java:110)\n\tat com.kms.katalon.core.main.TestCaseMain.startTestSuite(TestCaseMain.java:206)\n\tat S0507_3.run(S0507_3.groovy:40)\n\tat java.base/jdk.internal.reflect.DirectMethodHandleAccessor.invoke(DirectMethodHandleAccessor.java:103)\nCaused by: com.kms.katalon.core.webui.exception.WebElementNotFoundException: Web element with id: 'Object Repository/Login with invalid credentials/Page_QWERTY E-Commerce/email_field' located by 'By.xpath: //*[@data-testid = 'login-email-input']' not found\n\tat com.kms.katalon.core.webui.model.WebUiElementFinder.findElementByNormalMethods(WebUiElementFinder.java:198)\n\tat com.kms.katalon.core.webui.model.WebUiElementFinder.findElementsBySelectedMethod(WebUiElementFinder.java:96)\n\tat com.kms.katalon.core.webui.model.WebUiElementFinder.findElementsBySelectedMethod(WebUiElementFinder.java:79)\n\tat com.kms.katalon.core.webui.model.WebUiElementFinder.findElementsBySelectedMethod(WebUiElementFinder.java:74)\n\tat com.kms.katalon.core.webui.model.WebUiElementFinder.findElement(WebUiElementFinder.java:48)\n\tat com.kms.katalon.core.webui.model.WebUiElementFinderWithTimeout.basicFindElement(WebUiElementFinderWithTimeout.java:51)\n\tat com.kms.katalon.core.webui.model.WebUiElementFinderWithTimeout.lambda$0(WebUiElementFinderWithTimeout.java:29)\n\tat com.kms.katalon.core.webui.model.SeleniumActionRetryController.performAction(SeleniumActionRetryController.java:96)\n\tat com.kms.katalon.core.webui.model.SeleniumActionRetryController.performAction(SeleniumActionRetryController.java:83)\n\tat com.kms.katalon.core.webui.model.WebUiElementFinderWithTimeout.findElement(WebUiElementFinderWithTimeout.java:28)\n\tat com.kms.katalon.core.webui.keyword.internal.WebUIAbstractKeyword.lambda$1(WebUIAbstractKeyword.java:119)\n\tat com.kms.katalon.core.webui.model.SeleniumActionRetryController.performAction(SeleniumActionRetryController.java:96)\n\tat com.kms.katalon.core.webui.model.SeleniumActionRetryController.performAction(SeleniumActionRetryController.java:83)\n\tat com.kms.katalon.core.webui.model.SeleniumActionRetryController.retry(SeleniumActionRetryController.java:49)\n\tat com.kms.katalon.core.webui.model.SeleniumActionRetryController.retry(SeleniumActionRetryController.java:44)\n\tat com.kms.katalon.core.webui.keyword.internal.WebUIAbstractKeyword.findWebElement(WebUIAbstractKeyword.java:116)\n\tat com.kms.katalon.core.webui.keyword.builtin.ClickKeyword$_click_closure1.doCall(ClickKeyword.groovy:52)\n\tat java.base/jdk.internal.reflect.DirectMethodHandleAccessor.invoke(DirectMethodHandleAccessor.java:103)\n\tat jdk.proxy2/jdk.proxy2.$Proxy56.execute(Unknown Source)\n\tat com.kms.katalon.core.webui.model.SeleniumActionRetryController.performAction(SeleniumActionRetryController.java:96)\n\tat com.kms.katalon.core.webui.model.SeleniumActionRetryController.performAction(SeleniumActionRetryController.java:83)\n\tat com.kms.katalon.core.webui.keyword.internal.WebUIKeywordMain$_runKeywordUntilTimeout_closure1.doCall(WebUIKeywordMain.groovy:135)\n\tat com.kms.katalon.core.webui.keyword.internal.WebUIKeywordMain$_runKeywordUntilTimeout_closure1.call(WebUIKeywordMain.groovy)\n\tat com.kms.katalon.core.webui.keyword.internal.WebUIKeywordMain.runKeyword(WebUIKeywordMain.groovy:41)\n\t... 22 more\n
2026-05-07 11:10:59.325 INFO  c.k.katalon.core.main.TestCaseExecutor   - END Test Cases/Login Verification/Login with invalid credentials
2026-05-07 11:10:59.424 INFO  c.k.katalon.core.main.TestSuiteExecutor  - --------------------
2026-05-07 11:10:59.424 INFO  c.k.katalon.core.main.TestSuiteExecutor  - END Test Suites/Login
2026-05-07 11:10:59.424 INFO  c.k.katalon.core.main.TestSuiteExecutor  - ====================
